source,target,weight
00000000,retrofightgamer,2
00_Barbara_00,00_Barbara_00,1
00_Barbara_00,sampson_dog,1
012488BWF884210,ChamberFayette,1
012488BWF884210,FCR_News,1
012488BWF884210,Fayettecountydd,1
012488BWF884210,fayettesheriff1,1
012488BWF884210,goblinshoes,1
06ers,11Yanks,2
07blacksummer,RonFilipkowski,2
0FTHEROSE_,NClemens48,2
0hour9_AM,MichaelSorvino,1
0hour9_AM,MiraSorvino,1
1010XLAG,1010XL,1
10151875_,courierjournal,2
10Ianmc10,NStoolfire,2
10centBeerNite,BrianAd63110405,2
10centBeerNite,wtam1100,1
11evelyns,11evelyns,1
122644,Brink_Thinker,2
123daveblart,1SINSE,2
13013B,fox28columbus,1
13AArintok,13AArintok,1
13Lynchy,BostonDotCom,2
13matkatliz,DaPerl,2
14jallen,Reds,1
1959mcmanus,JesseKellyDC,1
1987leonardo_,LynzforCongress,2
1987leonardo_,lisaanneks,1
19L4dyh4wk73,GeekMid,2
19L4dyh4wk73,sean_est1976,2
1Chi_TownPI,MeidasTouch,2
1Chi_TownPI,MichaelRapaport,1
1Common_Sensei,BBCBreaking,1
1Common_Sensei,prashantchauha_,2
1MillionCupsSBE,IBJnews,2
1ZetaBlu_,ghinesNBA,1
1dmoeland,AriFleischer,2
1flychicken,PittsburghMag,1
1flychicken,btbpgh,1
1flychicken,lorijakiela,1
1flychicken,shansankey,2
1jlhanson,YearRooster,1
1jlhanson,patstill4,2
1sidewinder1956,LeslieG09446596,2
1sidewinder1956,OccupyDemocrats,1
1sprintatatime,1sprintatatime,1
1stPLCuisine,CrazyAboutVegas,1
1stPLCuisine,Efus1220,1
1stPLCuisine,LVMPD,1
1stPLCuisine,PrincessDRH,2
1stevehallett,Dolfandoll,2
1stngoal46,avocigar,1
1sweetlyfierce1,1414Maple,5
1sweetlyfierce1,1sweetlyfierce1,2
1sweetlyfierce1,DaniScotchIrish,5
1sweetlyfierce1,FCC,1
1sweetlyfierce1,Gatoram15,3
1sweetlyfierce1,HSchouten,3
1sweetlyfierce1,JeffreySHarper1,3
1sweetlyfierce1,Lonestarmomcom,3
1sweetlyfierce1,MNTwinsFan47,1
1sweetlyfierce1,MarilynCapps11,3
1sweetlyfierce1,MrsPerrin,7
1sweetlyfierce1,MsMich6,3
1sweetlyfierce1,Six_Texas,3
1sweetlyfierce1,TexHellCat,3
1sweetlyfierce1,TileTony,6
1sweetlyfierce1,WalterLapp,3
1sweetlyfierce1,atrupar,1
1sweetlyfierce1,cachobweeney,5
1sweetlyfierce1,catincoggnito,6
1sweetlyfierce1,katz_mum,6
1sweetlyfierce1,kilmeade,2
1sweetlyfierce1,ninigirl84,5
1sweetlyfierce1,nocovfefehere,3
1sweetlyfierce1,peabodypress,1
1sweetlyfierce1,rodball22,3
1sweetlyfierce1,suziferg0806,3
2001BlakeSt,thekapman,2
2001PhunkySpace,Refused_Stone,1
2001PhunkySpace,hhodges,1
2001PhunkySpace,mollymcnearney,1
2001PhunkySpace,mudmavis,1
2001PhunkySpace,netfacemusic,2
2001PhunkySpace,sevenfootrabbit,2
2156679,KristolePerkins,2
23Johnanderson,26shirts,1
23Johnanderson,DougFlutie,1
23Johnanderson,flutiefdn,1
23Johnanderson,plbsports,1
23Lori,NPR,1
23_abby_93,KevinWeekes,1
2668,googlenews,1
2HG013,DraftKings,1
2HG013,VivaMozElvis,2
2HG013,pghbaseballnow,1
2Strong2Silence,FruitKace,1
2Strong2Silence,GreysonW98,1
2jaywalker,EricMMatheny,2
2nuff4u,ashleysimpo,1
2spyc4you,NoLieWithBTC,1
2spyc4you,joncoopertweets,1
2trimstine,MiamiHerald,1
302nearboss,CBS,1
30kmillionMIA,volvoshine,2
310Bruins,CountdownUcla,2
321549real,ScottWe20438948,2
333JBR777,333JBR777,6
333JBR777,AJENews,1
333JBR777,AbpEtienne,1
333JBR777,AddustourNews,1
333JBR777,AkordaPress,1
333JBR777,AlAnba_Business,1
333JBR777,AlMasryAlYoum,1
333JBR777,AmbRice46,1
333JBR777,AmerCatholic1,1
333JBR777,ArchbishopKurtz,1
333JBR777,ArchbpVigano,1
333JBR777,AtvAsena,1
333JBR777,BBCBreaking,1
333JBR777,BWGovernment,1
333JBR777,BishopBurbidge,1
333JBR777,BishopFintan,1
333JBR777,BishopParkes,1
333JBR777,Boeing,1
333JBR777,BrizzeeJoel,1
333JBR777,Brother_Andre,1
333JBR777,BuckSexton,1
333JBR777,BuzzFeedLGBTQ,1
333JBR777,CBNNews,1
333JBR777,CMC_MarineCorps,1
333JBR777,CTmagazine,1
333JBR777,CUFI,1
333JBR777,CathNews,1
333JBR777,CatholicMiami,1
333JBR777,CatholicUniv,1
333JBR777,Creflo_Dollar,1
333JBR777,Daystar,1
333JBR777,DrTedros,1
333JBR777,ECADF,1
333JBR777,EWTNVatican,1
333JBR777,ElBaladOfficial,1
333JBR777,ErelSegal,1
333JBR777,EthioReporter,1
333JBR777,Eugenie_A,1
333JBR777,FOCUScatholic,1
333JBR777,FORAM_project,1
333JBR777,GabbayAvi,1
333JBR777,GelberLaw,1
333JBR777,Graphicgh,1
333JBR777,GuardianWatche1,1
333JBR777,GulfstreamAero,1
333JBR777,HHSGov,1
333JBR777,Haaretz,1
333JBR777,HandgraafE,1
333JBR777,HassanRouhani,1
333JBR777,HoustonChron,1
333JBR777,IanKingSky,1
333JBR777,Independent,1
333JBR777,JefferyFasching,1
333JBR777,Jim_Jordan,1
333JBR777,JohnnieM,1
333JBR777,KENS5,1
333JBR777,K_G_Andersen,1
333JBR777,LALGBTCenter,1
333JBR777,LAPDHQ,1
333JBR777,LGBT_news,1
333JBR777,Lighteregg,1
333JBR777,Linfodrome,1
333JBR777,MFA_KZ,1
333JBR777,MedvedevRussiaE,1
333JBR777,N12News,1
333JBR777,NYDailyNews,1
333JBR777,NY_Arch,1
333JBR777,News4SA,1
333JBR777,NewsShafaaq,1
333JBR777,Now14Israel,1
333JBR777,PR_Senegal,1
333JBR777,PeaceNowUS,1
333JBR777,Pope_news,1
333JBR777,RMatsliah,1
333JBR777,RNS,1
333JBR777,RusEmbUSA,1
333JBR777,SBC_Catholic,1
333JBR777,SCBaptist,1
333JBR777,SWshoppe,1
333JBR777,SaraHaetzniCohe,1
333JBR777,SecArmy,1
333JBR777,SignsWonders,1
333JBR777,SpeakerPelosi,1
333JBR777,TheAdvocateMag,1
333JBR777,TheEconomist,1
333JBR777,TheNationalNews,1
333JBR777,The_Japan_News,1
333JBR777,ThomasReeseSJ,1
333JBR777,ThomasWenski,1
333JBR777,UNDPIran,1
333JBR777,USGS,1
333JBR777,a_schallenberg,1
333JBR777,abidjan_net,1
333JBR777,antoniospadaro,1
333JBR777,ariyederi,1
333JBR777,baruchikra,1
333JBR777,bogie_yaalon,1
333JBR777,calcalist,1
333JBR777,caravankz_ru,1
333JBR777,connectionivoir,1
333JBR777,cprovidas,1
333JBR777,dudiamsalem,1
333JBR777,elderofziyon,1
333JBR777,firstthingsmag,1
333JBR777,gantzbe,1
333JBR777,guinea_net,1
333JBR777,gulf_news,1
333JBR777,hawelti,1
333JBR777,heyitsanika,1
333JBR777,irf,1
333JBR777,javiernegre10,1
333JBR777,jwarnerwallace,1
333JBR777,kann_news,1
333JBR777,meiritzhakalevy,1
333JBR777,mfa_russia,1
333JBR777,mod_russia,1
333JBR777,modernghanaweb,1
333JBR777,ndirangu_l,1
333JBR777,nyu_journalism,1
333JBR777,outmagazine,1
333JBR777,reda_getachew,1
333JBR777,remnantnews,1
333JBR777,roysharon11,1
333JBR777,sacbee_news,1
333JBR777,shlomo_karhi,1
333JBR777,spiritdaily,1
333JBR777,usatodaylife,1
333JBR777,vaticannews_fr,1
333JBR777,wcp,1
333JBR777,wef,1
333JBR777,yaircherki,1
333JBR777,ynetalerts,1
333JBR777,youm7,1
33Milner,AustinLoveTV,1
33rdTay,adasani_,2
36Felton,BreakingNewsUS7,1
36Felton,InsideEdition,1
36Felton,InsideEditionPR,1
36Felton,Jimmoret,1
36Felton,LESTRENTtv,1
36Felton,TheInsiderPaper,1
36Felton,news_tops,1
3GWilliams,marcdavissports,1
3guylink,ValerieCS159,1
3milie4,ImanforColorado,2
3milie4,fiparf,1
3under3,DarbysCastle,2
3under3,FBI,1
3under3,JoJoFromJerz,2
3under3,Joseph4800,1
3under3,TamieUSCongress,2
3under3,TristanSnell,2
3under3,nicolejames,1
402WrestlingFan,402WrestlingFan,1
402WrestlingFan,CrackerConvoy,2
402WrestlingFan,FoxNews,1
402WrestlingFan,MccluresRevenge,1
402WrestlingFan,Texas68Landon,1
402WrestlingFan,TomiLahren,1
402WrestlingFan,barstoolsports,1
402WrestlingFan,dwright100,1
402WrestlingFan,jasontbama,1
402WrestlingFan,sbrown2222,1
402WrestlingFan,shitpostmobile,2
425Kev,DurkioxVon,2
425Kev,JuiceSimps0n,2
425Kev,MetroBoomin,1
425Kev,TrentTaylorFnAc,1
425Kev,richjmadrid,2
45Questor,CarlDeplorable,2
45Questor,mcre1,1
4NZKWxGator,PerryB_Photo,1
4VertAcademy,4VertAcademy,1
4Wade2021,BrianCoz,1
4Wade2021,Connor_J_Hughes,1
4Wade2021,ZackBlatt,1
4Wade2021,jhallito,2
4Wade2021,zakhicken,1
4kmentality,bshoop_,1
4kmentality,frontpagetech,2
4xForecaster,4xForecaster,2
4xForecaster,quakes99,4
510sVeryOwn,RatedRnB,1
512Derek,Daraneshatv,2
514Eddie,Acyn,1
518Sunflower,hochalicious,2
523suga,News_Dr252,2
52Donk,JoJoFromJerz,2
52Donk,atrupar,1
52ea67817f0b4f3,RudyGiuliani,1
52ea67817f0b4f3,WoNkAsLoVeChIlD,2
52ea67817f0b4f3,kittenhawk1,1
5Jparker,DawgsBaseballi1,2
5Jparker,MLBONFOX,1
5Jparker,MLBPA_News,1
5asONE,FyxSports,1
610RadioCritic,CarlCol54474424,2
610RadioCritic,SeanTPendergast,2
610RadioCritic,SportsRadio610,1
651_756,NordicKari,2
65Zelda,DrJKaju,2
65Zelda,gretchenwhitmer,1
666_StillGiggin,BlackWrestle,8
666_StillGiggin,LAZZA696969,4
666_StillGiggin,MJ_Fears_None,6
666_StillGiggin,Nathan_Vandecar,4
666_StillGiggin,NewsXero,3
666_StillGiggin,PaigeLover4Ever,1
666_StillGiggin,Sabreslover1701,3
666_StillGiggin,SeanRossSapp,3
666_StillGiggin,WrestleSonic,1
666_StillGiggin,WrestlinNewsUp,2
666_StillGiggin,WrestlingGuru18,1
666_StillGiggin,Zeketowndown,4
666_StillGiggin,gazza3161,5
6__juicePenn1y,Elrese19,1
7066_521,whitetiger0203,2
70_dbz,DougJBalloon,2
73sharkbait,JacqueVaxx,2
77chrisc,CrystalDawn73nc,2
77chrisc,WBTV_News,1
77chrisc,atrupar,1
7freespeech,RepLizCheney,4
912nosirrah,KlasfeldReports,2
912nosirrah,lawcrimenews,1
912nosirrah,weareoversight,1
93kurtloder,BILLYVINCENT00,1
953WDAE,GrindingTheTape,1
953WDAE,OldTakesExposed,2
953WDAE,RonnieNTL,6
953WDAE,Ry_Bass,1
953WDAE,TBTimes_Rays,2
953WDAE,TKras,6
953WDAE,ZacOnTheMic,6
953WDAE,jpfeyer20,2
987fifthavenue,RobMcClure,1
AARPKY,Steve14News,1
AARPKY,bluegrasshall,1
AASETX,multifamily,1
AAguilarTV,LevinsReports,1
AAmericanSpeaks,ChristLawmakers,1
AAmericanSpeaks,MaryBentleyAR,1
AAmericanSpeaks,TomOliverson,1
AAmericanSpeaks,jasonrapert,2
AAnnie73,BookJunkieVal,2
AAnnie73,FriedliebLes,2
AAnnie73,jodyjsperling,1
ABC7Brittany,ABC7,1
ABC7Jory,Kevin_Holabird,2
ABPardue,ABPardue,2
ABWrinkels,johnlegend,2
ABigBowlOfChips,DiscussingFilm,1
ABoltasseva,QuantumSciCtr,2
ABoltasseva,travishumble,1
AButtacavoliTV,CNYCentral,1
AButtacavoliTV,LisaSpitzNews,2
AButtacavoliTV,SamPostichWX,1
AButtacavoliTV,maggiedesro,1
AC830,petenajarian,2
ACE_BOULANDI,DoctorWiseman,2
ACPressHuba,JFMcMullen,1
AClassens,vermontgmg,2
ACrav1983,FoxNews,2
ACrav1983,dbongino,1
ADAboricua62,OccupyDemocrats,2
ADVRCAMS,newscientist,2
AD_Foster,Connellybooks,1
AD_Foster,bosch,1
AD_Foster,welliver_titus,1
ADeermount,theinformation,1
ADorian4Newark,VP,1
AHSGirlsFFball,WindermereFFB,2
AJ91058930,PhillyBrickz,2
AJKinOHIO,UberFacts,2
AJKoski16,AJKoski16,1
AJ_Terry14,RangerFCA,1
AJ_returns56,SarahSpain,1
AJ_returns56,Scott_NewPal,2
AKiekow,DEADLINE,1
ALCHealthplans,MsNashville,1
ALCHealthplans,plh_md,2
ALPHAFIT21,ALPHAFIT21,1
ALPHAFIT21,ChrisSwisher15,2
ALPHAFIT21,FoxNews,1
ALPHAFIT21,KordonMark,1
ALPHAFIT21,PECoach75,3
ALPHAFIT21,POTUS,2
ALPHAFIT21,ZZ_RCB_ZZ,3
ALPHAFIT21,jnagel44254,2
ALPHAFIT21,kathylee1008,1
AL_Bolts2023,ExtraInningSB,1
ALanoII,BrienBlakelyTV,2
ALanoII,Queen_City_News,1
ALanoII,TaraLanewx,1
AMBUSHhitting,PaulCinny,1
AMFearing,MaxChesnes,1
ANMalinchak,ScottGustin,1
ANealAuthor,NRO,1
ARCWuLF,johniadarola,2
ARRYpat43,TristanSnell,2
AShukuhi,b4n1shed,1
AShukuhi,campuscodi,1
ASideBoxingTalk,YouTube,1
ASizemore_21,pucko9,2
ATLPilgrim,ATLUTD,1
ATLPilgrim,JosefMartinez17,1
ATLPilgrim,_andrewgutman_,1
ATL_Gator84,GatorDrew352,2
ATPE_MontyE,ATPE_MontyE,1
ATPE_MontyE,AustinISD,2
ATPE_MontyE,EFudman,3
ATPE_MontyE,KXAN_News,2
AVenusianVirgo,mayatp_,2
AVenusianVirgo,yrnrod,1
AWJustus,detroitnews,1
AXLtheSarcastic,AXLtheSarcastic,2
AXLtheSarcastic,DataIsTooShort,3
AXLtheSarcastic,Redskin_girlnm,5
AXLtheSarcastic,SpeakFreely55,2
AXLtheSarcastic,egrattan,1
AXLtheSarcastic,nursevictoria11,4
AXLtheSarcastic,pjalexander6,5
AXLtheSarcastic,trickemhunter,2
AYINDEJIDE,AYINDEJIDE,1
AYINDEJIDE,ChimarokeNamani,1
AYINDEJIDE,Diome_Patricia,1
AYINDEJIDE,MBuhari,1
AYINDEJIDE,OvieNews,1
AYINDEJIDE,woye1,1
AZBandCatSports,AZBandCatSports,1
AZFLgirl,TimLove1972,2
A_WiFi_Device,Lawrence,1
Aagrusin,MuellerSheWrote,1
AakashRaut,Wx_Converse,1
AakashRaut,wics_abc20,1
Aardvarkey,WaterBambooTre1,1
AaronHu83817446,covie_93,2
AaronHu83817446,piyushmittal,2
AaronJalaws256,LakersNation,2
AaronNabus,DeLoreanWolfgng,2
Aaron_Guest,MayorGallego,1
Aaron_Guest,clairezagorski,2
Aaron_Smith_26,Sheepthemoon,2
AbbyBrickler,YouTube,1
AbbyBrickler,miserablelib,1
AbbyBrickler,travelurownpath,2
AbbyKaighin,JumptyTrumpty,1
AbeytiaForAZ,EadsChance,1
AbeytiaForAZ,mcyd_az,1
Abscondough,Abscondough,1
AbsoluteLe,AbsoluteLe,2
AbsoluteLe,JJSingleton1,1
AbsoluteLe,Queen_City_News,8
AbsoluteLe,carolinavoices,1
AbstractEugene,fredriXfaith,2
AccordoTommy,CGasparino,2
AccordoTommy,CalltoActivism,2
AccordoTommy,DanRather,4
AccordoTommy,FBI,1
AccordoTommy,George_514,2
AccordoTommy,JoJoFromJerz,2
AccordoTommy,MeidasTouch,2
AccordoTommy,POTUS,2
AccordoTommy,TheJusticeDept,1
AccordoTommy,davidaxelrod,2
AccordoTommy,duty2warn,1
AccordoTommy,robreiner,4
AccordoTommy,staceyabrams,2
Ace71683378,DanRather,2
Ackbar117,LeadStoriesCom,1
Ackbar117,Wetbread77,2
Ackbar117,bobsagat2015,1
AcornPark,JeffAndDonkeys,2
AcornPark,WadeEsel,2
Action_Jaxon31,1COACH_CARTER,2
AcunaAndrew,Acyn,1
AcunaAndrew,BenjaminJS,2
AcunaAndrew,Billsfan1991DMP,2
AcunaAndrew,Kennymack1971,2
AcunaAndrew,KevDGrussing,1
AcunaAndrew,RexChapman,1
AcunaAndrew,bubbaprog,2
AcunaAndrew,polinchock,2
AcunaAndrew,rwmead,1
AdaQuin22594501,AdaQuin22594501,1
AdaQuin22594501,FoxNews,2
AdaQuin22594501,JESSEWATTERS,2
AdaQuin22594501,KellySchlotter4,2
AdaQuin22594501,MeidasTouch,1
AdaQuin22594501,RealJeffGoble,1
AdaQuin22594501,Red1994D,2
AdaQuin22594501,WalshFreedom,1
AdaQuin22594501,kilmeade,1
AdaQuin22594501,realCruzThomas,2
AdaQuin22594501,sound_language,2
AdamAndrew,micahfries,2
AdamBennettKHOU,NickLilja,2
AdamDodgers,Dodgers_DH,1
AdamDodgers,Jdub_Dodgers,1
AdamDodgers,galleg000s,1
AdamDodgers,thestainsports,2
AdamDodgers,xxXChuchXxx,1
AdamHlava,DougJBalloon,2
Adam_F_Sandy,LarsonLoopers,2
Adam_Flores1982,lorymasters,2
Adam_Flores1982,spectee_news,1
Adeptus,IndiaToday,1
AdriCULOUS,KTVU,1
AdriaLawson,ABC7,1
AdrienneMurtau1,AccountableGOP,1
AdrienneMurtau1,OGNurseRatchet,2
AdrienneMurtau1,RonFilipkowski,1
AdrienneSmithTV,JimTeskeNC9,2
AdrienneSmithTV,KateThorntonNC9,1
AdrienneSmithTV,NewsChannel9,3
Adrussy_,SmugleafRaptors,2
AdultishGambin0,thaboyjozu,2
AdvoJeannie,GeorgePapa19,2
AdvoJeannie,vladduthiersCBS,2
AeddanD,Xbox,2
AggiePride85,TriniGyal247,3
AggyQuinn,IGGYAZALEA,1
AhearnColeen,1ZELDA__ZDENKA_,1
AhearnColeen,Andy_Lea1964,24
AhearnColeen,ArtKetterhagen1,24
AhearnColeen,AuroraBlogspot,25
AhearnColeen,BBockelbrink,25
AhearnColeen,BSandersRipCity,26
AhearnColeen,BrooksChloe732,25
AhearnColeen,CDFleming5,24
AhearnColeen,Canada1Proud,1
AhearnColeen,Charlot2409,1
AhearnColeen,Charlyf_81,2
AhearnColeen,ChazDavis10,24
AhearnColeen,CookieCaspari,2
AhearnColeen,D_Ericson,24
AhearnColeen,Dama2Spirits,1
AhearnColeen,Dimensionspect1,2
AhearnColeen,DonnaLouiseDLH,2
AhearnColeen,DukeHomer,1
AhearnColeen,Eathbound420,1
AhearnColeen,EvolvingEmpathy,1
AhearnColeen,FritsV4,24
AhearnColeen,GizmoCuteKitty,2
AhearnColeen,HLStockenstrom,24
AhearnColeen,HeiermanRobert,1
AhearnColeen,Infinty1001,24
AhearnColeen,JadeM2816,1
AhearnColeen,JaxHarley5,1
AhearnColeen,KerstinVockert,24
AhearnColeen,KiKiPosting,26
AhearnColeen,LRJ023,24
AhearnColeen,LouGarza86,25
AhearnColeen,MacleanJoyce,29
AhearnColeen,MarilynSarelas,25
AhearnColeen,MarkoSilberhand,24
AhearnColeen,Meghanduggan1,24
AhearnColeen,MissyBBBobtail,1
AhearnColeen,MyBoxerLuvMac1,24
AhearnColeen,NoraNanza,25
AhearnColeen,Numbers28,29
AhearnColeen,OctoberFerguson,24
AhearnColeen,PJShakesitup,1
AhearnColeen,RhymesRadical,1
AhearnColeen,RonnieCocker,2
AhearnColeen,SARA2001NOOR,5
AhearnColeen,SG_MEIDAS,1
AhearnColeen,TaraTisch,1
AhearnColeen,TrevorLeWoof,1
AhearnColeen,UniversalStar18,1
AhearnColeen,WILLIAMCHER_,1
AhearnColeen,Waz_Mac,2
AhearnColeen,_Pehicc,1
AhearnColeen,awkward_1110,1
AhearnColeen,benbrookjohn,24
AhearnColeen,beth_monje,24
AhearnColeen,chefjoelb,7
AhearnColeen,chevysgirl11,1
AhearnColeen,christie_toy,2
AhearnColeen,cobaltcoqui,2
AhearnColeen,colin_goodayle,26
AhearnColeen,es_edwards,24
AhearnColeen,hassib_haidar,25
AhearnColeen,jennifersterri1,24
AhearnColeen,jetisch,1
AhearnColeen,jwsey01,1
AhearnColeen,kath_mcc,32
AhearnColeen,katibug957,1
AhearnColeen,kinziemat,2
AhearnColeen,kurtmac,28
AhearnColeen,mac_gardiner12,24
AhearnColeen,mrsbiffo01,24
AhearnColeen,news_houndnc,24
AhearnColeen,repsiw5,24
AhearnColeen,sadgirlcassi,1
AhearnColeen,skipz,24
AhearnColeen,small1ldy1,24
AhearnColeen,zazzybritches,1
AhmadRehanKhan,_Mansoor_Ali,2
AhshaAbuAli,MazJobrani,2
Aikens_Josh,dubwan,1
AileenVega123,MDCPSAcademics,1
AileenVega123,MDCPSSci,1
Aimsel,pitchfork,1
AirBooper,PenelopeJusti17,2
AirBooper,duty2warn,1
Ajamie99,SeldenGADawgs,1
Ajamie99,TheShoeOhio,2
Ajamie99,davidaxelrod,1
AjaxDude81611,AdamForColorado,2
AjaxDude81611,Bandaidken,2
AjaxDude81611,CO_jan40,1
AjaxDude81611,DenverPostBrk,1
Ajbaloney,Christo81617237,2
Ajbaloney,NeilLowenthal1,2
Ajbaloney,RealMarkFinchem,1
Ajinkc71,Ajinkc71,1
Ajinkc71,DefiantLs,1
Ajinkc71,RalphSiegler,1
Ajinkc71,soets45,1
AkitaBaes,AKITA_network,1
AkitaBaes,catecoin,2
AlEidenberg,YouTube,1
AlainMabru,Beatles1961,2
AlainMabru,MELANIATRUMP,1
Alainkaddour9,Corey95574956,1
Alainkaddour9,HillPete254,2
Alainkaddour9,LFalmir2016,1
Alainkaddour9,RonFilipkowski,1
Alainkaddour9,VirginiaLoughn1,2
Alainkaddour9,laurenboebert,1
Alainkaddour9,tprroc,1
AlajuwonUrHero,_DeeVah,2
Alakdan1102Eric,PhilippineStar,2
Alakdan1102Eric,onenewsph,1
AlanBowser,CNN,1
AlanBowser,NewDay,1
AlanReyes1575,BrheABC13,1
Alaya13561283,HellBentVet,2
AlbaBrunetti,Nigella_Lawson,1
AlbertHoward888,AaronParnas,1
AlbertHoward888,FBI,1
AlbertHoward888,POTUS45,1
AlbertHoward888,TheDemocrats,1
AlbertHoward888,TristanSnell,1
AlbertoEspay,BIDMC_PD_Center,1
AlbertoEspay,InnovationFixer,1
AlbertoEspay,MartinTaylor9,2
AlbertoEspay,NEJM,1
Albinoman887,BrandiKruse,1
Albinoman887,Erika45676795,2
Albinoman887,MayorofSeattle,1
AlchemysticArts,SpecialSimtrest,2
AleenaNaelitz,cschwebs1,2
AleutianBelle,MSNBC,1
AleutianBelle,cindyluhusantos,2
AleutianBelle,cnnbrk,1
AleutianBelle,roseaiello2,2
AlexDicksonDC,peterkrupa,2
AlexGilesNews,CMPD,2
AlexGilesNews,CarolineHicksTV,1
AlexGilesNews,WBTV_News,1
AlexJStumpf,spelledwithaZ,1
AlexJ_Daugherty,DiscussingFilm,1
AlexJohnson2020,SAU_News,1
AlexLittlehales,13NewsNow,1
AlexMontoya619,McTabarez,1
AlexMorash,AlexMorash,1
AlexMorash,DCHomos,1
AlexOrtizTX,emfoxhall,1
AlexRosenwald,CBedfordDC,1
AlexRosenwald,sarahcwestwood,1
AlexWalkerTV,AP,1
AlexWendlingMMA,FSU_COM,1
AlexWendlingMMA,gaillevyontv,1
Alex_Logan22,BlueEyedVibes,2
Alex_Logan22,VGC_News,1
AlexanderNewsSh,CityofMiami,1
AlexanderNewsSh,Cityofdoral,1
AlexanderNewsSh,CommishDCH,1
AlexanderNewsSh,D_C_Higgins,1
AlexanderNewsSh,JoeCarolloNow,1
AlexanderNewsSh,MiamiDadeCounty,1
AlexanderNewsSh,RepRodriguez118,1
AlexanderNewsSh,alexDLPmiami,3
AlexanderNewsSh,mayorbermudez,1
AlexanderSpinn,HelenBranswell,1
AlexanderSpinn,statnews,1
AlexanderXG,kylegriffin1,1
AlfAlphaNFT,DiamondhandzGMI,2
AlfAlphaNFT,mebynetta,2
AlfAlphaNFT,worldofwomennft,1
Alg0rhYthM,KyrieIrving,1
Alg0rhYthM,POTUS,1
Alg0rhYthM,googlenews,1
AlgernonWrites,Poynter,1
AliNeitzelMD,RuchoSharma,1
AliNeitzelMD,TG15379010,1
AliceTinker1943,FoxNews,2
AliceTinker1943,IuliiaMendel,2
AliceTinker1943,MeidasTouch,1
AliceTinker1943,MirandaKR88,2
AliceTinker1943,OleksandraZubal,2
AliceTinker1943,Steelersgirl217,2
AliceTinker1943,brithume,2
AlicesTake,KCBSRadio,1
AliciaBarnesTV,BrienBlakelyTV,1
AliciaBarnesTV,Queen_City_News,4
AlisonRapping,justcomaz,1
AlisonSomin,RTDSchapiro,1
AlisonWants,Polish333,2
AlkeyOfNY,Infowars_Army,2
AlkeyOfNY,NASAKennedy,1
AlkeyOfNY,TuckerCarlson,2
AlkeyOfNY,bidondi_dan,2
AlkeyOfNY,hunt_harriet,2
AllDayMGray,GOP,1
AllDayMGray,NoLieWithBTC,1
AllDayMGray,joanneintexas,2
AllKindsWeather,GatorCollective,1
All_Vol_247,TheVolClub,1
All_Vol_247,spyresports,1
AllaboutNaples,AdrienneLaF,1
AllenCMarshall,FoxNews,1
AllenKopelman,PaymentSystems,1
AllenKopelman,b2bvault,1
AllisonScussel,RpsAgainstTrump,2
Allizon724,AaronParnas,1
Allizon724,FoxNews,1
Allizon724,John_R_Maun,1
Allizon724,latimes,1
AlltheFlyThings,ClevelandArt,1
AlmostHomeFL,oceanhomemag,1
Alpine_Joy,Alpine_Joy,1
Alpine_Joy,JamesSurowiecki,1
Alpine_Joy,NPR,1
Alpine_Joy,adamdavidson,1
Alpine_Joy,courtneykealy,1
Alpine_Joy,kerrsheridan,1
Alpine_Joy,nytimes,1
Alpine_Joy,washingtonpost,1
AltDaynaLaRaeX,BrianKarem,1
AltDaynaLaRaeX,Gazinsalford,2
AltDaynaLaRaeX,colleen_ramirez,2
AltDaynaLaRaeX,washingtonpost,1
AltadenaPrepare,_Sackung,2
Altmann_Mike,beloitskycarp,1
Altmann_Mike,jockosports,1
Altmann_Mike,played41,1
AlyssaPaone,mattbarr1104,2
Amaku_Dancer,AmericanAir,2
Amaku_Dancer,Norman0876,1
Amaku_Dancer,tmmbrla,2
Amanda77602292,NoLieWithBTC,1
Amanda77602292,joncoopertweets,1
Amanda90262772,FoxNews,1
Amanda90262772,marklevinshow,1
Amanda90262772,satariilovesme,2
AmandaDebaser,OnLindensWings,1
AmandaJoyO,AmandaJoyO,1
AmandaJoyO,NinaShe85073733,1
AmandaJoyO,RepMTG,2
AmandaJoyO,pete_dillman,1
AmandaSuspended,AP,1
AmandaSuspended,HC_Richardson,1
AmandaSuspended,NativePalate,2
AmandaSuspended,RealCarlosO1,2
AmandaSuspended,malber1,4
AmandaWirig,MorphMpls,2
AmandaWray,annmal0111,2
AmariJMitchell,CBSDetroit,1
AmariJMitchell,GayleKing,1
Amazin_amy1,Staytrue7_,2
AmberWendi,lasich_roger,2
AmberWendi,nbcbayarea,1
AmberWendi,newsdamian,1
Ameen_media,Sputnik_AR_News,1
AmeliaBousman,AmeliaBousman,1
AmeliaJonesTV,Isabel_News,2
AmeliaJonesTV,Rob_Haswell,1
AmeliaJonesTV,fox6wakeup,1
AmeliaJonesTV,wkyc,1
AmericanSystem3,DebbieSVA,2
AmericanSystem3,bennyjohnson,1
Americo_Martinx,ABC,2
Americo_Martinx,sapphiresdust,2
AmesCG,NACDL,1
AmesCG,Ruth_Mensch,2
AmichaelCagossi,0liviajulianna,1
AmichaelCagossi,NPR,1
Amid_Tony,GoodReddit,1
Amid_Tony,hypr_osu,2
AmilianoFragoso,lindseyyok,1
AmyTaylorTx,TomFitton,2
AmyTaylorTx,mikeyh828,2
AmyTaylorTx,nypost,1
AmyVMcEwen1,thehill,2
AnAltarEgo,atrupar,1
AnAltarEgo,kilmeade,1
AnUnevenKeel,Garrett_Archer,2
AnUnevenKeel,MalcolmNance,1
AnUnevenKeel,MaricopaVote,1
AnUnevenKeel,MarkHertling,2
AnUnevenKeel,bblock29,2
AnUnevenKeel,daffi515,1
AnUnevenKeel,stephen_richer,1
AnaBellMedia,Husker_Baseball,1
AnaBellMedia,kyl3perry,1
AnalogWalrus,MelodicRock,2
AnalyticAnna,SysAdminDrew,1
AnalyticAnna,big_data_dan,1
AnalyticAnna,bobwardms,1
AnalyticAnna,mauridb,1
AnalyticAnna,mdkabir,1
AndDube,Acyn,1
AndDube,maggieNYT,1
AndifromWI,CoupdTrump,1
AndifromWI,MZHemingway,1
AndifromWI,tew1955,2
AndrasZold,geostylegeo,2
AndreaAlbersTV,BlackArtsMKE,1
AndreaAlbersTV,tmj4,1
AndreaJPhillips,UmarBzv,1
AndreaKGrover,LizWFab,2
AndrewEkstrom2,DinoCazares,2
AndrewHMPalmer,disclosetv,1
AndrewHallFF,The33rdTeamFB,1
AndyillesPhotog,PemSch_news,1
AndyillesPhotog,Pembroke_Titans,1
AngelInvestorOG,a1zby22222,2
AngelInvestorOG,maggieNYT,1
AngelInvestorOG,nikoexxtra,2
AngelInvestorOG,pitlykal,2
AngelMarieWils2,TheStourbridge,2
Angela63582057,BlackCollegeExp,1
Angela63582057,BradBeauregardJ,1
Angela63582057,CNBCPolitics,1
Angela63582057,FoxNews,5
Angela63582057,GOP,1
Angela63582057,JuddLegum,1
Angela63582057,LauraIngram,1
Angela63582057,Liz_Cheney,1
Angela63582057,MKRealEstate383,2
Angela63582057,PipPipPirrip,2
Angela63582057,Reuters,1
Angela63582057,duty2warn,2
Angela63582057,marthamaccallum,1
Angela63582057,seanhannity,1
Angela63582057,yoruguaenusa,1
AngelaMDiLoreto,FormerlyWTC,2
AngelaPierceNY,RealHughJackman,2
AngelaUrrea18,MarshaBlackburn,2
AngelaUrrea18,RepMaryMiller,1
AngelaUrrea18,mick7192,2
AngeryGuy,Oneiorosgrip,2
AngiPrettyPetty,2Legit2QuickHey,1
AngieMcMonigal,exlarson,1
AngieYo80537415,OccupyDemocrats,2
Angieintheroses,lizlovesmusic,2
AngryAmygdala,ChoiceForTwo,1
AngryBlackLady,tsouth,2
AngryProspector,CBSPhiladelphia,1
AnjumSalarzai,IbrahimReporter,2
AnjumSalarzai,cricketireland,1
AnjumSalarzai,fareedmalik56,1
AnjumSalarzai,fazalfarooqi10,1
Ann1Belinda,mechurchlady,1
Ann91237283,brennan_elliott,1
AnnAsponsler,LindseyGrahamSC,2
AnnDnutherting,DoctorRhetorica,2
AnnDnutherting,brucefranksjr,1
AnnG74552416,ChineseBuffet3,2
AnnG74552416,kahleahcopper,1
AnnKuhler,Amber_Marshall,1
AnnKuhler,peratp,2
AnnMari5957,JudieHall9,2
AnnaAnafi,BoycottUtah,1
AnnaAnafi,RpsAgainstTrump,2
AnnaAnafi,davenewworld_2,2
AnnaDarlingTV,AnnaDarlingTV,1
AnnaDsays,KXAN_News,2
AnnaForFlorida,KrisGoldsmith85,2
AnnaForFlorida,TuckerCarlson,1
AnnaForFlorida,USArmy,1
AnnaHoffmanTV,AnnaHoffmanTV,1
AnnaMSutter,AnnaMSutter,1
AnnaMSutter,juliecheka,2
AnneCherchian,CliffRadio,2
AnneMurata,js_edit,1
AnneMurata,reesetheone1,2
AnneofBrooklyn,IsaLeeWolf,2
AnneofBrooklyn,Tmporterjr,4
AnneofBrooklyn,duty2warn,2
Annhoward4932,Annhoward4932,1
AnnieRoseNews,BaltimorePolice,1
AnnieRoseNews,wjz,2
AntKnowsMaui,Reuters,2
AntKnowsMaui,jmartNYT,2
AntKnowsMaui,neal_katyal,2
AnterjotSingh2,Cricket_Sims,1
AnterjotSingh2,MiLCricket,2
AnthonyLamaNY,FoxNews,2
AnthonyLamaNY,newtgingrich,1
AnthonyMEmerson,AsInMarx,2
AnthonyMingioni,Brian_Metzer,1
AnthonyMingioni,MikeInBuffalo,1
AnthonyMingioni,OffThePostRadio,2
AnthonyMingioni,__SteF1,1
AnthonyMingioni,penguinslive,1
AnthonyMingioni,pharling,1
AnthonyMingioni,sportsology,1
AnthonyShnark,Acyn,1
AnthonyShnark,NotHoodlum,2
Anthony_Wooley,RonFilipkowski,1
Anthony_Wooley,lflorepolitics,2
Anthony_Wooley,my2centsay,1
AnwarRichardson,Soonergirl2Ou,2
AnywhereN,Acyn,1
AnywhereN,RayDoWork,2
AnywhereN,big_perez,1
Anzures801,VoteDarlene,2
AparkinNYC,DevinNunes,1
AparkinNYC,StephenM,1
AparkinNYC,seanhannity,2
AphasiaLab,MarionLeaman,2
April5761,AnneLou38706188,1
April5761,minkamom,2
AquaCorpsman,DefiantLs,1
AquaCorpsman,Its_PepesBurner,2
AquaCorpsman,Lightningb97,1
Aquinas82nd,fvidales9,2
Aquinas82nd,sherman4949,1
ArabSteez,RaiderNationBOS,1
Arabell74010289,DavidAFrench,2
Arabell74010289,jeannasmialek,1
Arabell74010289,jimtankersley,1
Arabell74010289,peterbakernyt,2
Aracelv1,heartoflafc,1
Arapahoman15,IngrahamAngle,2
ArayaNexus,ArayaNexus,1
ArchaicRapture,FFXIV_NEWS_EN,2
ArdRiBarreK,AOC,1
ArdRiBarreK,GOP,1
ArdRiBarreK,VICE,1
ArdRiBarreK,William42326712,2
ArdRiBarreK,YouTube,11
AresRound3,washingtonpost,1
ArianaKFOX_CBS,ArianaKFOX_CBS,1
ArianaKFOX_CBS,EPWater,1
ArianaKFOX_CBS,KFOX14,1
Arich1028,stacevibes_,2
ArizonaBrian41,DCU_Direct,1
ArleenH2936,Jayecane,1
ArleenH2936,Kenzygraciesma,2
ArmandDoma,GRomePow,1
ArmandDoma,KFILE,1
ArmandDoma,SlumBull,2
ArmandDoma,charliekirk11,1
ArmyMomKC,ShannonBream,2
Arredondo_CHS,CCISD,1
Arredondo_CHS,MaryCarrollHigh,1
Arredondo_CHS,Sierra_P_news,2
ArrestedAustin,AusPublicHealth,1
ArrestedAustin,KXAN_News,2
ArribaLosPadres,unibroward4405,1
ArrickUptonGB,RobDemovsky,1
ArsenalAdi2,FloofySisters,2
ArtBottolfson,FoxNews,2
ArthurMingo1,StephenSeanFord,2
ArtsyTeacherOne,SenatorFischer,2
ArturoEdvardsen,DanRather,2
AshleyAlvarado,AmPress,1
AshleyAlvarado,sammyragland,2
AshleyKaiserTV,WTRF7News,1
AshtonChronist1,Ty_Ridley_2023,2
AsianSportsFan1,BarroomNetwork,1
AsianSportsFan1,Cody_CHGO,1
AsianSportsFan1,JesseRogersESPN,1
AskAmy_,JoyceWhiteVance,2
Asstnt_pimp_96,acarmen_,1
AstorAaron,sgurman,1
AstridWeins,AndrewRuleMD,2
AstridWeins,GlassockJ,2
AstridWeins,JASN_News,2
AstridWeins,JZRenalPath,2
AstridWeins,SethiRenalPath,3
AstroPhotoSean,MarshaBlackburn,2
AstroPhotoSean,MayoIsSpicyy,2
Astro_Kelly7,HarryFroggy1,2
Astro_Kelly7,fam_news_,1
Astrono_Ray,tvisgaitis,1
Astros4me,JosephJinglehe2,2
AtheistGrace,kilmeade,2
Athleticfield,ArtsAlive45,1
Athleticfield,CPS_Arts,1
Athleticfield,ColumbiaChi,1
Athleticfield,DePaulU,1
Athleticfield,ExploreNMMA,1
Athleticfield,LoyolaChicago,1
Athleticfield,UICnews,1
Athleticfield,hairpin_arts,1
Athleticfield,saic_news,1
AtlRenaissance,CBSEveningNews,1
Atticus59914029,AP,2
Atticus59914029,IAPolls2022,1
Atticus59914029,MuellerSheWrote,2
AttorneyGriggs,AttorneyGriggs,1
AttorneyGriggs,washingtonpost,1
AuburnHighFB,BUFootball,1
AuburnHighFB,griffin_speaks,1
AustenMu,AustenMu,1
AustenMu,January6thCmte,1
AustenMu,cttechgenius,1
AustenMu,jeananne7,1
AustenMu,kelly2277,1
AustinH2714,m_dan25,1
AustinPeninger,ijustdohair,2
Auth_chef2you,BETMusic,2
AuthorKady,KSchleiffer,2
AutoNewsTV,LauraHarrisNews,1
AutriyaManeshni,12News,1
Autry86_Cecil05,FoxNews,2
Autry86_Cecil05,RonFilipkowski,2
Autry86_Cecil05,joncoopertweets,2
Autry86_Cecil05,kurteichenwald,2
AvBronstein,AvBronstein,1
AvajoyeWJZ,EwallWice,1
AvajoyeWJZ,wjz,1
AveryBeup,Rob68326533,1
AveryBeup,VPrasadMDMPH,1
AveryBeup,leslibless,1
AveryBeup,stooge_report,1
AveryBeup,susi815,1
AveryJesewitz,usavolleyball,1
AvramovichMax,CNN,1
AvramovichMax,LucyGatsby,2
AwAllBro1,FoxNews,1
AwAllBro1,HistoryExpert2,2
AwesomeTexaz,Activision,1
AwesomeTexaz,BenJammins,1
AwesomeTexaz,BlizzardCS,1
AwesomeTexaz,CODLeague,1
AwesomeTexaz,CallofDutyUK,1
AwesomeTexaz,ModernWarzone,1
AwesomeTexaz,Nesquik,1
AwesomeTexaz,WarzoneIntel,1
AxeloftheKey,ABC,1
Aymat_News,Aymat_News,1
Aymat_News,CycloforumsPR,1
Aymat_News,DeborahTiempo,1
Aymat_News,kdelbreytiempo,1
Aymat_News,zamiratv,1
AysenMike,Sarahwhite272,2
AysenMike,WalshFreedom,1
AyyyeYoCB,SaycheeseDGTL,1
AzamMuhammadPMS,MehrTarar,2
AzblueC,JoAnnDuman,2
AzblueC,PurpleRain713,1
AzblueC,rgratcliffe,1
BADASmusher,BADASmusher,1
BADASmusher,BrianDahleCA,1
BADASmusher,GavinNewsom,1
BAULAPARRANTES,KurrySauce94,2
BBecknell,Sinfulskin2,2
BBittersteel,MajorCBS,1
BBruggMD,FloridaMedical,1
BBullard007,FCazayoux,2
BBullard007,RobManess,1
BCRittmeyer,PAG_fluttershy,1
BCRittmeyer,TrekCore,2
BCalfano,ABC7,1
BCalfano,JournalismUC,1
BCalfano,UC_ArtSci,1
BCalfano,cbkmediamgt,1
BCalfano,gaspard2j,1
BCarterJr19038,phl17too,1
BChill728,IGN,1
BCornejo_Lujan,Trevornoah,1
BDYonkovich,Reuters,2
BEST_PURYEAR,SkinCareBully,2
BEST_PURYEAR,mmkayrulz,1
BEisenhart,blutmer,2
BHAMonTV,CharMeckSchools,1
BHAMonTV,WBTV_News,1
BH_LGash,BloodHorse,1
BH_LGash,FasigTiptonCo,1
BJCarlozzo,PeterJoseph73,2
BJCarlozzo,ReallyAmerican1,1
BJCarlozzo,mmpadellan,1
BJFK94,soonersonly,2
BJIST3lONn8ZqKI,nhk_news,2
BJVanCamp,ChrisJustice01,1
BJVanCamp,MartinRapisarda,1
BJVanCamp,diannemando,1
BJacksonforFL,FLFreedomRead,1
BLOWthisJAE_,LisPower1,1
BLacefield,miles_commodore,2
BLoBlack,Acyn,1
BLymanWarrior,ChrisBHaynes,1
BMccaffray,ColinCowherd,1
BMccaffray,esaagar,1
BMccaffray,krystalball,1
BNewitt,SanfordPentagon,1
BRMBug,BRMBug,1
BSchumscher,BNONews,1
BSchumscher,GrahamDooley11,1
BSchumscher,TheLarvinMewis,1
BSchumscher,amynewsmith,1
BSchumscher,sadbutimright,2
BStav125,Acosta,2
BT0731,HNTurtledove,2
BThompsonNews,BThompsonNews,1
BWAYJR_Dubb,The_Japan_News,2
BWestbrookAZ8,BWestbrookAZ8,2
BWestbrookAZ8,DuPont_News,1
BY1959,Acyn,2
BabbleBabble11,ericgarland,2
Babs4963,Babs4963,1
Babs4963,lavern_spicer,1
BachandPenny,nathaliejacoby1,2
BackEndBaby5x,tajxlakes,1
BaddestBearJew,twithersAP,2
BaddiesNetwork,Murkemz,1
BaileyMsjay35,JDCocchiarella,1
BaileyMsjay35,JamesT_Perry,2
BaileyMsjay35,JoJoFromJerz,1
BaileyMsjay35,MidwestNoBS,4
BaimbridgeKevin,FOX8NOLA,1
Bairbarber,Acyn,2
Bairbarber,GeorgeTakei,2
Bairbarber,JennaEllisEsq,2
Bairbarber,Leoknowsbetter,2
Bairbarber,MSNBC,1
Bairbarber,MaddowBlog,1
Bairbarber,ProjectLincoln,2
Bairbarber,RpsAgainstTrump,2
Bairbarber,davidfrum,2
Bairbarber,lavern_spicer,2
Bajanreddevil,NYCMayorsOffice,1
BallMezzosmom,MarshaBlackburn,1
BallMezzosmom,PapiTrumpo,2
BallMezzosmom,TulsiGabbard,1
Bamm720,btsteelcurtain,1
Bananadogs3,atrupar,1
BanksLatannya,GoldmanSachs,1
BannisterKelli,EdVictory22,2
BannisterKelli,LakotaMan1,1
BannisterKelli,MikeHeffNZ,1
BannonRace,MerriamWebster,1
BannonRace,enews,1
BarbMulle,kdollsweety,2
BarbaraCallah,CorbettA815,2
BarbaraCallah,News_Dr252,5
BarbaraGarro,BarbaraGarro,1
BarbaraGarro,chuckwoolery,2
BarbaraGeng,NY1,1
BarbaraHennigar,USNavyMomPA,1
BarbaraHennigar,bungarsargon,2
BarbaraLandes6,GoldenKnights,2
BarefootTravelr,drsimonegold,1
BarryHa51799359,CalltoActivism,2
BartNLutherKing,BenitaWatford,2
BartNLutherKing,kamimagic,2
BartNLutherKing,mtmama3skullz,1
BartNLutherKing,namwella1961,1
Baseball_Jen,TheSWPrincess,1
Baseball_Jen,VoteKendraOK,2
BasedClapp,XXL,1
Based_Klown,sgrate_,1
Bassam_Zubair,ARYNEWSOFFICIAL,1
Bassam_Zubair,ajmaljami,2
Bassam_Zubair,nnoommii,2
Bassam_Zubair,pmln_org,1
Bassheadstv,DaBabyDaBaby,1
Bassheadstv,KDTrey5,1
Bassheadstv,bluefacebleedem,1
Bassheadstv,lilseeto,1
Bassheadstv,trvisXX,1
BastianBrauns,BastianBrauns,1
BaumanLouann,OccupyDemocrats,1
BaumanLouann,gr8ful69,2
BaumanLouann,sps59t,2
BayAreaData,dianalambert,1
BaylorSwindell,aclutn,1
BaylorSwindell,kathye2011,1
Bccrouch02,nfr_podcast,1
BeInspiredFL,lynnecheekAXO,2
BeaReno,antiputler_news,2
BeamMeUpScotee,BeamMeUpScotee,1
BeamMeUpScotee,allymayn,2
BeamMeUpScotee,cmyeaton,1
Bearly_bareable,SeanCryptoSmith,2
Bearly_bareable,terareum,1
Bears360_CoachT,CHISPORTSCRAZ82,2
Bears360_CoachT,ChicagoBears,1
Beastmode_36089,FBIPortland,1
Beastmode_36089,KATUNews,1
Beastmode_36089,PortlandPolice,1
Beastmode_36089,fox12oregon,1
Beastmode_36089,pdxalerts,1
BeatZillaPDX,googlenews,1
Beau61846665,Eddie__Lebec,2
Beau61846665,KariLake,1
Beau61846665,NeverTrumpTexan,2
Beau61846665,brahmresnik,1
Beauty_Bible,WeledaUK,1
BeavTwitt,BennyL1986,1
BeccaCF8689,C1985Bears,2
BeccaCF8689,Jim_Jordan,1
BeeBacero,ItsProblemTime,1
BeeTurland,JoJoFromJerz,3
BeeTurland,grmpyprogrammer,2
BeeTurland,muir_hands,4
Bee_Paw,tedcruz,2
BeeprB,nbcwashington,1
BeeprBuzz,eyeonannapolis,1
BeersWithAndres,bubbaprog,1
BeersandBasebal,CruiseRadio,1
BeersandBasebal,PartymanRandy,2
BeersandBasebal,johnkartch,1
Beertheist,kholmesKSHB,2
BelaBenanua,PaterfamiliasV,1
BelaBenanua,TimRunsHisMouth,1
BelaBenanua,sandyleevincent,2
BelgianVirus,IngrahamAngle,2
BelikeFederer,BarbMcQuade,2
BelikeFederer,StellaParton,2
BelikeFederer,WalshFreedom,1
BelikeFederer,brianrayguitar,1
BenArnetKOMU,harrisonvapnek,1
BenChasenINU,PAndres2001,2
BenChasenINU,toledonews,1
BenDuBose,MarkBermanFox26,1
BenFischerSBJ,MiamiDolphins,1
BenFischerSBJ,dallascowboys,1
BenKail,BenKail,1
BenKail,DSegalNYTimes,1
BenNune89404356,DonaldJTrumpJr,2
BenNune89404356,madrid_mike,2
BenNune89404356,seanhannity,4
BenRothenberg,NCR_Tennis,1
BenRothenberg,tumcarayol,1
BenchesClearedP,NickMolina3,2
Bengool1,CalltoActivism,2
BenjaminJStults,faststocknewss,1
BenjiZion,BenjiZion,1
BenjiZion,Clubhouse,1
BenjiZion,Tseday,1
BennyL1986,BeavTwitt,2
Bensmetbaseball,Kenosha_News,2
BenyoPetty,realTuckFrumper,1
Beragon,jaciem,2
Beragon,jayrosen_nyu,2
BernadeiaJ,MPS_News,1
BernarditaNobl2,DirekMike,1
BernarditaNobl2,EatBulaga,1
BernarditaNobl2,JayEnLo06,1
BernarditaNobl2,gmanetwork,1
BernarditaNobl2,gmapinoytv,1
BernarditaNobl2,yagit76019467,1
BernieBezdziec1,StephHoover8,2
BernieLupo,JoyVBehar,1
BernieLupo,RSighted,1
BernieLupo,ReadTheHornNews,1
BernieLupo,jramsey918,2
BernieLupo,kstrough,2
BernieLupo,newsmax,1
BerningGreen,nickheartstpper,2
BestBarknCtown,NFL,1
BestBarknCtown,nflcommish,1
BetheMckenzie,FoxNews,1
BetheMckenzie,GregAbbott_TX,2
BetheMckenzie,TeresaCCarter2,1
BetheMckenzie,justinbaragona,1
BetsyMit1963,TomiLahren,2
BettyMa07242513,GeriGResist,2
BettyMa07242513,MargieG67027617,1
BettyMa07242513,robreiner,2
BevIE951,AsmCervantes,2
BevIE951,CalMatters,1
BevIE951,DesertSunNews,1
BevIE951,JeffHorseman,1
BevIE951,LaOpinionLA,1
BevIE951,LatinoCaucus,1
BevIE951,Univision34LA,1
BevIE951,calgbt,1
BevIE951,latimes,1
BevIE951,pressenterprise,1
BevIE951,sacbee_news,1
Beverly7956,IngrahamAngle,2
BeverlyNBCLA,TGrant622,2
BeverlyNBCLA,xthiggs,1
BeyondPump,DashDobrofsky,1
BeyondPump,EPAMichaelRegan,1
Bfarrell73,FoxNews,2
Bfarrell73,HackswithHaggs,2
Bfarrell73,LiamFennessy_,2
BhaskarPinna,DDNewslive,1
BhaskarPinna,DrTamilisaiGuv,2
BhaskarPinna,EduMinOfIndia,1
BhaskarPinna,HMOIndia,1
BhaskarPinna,HarGharTiranga_,1
BhaskarPinna,KCRunofficial,1
BhaskarPinna,KTRTRS,2
BhaskarPinna,KTR_News,1
BhaskarPinna,PIBHyderabad,1
BhaskarPinna,PMOIndia,1
BhaskarPinna,PTI_News,1
BhaskarPinna,TSwithKCR,1
BhaskarPinna,TelanganaCMO,1
BhaskarPinna,ani_digital,1
BhaskarPinna,ddyadagirinews,1
BhaskarPinna,dpradhanbjp,1
BhaskarPinna,isai_,1
BhaskarPinna,krishanKTRS,2
BhaskarPinna,narendramodi,1
BhaskarPinna,pbhushan1,1
BhaskarPinna,prakashraaj,1
BhaskarPinna,rajakumaari,1
BhaskarPinna,ranvijaylive,1
BhaskarPinna,trskcr2023,1
BhaskarPinna,trspartyonline,1
Biaframustbfree,ABC,1
Biaframustbfree,BBCAfrica,1
Biaframustbfree,BBCBreaking,1
Biaframustbfree,BBCIndia,1
Biaframustbfree,CNNAfrica,1
Biaframustbfree,ICC,1
Biaframustbfree,NGRPresident,1
Biaframustbfree,simon_ekpa,1
BiancafromPR,JeremyRFLA,2
BiancafromPR,NationCanes,1
BiancafromPR,atrupar,1
BidenStann,Morning_Joe,2
BidenStann,RepShontelBrown,2
BidenTroII,reckless,1
BigCountryPhil,SarahTheHaider,1
BigDan5309,JCalynnArt,2
BigDan5309,JoJoFromJerz,1
BigDan5309,jodiedebb,1
BigDan5309,realKILLERkross,1
BigHalNunn,HokeGop,1
BigHomieKODAQ,CoriTomorrow,1
BigLipRadio,DeLoach_NC,2
BigMurt,America_News_Co,1
BigMurt,CNN,1
BigMurt,pmartell63_,2
BigTunaStu,WWLTV,1
Big_Al_Burgundy,stoolpresidente,1
Big_Dom06,SteveHofstetter,1
Bigdogg2251,A_dogg86,2
Bigdogg2251,JuiceSimps0n,1
Bigdogg2251,KingKin1,1
Bigdogg2251,TheRealFuggs,1
Bigdogg2251,Ty_Yo24,1
Bigdogg2251,leeeahhhhh,1
Bigdogg2251,trojandude,1
BiggyfatO,XboxuYT,2
BigjosefromSj,957thegame,1
BigjosefromSj,alaninvegas,2
BikeMilton,BikeMilton,1
BikeMilton,MiltonTimes,1
BilMills1,DanRather,2
BillBaar,newrepublic,1
BillCha95965906,CecilyNarrates,1
BillCha95965906,MichelleDiazEsq,1
BillCha95965906,nataliedavistv,2
BillChurchMedia,AmPress,1
BillChurchMedia,CharlotteObser,1
BillChurchMedia,MiamiHerald,1
BillChurchMedia,RhemaThompson,2
BillChurchMedia,jessicabanov,1
BillChurchMedia,newsobserver,1
BillChurchMedia,rickhirsch,1
BillChurchMedia,sacbee_news,1
BillChurchMedia,sammyragland,2
BillColbynewton,GOPChairwoman,2
BillColbynewton,LeaderMcConnell,1
BillFromDaShore,BillFromDaShore,1
BillGertz_AIFS,ThePIENews,1
BillSpadea,Aikens_Josh,1
BillSpadea,nikki_on_fire,1
BillSpadea,petersnicoletti,1
BillSullivan02,DashDobrofsky,1
BillWhiteheadFL,MacFarlaneNews,2
Bill_Beck78,TraceH_news,1
BillyHoward423,tristateweather,1
BinaBerkun,BinaBerkun,1
BioEdMike,NABT_News,1
BirdAppJeff,OANN,1
BirdAppJeff,foxnewspolitics,1
BirdAppJeff,newsmax,1
BirdAppJeff,vegnep,2
BlacFrancis_,VAZE_HAZE,1
BlacFrancis_,issuu,1
BlackFl73099667,Know_More_News,2
BlackGirlsDrink,Local913,1
BlackInThaBurbs,cvpayne,1
BlackSh90218460,mckaycoppins,2
BlackSh90218460,svdate,1
Blade_theDJ,FoxNews,2
Blade_theDJ,kilmeade,2
BlakeTobey,rustywx,2
BlaneTruesilver,OldViennaLLC,1
Blasphmemer,RealOmarNavarro,2
Blasphmemer,ksorbs,2
Blasphmemer,mstone1104,2
Blest2BAwitness,FrankMillerIII1,4
Blest2BAwitness,Joeaverageshmo,2
Blest2BAwitness,LiLesah,1
Blest2BAwitness,reneebrown1966,5
Blest2BAwitness,thebias_news,10
Blinkz04,Gutfeldfox,1
Blinkz04,HanaBici72,1
Blinkz04,HowertonNews,2
Blinkz04,JackArnett11,2
Blinkz04,RealCandaceO,1
Blinkz04,RealJamesWoods,1
Blinkz04,RobSchneider,1
Blinkz04,SoloFlow786,1
Blinkz04,greta,1
Blinkz04,michellemalkin,1
Blinkz04,wfaa,1
BlissfulChelle,glamroclc,1
BlissfulChelle,noahspriing,1
Blogtownbycjg,therecount,1
Blondiegrrl,MidniteOil55,2
Blondiegrrl,RudyPanucci,2
Blondiegrrl,itmepagliacci,1
BlueChele,FoxNews,1
BlueChele,kilmeade,1
BluePrinceton,Acyn,1
BluePrinceton,DamonMast,1
BluePrinceton,MSNBC,1
BluePrinceton,RepTomEmmer,1
BluePrinceton,dcpetterson,1
BluePrinceton,eclecticbrotha,2
BluePrinceton,lifesafeast,2
BlueTurbanStone,googlenews,1
Bluedane022,Brasilmagic,1
Bluedane022,Joe05785541,2
Bluedane022,RZwierlein,1
Bluedane022,laurenboebert,1
Bluesysun63,13WHAM,1
Bluesysun63,AlexWROCLove,2
Bluesysun63,BidensWins,2
Bluesysun63,CityRochesterNY,1
Bluesysun63,News_8,12
Bluesysun63,RochesterNYPD,1
Bluesysun63,USMarshalsHQ,1
Bluesysun63,WHAM1180,1
Bluesysun63,realmalikevans,1
Bluesysun63,the_sigismund,1
Bluesysun63,whec_bbrean,1
Bmh1winHill,Wolfie057,2
Bmine2012,bubbaprog,1
BoBromhal,AlexBerenson,1
BoBromhal,Leftylockdowns1,2
BoBromhal,WalkerBragman,1
BoBromhal,alexkotch,1
BoCash84,RCamposDuffy,2
BoCash84,aishahhasnie,1
BobCoble5GC,Boeing,1
BobCoble5GC,weareboeingsc,1
BobFoolery,BobFoolery,1
BobFoolery,ChuckGrassley,2
BobFoolery,Jmylove05,2
BobFoolery,RonFilipkowski,2
BobFoolery,TayFromCA,2
BobFoolery,VP,1
BobFoolery,kilmeade,1
BobFoolery,seanspicer,2
BobJacoby5,SpiroAgnewGhost,1
BobJohn12512566,RepLizCheney,2
BobJohn12512566,guypbenson,1
BobJohn12512566,jwhit01,2
BobLancia,EricMMatheny,2
BobMorthole,JohnHullEG,2
BobWestal,HarmonMcCraw,2
BobWestal,SocialistFrank,3
BobWestal,peterdaou,1
BobWestal,philly_bernie,2
Bob_Wire,amvetsupport,2
BobbiSchutz,Liz_Cheney,1
BobbiSchutz,WyoCaliBuilder,2
BobbyBump,stevemagness,1
BobbyRai_,Pharmdca,2
BobbySong13,kilmeade,1
BobbyV2421,SteveReinharz,2
BobbyVillela,RealLyndaCarter,2
Bobbybillings13,FoxNews,1
Bobbybillings13,NBCNews,1
Bobbybillings13,demelza3000,2
BoboandChichi,KrummyKitty,1
Bobshoes2022,HawleyMO,2
BocaFanTV1,FabrizioRomano,2
BocaFanTV1,GalatasaraySK,1
BodicaSally,Paula_Dockery,2
BodyStories_TFD,BodyStories_TFD,1
BoernerEb,GuntherEagleman,2
BoernerEb,JackPosobiec,2
BoernerEb,POTUS,1
BoiJuanda,BaddCompani,2
BoiJuanda,sahilkapur,2
BoilingFlask,BobSinkerII,1
BoiseGts,GrimsToyShow,2
BoiseStateBAA,BroncoSportsFB,1
BoithLou,DickieV,2
BoltCuddy,chigrl,2
BombshellNana,donwinslow,1
BonTemps_Rouler,BillCumings,1
BonTemps_Rouler,ClutchRipz,1
BonTemps_Rouler,CouleeCards,1
BonTemps_Rouler,JVegaCards,1
BonTemps_Rouler,Nthnttn,2
BonTemps_Rouler,YoJaffe,1
BonesOfComedy,LOtimes_,1
BongRipsMan,TheRobinSteele,2
BonitaDomEnergy,13NewsNow,1
BonitaDomEnergy,DominionEnergy,1
BonitaDomEnergy,RoyCooperNC,1
BonitaDomEnergy,WHRO,1
BonitaDomEnergy,WTKR3,1
BonniePrice11,electhoulahan,2
Bonniekra56,MichaelSteele,1
Bonniekra56,PeggyStuart,1
Bonniekra56,colsen1776,1
Boobalaa1954,AndresH72511123,4
Boobalaa1954,cakejasey91,2
Boobalaa1954,ehartman1975,4
Boobalaa1954,harrylitman,4
Boobalaa1954,simply_yanggang,4
BoogidFfskw2002,JacquiHeinrich,2
Book_Lady_127,12News,1
Book_Lady_127,87_RobertM,2
Book_Lady_127,APFactCheck,2
Book_Lady_127,ArdRhi3,1
Book_Lady_127,BrianEskow,2
Book_Lady_127,FOX10Phoenix,1
Book_Lady_127,FoxNews,1
Book_Lady_127,Hendy42,2
Book_Lady_127,JamesAFVetVa,1
Book_Lady_127,Janet80223580,1
Book_Lady_127,Jim_Jordan,1
Book_Lady_127,OANN,1
Book_Lady_127,RuthEll60020112,2
Book_Lady_127,Theresaroets911,2
Book_Lady_127,TrumpOccupy,2
Book_Lady_127,abc15,1
Book_Lady_127,azfamily,1
Book_Lady_127,chompskeeter,2
Book_Lady_127,chrisbr95682010,2
Book_Lady_127,lol_momof2boys,2
Book_Lady_127,newsmax,1
Book_Lady_127,politvidchannel,4
Book_Lady_127,rhonda_harbison,1
BoomBoomBango,AprilWheeler5,1
BoomBoomBango,GloriousAllianc,2
BoomBoomBango,twilight433,2
BootsieLarsen,BoSnerdley,1
BootsieLarsen,jsolomonReports,1
BooyerE,LarryFranklin16,2
BooyerE,MikeQuotable,1
BooyerE,MrMalmin,1
BooyerE,SuchATimeAsThi5,2
BooyerE,TerriGilliam14,1
BooyerE,ejohnt49,2
BooyerE,kenolin1,2
BooyerE,whittler_e,2
BoriQueerReads1,KennyAlphaOmega,2
BoringDweller,Dr_Emergencydoc,2
BoringDweller,ralphruthe,1
BossMonstaKaiju,AtlasTalent,1
BossMonstaKaiju,hezzy_starrVO,2
BossOfTalking,WashPost,1
BossOfTalking,scottbrodbeck,1
Boss__Commander,atrupar,1
BostonHeraldHS,ClipperAD,1
BostonMissions,TheBostonPilot,1
BoutilierDan,GastonW250,1
BoutilierDan,antiputler_news,2
BowenJanet,JewishResister,2
BowenJanet,NormOrnstein,2
BowiesNana,SmnWeekly,2
BoxTruckMatt,casey_abashian,2
BoxwoodRusty,KingOfPhinland,1
BoxwoodRusty,dolphreaky,2
BradB_Outdoors,ByRobinEpley,1
BradB_Outdoors,CMSeanLoloee,1
BradB_Outdoors,Captain_Hooks,1
BradB_Outdoors,SacBeeEditBoard,1
BradB_Outdoors,SacCountyCA,1
BradB_Outdoors,johnfmoralesf,1
BradB_Outdoors,oldcityguardian,2
BradB_Outdoors,sacbee_news,1
BradHolm,Steelersgirl217,2
BradHolm,vote4robgill,2
BradKTEC,KyTouchstone,1
BradPerala,JeffPassan,1
BradenCarmen,TheObserverNY,1
Brady2Day,DashDobrofsky,1
Brady2Day,PeterQHancock,1
Bran_InTheArena,NYMag,1
Brandkio,trussbustrading,1
BrandonGayleHa1,jennwilliams23,2
BrandonKravitz,AdamSchefter,1
BrandonLive,TweeterTweaker,4
BrandonLive,fly4dat,2
BrandonLive,theschnell3,1
BrandonReef,HamiltonCoEOC,2
BrandonSiedlik,BrandonSiedlik,1
BrandonTreakle,lasseterwinery,1
BrandonWolfCLE,RuiterWrongFAN,1
Brandon_Odoi,TheAthleticCFB,1
BrandonthaChamp,CFF_Jared,2
BranhamHolly,RonFilipkowski,2
Branscum8Cindy,ShellyC08,2
BrashleyDebbie,MichaelCBender,1
BrashleyDebbie,thecuttman,2
Brava_Sandra,CalltoActivism,1
Brava_Sandra,Lawrenc00642407,2
Brava_Sandra,NickAdamsinUSA,2
Brava_Sandra,QuancyClayborne,2
Brava_Sandra,chipfranklin,2
Brava_Sandra,spiritULeigh,2
Bread4Greatness,ArtofBread,2
BreedersCup,Longines,2
Breeze_BnG,jasrifootball,1
BrendaG87249652,Cook_D_5,2
BrendaG87249652,IngrahamAngle,1
BrendaG87249652,MeidasTouch,1
BrendaG87249652,R65114452Monica,2
BrendaG87249652,duty2warn,1
BrendaN4165,BurningLight4U,1
BrendaN4165,armedniceguy,2
BrendaN4165,jsrailton,1
Brendabcdefghi,CalvinE43701301,1
Brendabcdefghi,Darfinity,1
Brendabcdefghi,DarrellBuckne13,1
Brendabcdefghi,DavidG30719513,1
Brendabcdefghi,DorisMele,1
Brendabcdefghi,FrankPLP2022,1
Brendabcdefghi,GDWProducts,1
Brendabcdefghi,Jan6thFalseFlag,1
Brendabcdefghi,Kimberl47031679,1
Brendabcdefghi,MartinTurnbul19,1
Brendabcdefghi,MarvinRJeffcoat,1
Brendabcdefghi,MatrixSimulated,1
Brendabcdefghi,Michel78118339,1
Brendabcdefghi,NoBulls55224206,1
Brendabcdefghi,Noel82002324,1
Brendabcdefghi,Quin4Trump,1
Brendabcdefghi,RacerX29683474,1
Brendabcdefghi,RightWut,1
Brendabcdefghi,S51781902,1
Brendabcdefghi,SandraGray9,1
Brendabcdefghi,SlaterBrowne,1
Brendabcdefghi,SouthernElixer,1
Brendabcdefghi,T_WJackson,1
Brendabcdefghi,USAintheRGV,1
Brendabcdefghi,VtTbQW9s3xjPOow,1
Brendabcdefghi,Wahboom,1
Brendabcdefghi,WaterburyKevin,1
Brendabcdefghi,WonderWoman024,1
Brendabcdefghi,absolutelywoman,1
Brendabcdefghi,bombaybadboy,3
Brendabcdefghi,dan75198621,1
Brendabcdefghi,fireball_lady,1
Brendabcdefghi,kcinor,1
Brendabcdefghi,keepitwilder,1
Brendabcdefghi,marvin_hill123,1
Brendabcdefghi,mimisweetpawss,1
Brendabcdefghi,nicher66,1
Brendabcdefghi,ownlylivinboyNY,1
Brendabcdefghi,robcarlson20,1
Brendabcdefghi,sherry2diamond,1
Brendabcdefghi,wendyp4545,1
Brendabcdefghi,yvonnecar20,1
BrendanBald,BlackRock,1
BrendanBald,coinbase,1
BrendanJGomez,_BarringtonII,1
BrendelRoss,StarTribune,1
BrendelRoss,StribSports,1
BrendonLeslie,BrendonLeslie,4
BrendonLeslie,CPAC,1
BrendonLeslie,FLVoiceNews,4
BrendonLeslie,sfdb,2
BrenjMN,JediGhostRob,2
BrennonChapman,MemphoNewsLady,2
BrennonChapman,WMCActionNews5,1
Brent01718164,NStoolfire,2
Brent01718164,PicsOrIt,2
Brent49551290,GeorgeG67395401,2
Brent49551290,chuck_shumer,1
BrentCo97034964,DEADLINE,2
BrentRuswick,BrentRuswick,1
BrentSchwartzz,JFowlerESPN,1
BrettSBaker,1011_News,1
BrettSBaker,huskerchamps1,1
BrettSBaker,nmaestas,2
BrewviesWthMatt,SonyPictures,1
BriHollisNEWS,Austin_Police,1
BriHollisNEWS,KXAN_News,3
BriHollisNEWS,RemadnaKXAN,1
BrianAllman,GOP,1
BrianAllman,briantylercohen,1
BrianBookwalter,BPHampton,2
BrianBookwalter,POTUS,1
BrianCarltonVA,BrianCarltonVA,1
BrianCarltonVA,FarmvilleHerald,1
BrianCopie,robreiner,1
BrianDeMatteo1,CNN,4
BrianDeMatteo1,MSNBC,6
BrianDeMatteo1,cnnbrk,1
BrianDuganNFL,OK_Magazine,1
BrianDunseth,AMW_FC,2
BrianFox46,Panthers,1
BrianFox46,Queen_City_News,1
BrianFox46,SirPurr,1
BrianKlein2366,BeschlossDC,1
BrianKlein2366,MSNBC,1
BrianKlein2366,NBCNews,1
BrianKlein2366,maddow,1
BrianMcGraw100,duty2warn,2
BrianPShea,gameinformer,1
BrianWigington,FudoFinalform,2
BrianWynne78,nowthisnews,1
Brian_Williams2,kylegriffin1,1
Brianmo68106455,sarah_j_robins,2
Brides_N_Blooms,StephenKing,2
BridgettMcDerm3,KenClarkTV,13
BridgettMcDerm3,channel2kwgn,13
BridgettMcDerm3,chris_tomer,13
BridgettMcDerm3,chrisparente,13
BridgettMcDerm3,katieorth,13
BridgetteCrowdr,CNN,1
BridgetteCrowdr,MSNBC,1
BridgetteCrowdr,ariannahuff,1
BridgetteCrowdr,kkirtley26,1
BridgewaterMLAX,BridgewaterMLAX,1
BrinsonDrizzy,ArtBySaudia,2
BrinsonDrizzy,ShmackHarv,1
Brios7,ABC7Chicago,1
Brios7,newsnneka,1
Britt__Jan,KennyMoralesTV,2
Britt__Jan,UCF_Football,1
BrittanyLBang,NHLBruins,1
BrittanyLeeMD,KDemarest05,1
BrodeurCheri,AaronParnas,2
BrokawTim,FoxNews,2
BrokawTim,GGreen1989,2
BrokawTim,makoose23,2
BrokenLobo,espn,1
BroncoFanatic97,AricDiLalla,1
BrookeBrighton,BrookeBrighton,1
BrooklyniteAu,BrooklyniteAu,1
BrooklynsOwn90,mamabotanical,2
BrotherDarknes7,Oti09280470,1
BrotherDarknes7,RooFeeOhh,2
Brpkelly,Ackerman1120,1
Brpkelly,Cardinals,1
Brpkelly,DeanPSUpa,1
Brpkelly,DebbieMonterrey,1
Brpkelly,Joe_Pott,1
Brpkelly,MattBenzWeather,1
Brpkelly,calvinandhobbes,1
Brpkelly,johnrhancock,1
Brpkelly,kmoxnews,1
Brpkelly,mskstl,1
BrrrrThe,cwt_news,4
BruceMcGarry1,axios,2
BrucePerdu,NBCSCommanders,1
Bruinitis,BryanDGriffin,2
Bruinitis,GovRonDeSantis,1
Bruinitis,NanHayworth,1
BrunoTaltalian,sam_lister_,2
Brusview,BretBaier,2
BryanD851,brianstelter,1
BryanHo62952776,ClutchPointsApp,2
BryanHo62952776,Lakers,1
BryanHo62952776,NBA,1
BryanHo62952776,RealSkipBayless,1
BryanHo62952776,russwest44,3
BryanJBradford,LoriJulia,1
Bryankorourke,Acyn,2
Bsheart1,TammyRipley37,2
BswLynette,ReallyAmerican1,2
BswLynette,jgindel,1
BubbaYega,soju_warrior,2
BubbasCruising,CruiseRadio,2
BubbleWrappToys,momijiHQ,1
Bubbles12597553,ChrisLe55820841,2
Bubbles12597553,LeistikowJoan,1
Bubbles12597553,LolaRamona8,2
Bubbles12597553,NEWS_MAKER,2
BuckGenoIII,Acyn,1
BuckGenoIII,RonFilipkowski,1
BuckGenoIII,kilmeade,1
BuckGenoIII,seanhannity,1
BuckeyeRidley,BlueNileDiamond,1
BuckeyeRidley,ChainStoreAge,1
BuckeyeRidley,SignetJewelers,1
Buckeye_Brad,AP,1
Buckeye_Brad,MandyBell02,1
Buckeye_Brad,MaryKayCabot,1
Buckeye_Brad,bdobney,1
Buckeye_Brad,jeffrey_dudas,1
Bucktown3trey,FaucheuxRacing,1
Bucktown3trey,ItsMeGinoB,2
Bucktown3trey,KP_KP1,1
Bucktown3trey,LouisianaDowns,1
Bucktown3trey,kaygeon,1
Buenobomb,AsmCervantes,2
Buenobomb,CalMatters,1
Buenobomb,DesertSunNews,1
Buenobomb,JeffHorseman,1
Buenobomb,LaOpinionLA,1
Buenobomb,LatinoCaucus,1
Buenobomb,Univision34LA,1
Buenobomb,calgbt,1
Buenobomb,latimes,1
Buenobomb,pressenterprise,1
Buenobomb,sacbee_news,1
BuffaloBeauts,MaddieTruax_2,1
BuffaloBeauts,UNHWHOCKEY,2
BuffaloBeauts,jsantalucia96,1
BuffaloPhil_,pelonrikoo,2
Bugz_206,NStoolfire,2
BukiWilliams,CNNPolitics,1
BukiWilliams,DavidBegnaud,1
BukiWilliams,maggieNYT,1
BukiWilliams,samstein,1
BurdetteBradley,InvestigatorCps,1
Burger_Meister6,ABC,1
Burger_Meister6,CBSNews,2
Burger_Meister6,HalSparks,1
BurgieHoward,jen_mcfadden,2
BuyronsbookRon,LeftofCentrism,1
Bward3,NEunsolved,1
Bwm33,ChrisCotillo,1
ByAshleyMoss,BethMooreLPM,2
ByGrace26,Storm4Congress,2
C130GreybeardTN,AGHamilton29,1
C130GreybeardTN,ChrisBest_66,1
C130GreybeardTN,ChristinaPushaw,4
C130GreybeardTN,JennaEllisEsq,2
C130GreybeardTN,Mike_Pence,1
C130GreybeardTN,ZaidJilani,1
C130GreybeardTN,davidmweissman,2
C130GreybeardTN,nprpolitics,1
C130GreybeardTN,subsix848,1
C2013Jones,DanWuori,1
C4CodyW,mattxiv,1
CABrownTV,ABC12Terry,1
CARLWAGNER2,TuckerCarlson,1
CASheriffLaRue,SiskiyouSheriff,1
CAStormLover,cwt_news,2
CBS58,wistatefair,1
CBSNewsPress,Jerickaduncan,1
CBSNewsPress,NABJ,1
CBSNewsPress,errolbarnett,1
CBayless,TheLeoTerrell,2
CBoomerVazquez,ABC,1
CBoomerVazquez,CBoomerVazquez,1
CBoomerVazquez,iheartmiami305,1
CCirolia,BostonGreen9,2
CCirolia,CNNPolitics,1
CCirolia,MaryandWinnie,1
CCirolia,SusanInDelaware,1
CCirolia,ZaleskiLuke,2
CD3Gator,BrostaDelMar,2
CD3Gator,GettinSwamped,2
CD3Gator,SECNetwork,1
CD3Gator,Senor3ringsWitt,2
CD3Gator,jaxdotcom,2
CD3Gator,jt_money27,2
CD3Gator,whitetiger0203,2
CDReed,SeanEllertson,2
CDReed,pressfreedom,1
CDReeseUSA,Davidlaz,2
CDeHarde,BrandonWimmer,1
CDeHarde,dirtvision,1
CDeHarde,knoxvilleraces,2
CDowns21413668,FoxNews,1
CELIAMENDOZA25,CELIAMENDOZA25,1
CELIAMENDOZA25,JacquiHeinrich,1
CEO4SHO,ShimPorter,2
CFLBass,ArtValley818_,2
CFraase,TeaPainUSA,1
CFraase,gemswinc,2
CFraase,mmpadellan,2
CHDerrington,RichardsonISD,2
CHEFBERNIE_,KTLAMorningNews,1
CHISDFACE1,cedarhillisd,1
CHISPORTSCRAZ82,3PointStansPod,1
CHISPORTSCRAZ82,Jeremykrevat2,1
CHISPORTSCRAZ82,Jets_United,1
CHISPORTSCRAZ82,WestSportsPT,1
CHISPORTSCRAZ82,ZachWilson,1
CHISPORTSCRAZ82,jeffphowe,1
CHRISM728,Wisewonders,2
CHRISPYakaKON,MrAndyNgo,1
CHRISTINEARDIS,VIDA_Careers,1
CHawksRun,CHawksRun,1
CHawksRun,academic_la,1
CJCampbell30,evanwoodbery,1
CJG1178,WBTV_News,2
CJRamClip,Think_BlueLA,2
CJ_Newborn48,flanpr,2
CLAYTON59964827,HBCUSports1,2
CLAYTON59964827,OccupyDemocrats,1
CLAYTON59964827,atrupar,1
CLopezFOX26,KMPHFOX26,1
CLopezFOX26,RichRodFox26,1
CLopezReports,BitwiseInd,1
CLopezReports,KVPR,2
CLopezReports,OHnewsroom,1
CLopezReports,TEDRadioHour,1
CLopezReports,irms,1
CLopezReports,jn_moore,3
CLopezReports,manoushz,1
CMGLEASON1,KenDilanianNBC,1
CMGLEASON1,seanhannity,1
CNative1960,ABC,1
CNative1960,CBSEveningNews,1
CNative1960,CBSNews,1
CNative1960,FoxNews,2
CNative1960,NBCNews,1
CNative1960,TODAYshow,1
COACHJONES14,SAUFalcons,1
COACHJONES14,SAU_News,2
COOLAZTEC,EVT_News,1
COOLAZTEC,PadreDeCuatro,1
COOLAZTEC,ahaghver23,1
COOLAZTEC,gillianbcn,2
COWYRedCross,NWSBoulder,2
CPTBaum,Helene731,1
CPTBaum,RpsAgainstTrump,2
CPTBaum,WalshFreedom,2
CPTBaum,adgirlMM,2
CPTBaum,camrynbaylee,2
CPTDoomDC,GBreezyy02,2
CPTDoomDC,HillaryClinton,1
CPTDoomDC,lavern_spicer,1
CPTOshaughnessy,jmartNYT,2
CPark_1985,NEWSMASTER69,1
CPedracine,LesleyMckeand,2
CRICE17,DEADLINE,1
CRodriguezMDPhD,Bangasser_Lab,3
CRodriguezMDPhD,GeorgiaStateU,1
CRodriguezMDPhD,ga_res_alliance,1
CSPLWarrior,RepStefanik,2
CWMma,hondanhon,2
C_ClareHogan,KathGraham2,1
C_ClareHogan,djrothkopf,1
C_ClareHogan,rumeliobserver,2
C_Marchio2,TJQuinnESPN,1
Cai_Lyfe,PammyDee,2
Cait_onthe_Luce,kimberlyburnspr,1
CalamityRob,VaultGirl_Elise,2
CaleMom,bennyjohnson,1
CaleMom,tedcruz,2
CalebBoatwright,3fRacing,1
CalebBoatwright,AutoOwnersIns,1
CalebBoatwright,CLTMotorSpdwy,1
CalebBoatwright,JRMotorsports,1
CalebBoatwright,JoeGibbsRacing,1
CalebBoatwright,KurtBusch,1
CalebBoatwright,MarcoAndretti,1
CalebBoatwright,MartinTruex_Jr,1
CalebBoatwright,NASCAR_Xfinity,1
CalebBoatwright,NASCARonNBC,1
CalebBoatwright,NoahGragson,1
CalebBoatwright,RichmondRaceway,1
CalebBoatwright,TyGibbs_,1
CalebBoatwright,sam_mayer_,1
CalebMichaelTV,NWCCInfo,1
CallAPlusServ,NotHoodlum,1
CallAPlusServ,actual_farmer,2
CallMe_Demo,I_LikeChocoMilk,2
CallaWalsh,CallaWalsh,1
CallieBorden,MendezKids1st,1
CallieBorden,SMCISDsped,1
CallsByNoah,Brett_McMurphy,1
CamHasbrouck,LevinsReports,1
CamMariotti,kilmeade,1
CamberRibbons,D4E,1
CamberRibbons,IceColdVengence,2
CamberRibbons,MarlonFutures,1
CameliaMotoc18,amyhsin,2
CameliaMotoc18,jrstlouis,2
CameliaMotoc18,k4mil1aa,1
CameliaMotoc18,partoftheband_,2
CameliaMotoc18,stern_angelica,4
CameronAM4,DinamaMousa,2
CameronBoppTV,BArndt_News,1
Cameronleem20,Cameronleem20,1
CamiDRyan,prometheusgreen,2
Cammaui85,A_Bama_,2
Cammaui85,NWK1WAYS,12
Cammaui85,SergeantAqGo,1
Cammaui85,joelpollak,1
Cammaui85,ray_dodgers,2
CanAgeBC,DrSamirSinha,1
CanAgeBC,SinaiGeriatrics,2
CanAgeBC,SinaiHealth,1
CanAgeBC,UHN,1
CanYouSeeLine,ABC,1
CanYouSeeLine,BND1129,2
CanYouSeeLine,DinneratMikes,1
CanYouSeeLine,NBCNews,1
CanYouSeeLine,tina_j_,2
CaneShoboi,CaneAccount,2
Canefury79,CanesInSight,1
Canefury79,CanesfanDuke,1
Canefury79,PeterAriz,2
CanesfanSherry,Dolfin55,2
CankleFish,TheDailyShow,1
Cap_Kaveman,PHNX_Dbacks,1
CapeFloy,OprahDaily,1
Capital_FinServ,ArmisSecurity,1
Capital_FinServ,SentinelOne,1
CapitolRailfan,CapitolRailfan,1
CaponeTeaches,Jess_Pyre,2
CaptnBern,deesnider,1
CarBackwards,A_S12,1
Car_Guy_Tom,Automotive_News,1
CaraLTaylor,cjcmichel,1
CarianneLindsey,wjxt4,1
CarissaonFOX7,austinpetsalive,1
CarlPratherWAFF,Les_Johns,1
CarlaBenard3,gtconway3d,2
CarlaWVTM13,DemondFernandez,1
CarlaWVTM13,TheRoot,1
CarlaWVTM13,WVTM13,1
CarlaWVTM13,marcusmoore,1
Carlmingram2,ReutersLegal,2
CarlosF19d,Dave0087055887,2
CarlosF19d,FoxNews,11
CarlosF19d,RoyalPurple777,4
CarlosF19d,SkyNewsAust,2
CarlosF19d,alipalliB,2
CarlosF19d,beth29882558,6
CarlosF19d,scott_borror,2
CarlosQ200,ElleAyeDub,2
Carlos_Passion,Massawyrm,1
Carlos_Passion,Predator,1
CarloscorreaUsa,STF_oficial,1
CarloscorreaUsa,TSEjusbr,1
CarloscorreaUsa,monicabergamo,2
CarlyC26,KellyO,1
CarlyC26,craignewmark,1
CarlyMaeDubs,MayoIsSpicyy,1
CarlyMaeDubs,RyanShead,2
Carmelotd1,jimcramer,1
Carmen_OnTv,wkyc,1
Carol96208870,AnnaBel09390268,2
Carol96208870,_sid_the_cat__,2
CarolLynnJohns1,BNBuzz,1
CarolLynnJohns1,amazon,1
CarolLynnJohns1,donwinslow,2
CarolinaToffees,arielhelwani,1
Carolinakeith_1,Carolinakeith_1,1
CarolinasBFP,KeepBlitzin,1
CarolynHut1,MikeSilver,2
CarolynHut1,sfchronicle,1
Carrielmathis,theblaze,1
CashOverClout,MTVNEWS,1
Casshooole,BodyslamNet,2
Casshooole,GiftedMoney,4
Casshooole,TOMTALKSRUBBISH,2
Casshooole,TheRajGiri,2
Casshooole,WWEStratosphere,1
Casshooole,wrestlewatchpod,3
CassiD_leo02,ThatParkPlace1,2
CassidayDennis,FoxNews,2
CassieJFox,the_bassplayer,1
Cassiewdsu,wdsu,1
CassyArsenault,KingSolid_14,1
CassyArsenault,_CrystalMWatson,1
CassyArsenault,lylesle1,1
CatherineMFDS,eliehonig,2
CatherineMFDS,patriottakes,2
CatholicDems,KariVanHorn,1
Cathrinmachin,LostKeys28,2
Cathy16312017,SenTedCruz,1
CathyOlive4,seanhannity,1
CathyWood24,MariaLacombe,1
CathyWood24,dianecj610,2
CavanaughXavier,FBI,3
CavanaughXavier,FoxNews,2
CavanaughXavier,IngrahamAngle,2
CavanaughXavier,JohnnyboyValdez,2
CavanaughXavier,JusticeDept_RP,1
CavanaughXavier,POTUS,1
CavanaughXavier,RobertCahaly,1
CavanaughXavier,SherrillMoss3,2
CavanaughXavier,SuzGamboa,3
CavanaughXavier,seanhannity,2
Cawley_TV,AshleyD_News,3
Cawley_TV,JBaker_WTOV,2
Cawley_TV,Maria_Bryant534,2
Cawley_TV,WxShield,2
Cawley_TV,cgheilman,2
Cawley_TV,jacobkaucher,3
Cawley_TV,sheetz,2
Ccorinne80,BetoORourke,1
Ccorinne80,fred_guttenberg,2
CeliaGo47272182,Ninetypercent5,1
CeliaGo47272182,ScottPresler,2
CentralBaptKids,cbcJonesboro,1
CerinoRoyale,Jim_Gardner,1
CfosheeChris,LizKMPH,2
ChadBirger,TylerJRoney,2
ChadBreeze15,DanRather,2
ChadLivengood,ChadLivengood,1
ChadLivengood,CraigDMauger,1
Chad_Concelmo,Chad_Concelmo,1
Chad_Pierre,GovRonDeSantis,1
Chad_Pierre,MELANIATRUMP,1
Chad_Steinkamp,ProFootballTalk,2
Chadrapp,SenatorTimScott,1
Chadrapp,UGADawgsAC48,2
Chafitz,EmersonLotzia,1
Chambec,LizMacDonaldFOX,1
Chambec,Stephanie_Link,2
Chambec,THR,2
ChandlerAZProud,EVPartnership,1
ChandlerAZProud,cityofchandler,1
ChandlerGuo,BarrySilbert,1
ChandlerGuo,MEXC_Global,1
ChandlerGuo,YouTube,4
ChandlerGuo,binance,1
ChandlerGuo,gate_io,1
Chandra0816,BidensWins,1
Chandra0816,briantylercohen,1
Chandra4GAPSC,SellsBryan,1
ChapO_334,juubiii__,2
CharityKeza,alice_kanyana,2
CharityKeza,kobwa250,2
CharlesAOKeefe,elisesullivan_,2
CharlesLBowers1,itsJeffTiedrich,2
CharlieAMWade,Edithwcooper,1
CharlieBallpark,reeveslawstl,1
CharlieEDGE253,WillQuintanaNW,1
CharlieEDGE253,iAmOneNineSeven,2
CharonBrad,RepMTG,2
Chase_Glorfield,Jack_Schemmel27,1
ChaskaBlake,NFL,1
ChaskaBlake,kare11,1
ChattahoocheeJB,NEWS_MAKER,4
ChattahoocheeJB,PeterDawsonUSA,4
ChattanoogaFC,BenBobickLocal3,1
ChaudriIrfan1,SdqJaan,1
ChaudriIrfan1,arsched,2
ChaudriIrfan1,zeejee5,2
ChaveraEdwards,blgtylr,1
ChaveraEdwards,marigolds,2
Chavis1Annie,CarranzaYlda,2
Chavis1Annie,News_Dr252,3
Chaybyday,dbnewsjournal,1
Chaybyday,pbpost,1
ChazWrightTV,BullManWxMan,1
ChazWrightTV,SteffenRealsTV,1
Chaz_Mena,SimonRedK6,1
Cheeksadam,frailgesture,1
ChefDrew702,AMCHelps,1
ChefDrew702,AMCTheatres,1
ChefDrew702,BlackRock,1
ChefDrew702,Blaq_ETH,1
ChefDrew702,DickTugging,1
ChefDrew702,GaryGensler,1
ChefDrew702,PeterRHann1,1
ChefDrew702,SECGov,1
ChefDrew702,ScrapeUpDaBowl,1
ChefDrew702,T_4_Tanya,2
ChefDrew702,The_DTCC,1
ChefDrew702,TradesTrey,1
ChefDrew702,WenPounce,2
ChefDrew702,business,1
ChefDrew702,coinbase,1
ChefDrew702,colin_gladman,1
ChefDrew702,cvpayne,1
ChefDrew702,dlauer,1
ChefDrew702,investvoyager,1
ChefDrew702,kcgingerspice,2
ChefDrew702,public,1
ChefDrew702,pulte,1
ChefDrew702,stephensikes_,1
ChefDrew702,unusual_whales,3
ChefTimK,MickEZinc,2
ChefTimK,johncusack,1
ChelleVick,CaptainRedAB,2
ChelleVick,FoxNews,1
Chepe0366,ABC,2
Chepe0366,CNN,6
Chepe0366,ChristopherHahn,2
Chepe0366,JamesFranco,1
Chepe0366,JohnLeguizamo,1
Chepe0366,OccupyDemocrats,2
Chepe0366,Reuters,1
Chepe0366,TMZ,1
Chepe0366,politvidchannel,1
Chepe0366,wolfblitzer,1
CherFeldman,CherFeldman,2
CherrieHMoyle1,CherrieHMoyle1,1
CherylBibber,ABC,2
CherylBishop33,SoonerinKansas,2
CherylF86066945,KCMikeMahoney,2
CherylF86066945,kmbc,1
CherylWHunter,nporterRocks,2
ChettandSherrie,Mighty990KWAM,1
ChewyWalrus,ChewyWalrus,1
ChewyWalrus,micheleneggen,3
ChiFamilyBiking,ChicagoDOT,1
ChiFamilyBiking,King4thWard,2
ChiSoxStokes,RapSheet,1
Chicago_Device,DollfaceSword,2
Chicago_Device,SoxBearPayton,2
Chicago_Device,whatsuplizard,2
ChicanoGis,MayraFlores2022,2
ChicoRobinsonAZ,RealMarkFinchem,1
ChiefJosheola,EmbryEthan,1
ChiefSonstegard,jeffcom911co,2
ChildrenAlachua,AlachuaCounty,1
ChildrenAlachua,FloridaPolicy,1
ChildrensFndn,DetroitPistons,1
ChildrensFndn,TheRealBenHogan,1
ChildrensFndn,firstteedetroit,2
ChillGaymerB,emmapearlhere,1
ChillJamil,ChillJamil,1
ChloeAnne2016,BobDobbs656,2
ChloeAnne2016,HuffPost,2
ChloeAnne2016,here_alright,3
ChloeAnne2016,witglass,3
CholoOfWallstrt,abc7jovana,1
Chris358Fay,JohnLariviere12,1
Chris358Fay,OccupyDemocrats,2
Chris358Fay,patiller,2
Chris358Fay,robreiner,1
ChrisCMecteau,heatsignature1,2
ChrisCMecteau,w_terrence,1
ChrisDavisMMJ,ChrisDavisMMJ,1
ChrisDavisMMJ,JonBurton32,1
ChrisDavisMMJ,KevinByard,1
ChrisDavisMMJ,MTSU,1
ChrisDavisMMJ,MtJulietFire,1
ChrisDavisMMJ,MtJulietPolice,1
ChrisDavisMMJ,NC5,1
ChrisDavisMMJ,Titans,1
ChrisDay2022,monsterapeclub,1
ChrisE97th,FBIPhoenix,1
ChrisE97th,FrankFigliuzzi1,2
ChrisE97th,GeorgeSolis,1
ChrisE97th,TODAYshow,2
ChrisE97th,pesterplarson3,2
ChrisGhent,Forkast_News,1
ChrisGhent,NEARFoundation,1
ChrisGhent,cryptolynbean,1
ChrisGhent,emilydparker,1
ChrisGhent,jennifffa,1
ChrisGhent,laurashin,1
ChrisHalicke,MikesBeerBar,1
ChrisHiers,CitizenFreePres,2
ChrisHiers,FoxNews,1
ChrisHiers,Peoples_Pundit,2
ChrisHiers,RaheemKassam,1
ChrisHohnholz,CoreyChapman,2
ChrisHohnholz,ThomasCoutouzis,1
ChrisJLarson,FoxNews,1
ChrisJOrtiz,abuyinza_news,2
ChrisJOrtiz,maggieNYT,1
ChrisKPolansky,ChrisKPolansky,1
ChrisKPolansky,TheOnion,1
ChrisKPolansky,emma_ckeith,1
ChrisMoore28,VegasBunBoy,2
ChrisPollone,boblobel,1
ChrisPollone,wbz,1
ChrisRu72626794,DEFI_RICH,2
ChrisSahm,johnlegend,1
ChrisSpiering,EVT_News,1
ChrisSpiering,SD_SportingNews,1
ChrisSpiering,SanAntonioFC,1
ChrisSpiering,SanDiegoLoyal,1
ChrisStrub,BinghamtonNow,1
ChrisStrub,ChrisStrub,1
ChrisStrub,Gannett,2
ChrisStrub,JeffPlatsky,2
ChrisStrub,pressconnects,1
ChrisWasselDFS,TheBetCrushers,1
ChrisWasselDFS,ifantasyrace,2
ChrisWi27180887,Fuzzy_Fuzzbutt,1
ChrisWi27180887,Tawnee69,2
ChrisWi27180887,marcorubio,1
ChrisZoladz,ChrisZoladz,1
ChrisZoladz,aaronofseyer,1
ChrisZoladz,wzzm13,1
Chris_Davenport,Franxhise,1
Chris_Davenport,RomeovilleKid,2
Chris_Davenport,TheAthletic,1
Chris_Davenport,davidaldridgedc,1
Chris_MetaOrd66,AfricanParks,1
Chris_MetaOrd66,DNPWMalawi,1
Chris_MetaOrd66,PHarry_Meghan,1
Chris_MetaOrd66,Twitter,1
Christi45798852,LawrenceBJones3,2
Christi61105872,740RN,1
Christi61105872,BellaMafia143,9
Christi61105872,C8Luna,2
Christi61105872,JanLyn1962,4
Christi61105872,MsBehavingChick,4
Christi61105872,NEWS_MAKER,7
ChristianM_28,IngrahamAngle,1
ChristianM_28,RepThomasMassie,2
ChristianWinn,LVAces,1
ChristianWinn,PushinglimitsLV,1
ChristianWinn,Raiders,1
ChristianWinn,RealKellyJones,1
ChristianWinn,YeshuaPaul,2
Christian_J_D_M,0oty_Mac,1
Christian_J_D_M,11Jayt,1
Christian_J_D_M,AJTheManChild,1
Christian_J_D_M,AngelBeingAngel,1
Christian_J_D_M,CUFFEE__,1
Christian_J_D_M,Chico_Fernan,1
Christian_J_D_M,Chuck1one,1
Christian_J_D_M,CokeButterCheez,1
Christian_J_D_M,DaBabyKnicks,1
Christian_J_D_M,DonaldP47082631,1
Christian_J_D_M,EdMemphisPimpin,1
Christian_J_D_M,Freekeith,1
Christian_J_D_M,GodSonRel,1
Christian_J_D_M,Imnotstate1,1
Christian_J_D_M,J1gg__,1
Christian_J_D_M,JimmyRego,1
Christian_J_D_M,KeepTomThibs,1
Christian_J_D_M,Knickanators,1
Christian_J_D_M,KnicksBig15,1
Christian_J_D_M,Knickstape2005,1
Christian_J_D_M,LegionOfKnicks,1
Christian_J_D_M,Majick1919,1
Christian_J_D_M,MikeK634,1
Christian_J_D_M,MindNy77,1
Christian_J_D_M,MoeKnicksTakes,1
Christian_J_D_M,Not47Buddz,1
Christian_J_D_M,PastorCoach917,1
Christian_J_D_M,RaphaelDiaz,1
Christian_J_D_M,RaskinsThe,1
Christian_J_D_M,Rick__War,1
Christian_J_D_M,ScottPerryGM,1
Christian_J_D_M,SellDaTeamDolan,1
Christian_J_D_M,Statspeg,1
Christian_J_D_M,TMal761,1
Christian_J_D_M,Trace_AVP,1
Christian_J_D_M,TruePG718,1
Christian_J_D_M,WarstuG,2
Christian_J_D_M,Woodshed_1914,1
Christian_J_D_M,YankeesKnicks99,1
Christian_J_D_M,_knicks1688,1
Christian_J_D_M,acinformal,1
Christian_J_D_M,bmorelikestate,1
Christian_J_D_M,eepdllc,2
Christian_J_D_M,eski225,1
Christian_J_D_M,leeovalentin,1
Christian_J_D_M,livelikelefty,1
Christian_J_D_M,nyknicks,1
Christian_J_D_M,queens_dude,1
Christian_J_D_M,rahmmagick,1
Christian_J_D_M,thelinefor2,1
Christian_J_D_M,victorlb03,1
Christie_D22,CitizenCohn,1
Christilneal215,MarkHamill,1
ChristinaMets15,MMAThanos,1
ChristineMcKea4,KUSINews,2
ChristineMcKea4,MrMokelly,2
Christine_Cohn,ksorbs,2
Christo11147106,Almis773,2
Christo11147106,AndoJordan,2
Christo11147106,BBCBreaking,6
Christo11147106,OmarKelly,2
ChromeDomeNM,Kdog69528903,2
ChrystalBlue88,etnow,1
ChuckBaggett,ChuckBaggett,1
ChuckBonfig,NotesFromHeL,2
ChuckMetzer,AnnaBel09390268,2
ChuckVansShow,AngelGutie3,1
ChuckVansShow,EddietheGreat84,1
ChuckVansShow,JeffGSpursZone,1
ChuckVansShow,MacPena,1
ChuckVansShow,RealSpurnandez,1
ChuckVansShow,RodimusBowtieSA,1
ChuckVansShow,SithLordElias,1
ChuckVansShow,TheGoodspodcast,1
ChuckVansShow,dannysanders80,1
ChuckVansShow,getbackzak,1
ChuckVansShow,puffdamajikdrgn,2
ChuckVansShow,satscribe,1
ChuckVansShow,spursnsalsa,1
ChuckVansShow,sweeptheleague,1
ChuckVansShow,terrellhuff,1
ChucklesShuffle,LauraBetker,1
ChunkleeNewz,realDailyWire,1
Chuy_meno213,1011_News,4
Chuygzaa,Acyn,1
CiapiG,WishNumberOne45,2
CieslakDr,FPWellman,1
CieslakDr,danielm77875673,2
CieslakDr,pwhickey,2
CinCincyGirl,USATODAY,1
CindiCurtin324,Angry_Staffer,2
CindiCurtin324,MikeKellyPA,2
CindiKillian,ArizonaCoyotes,1
CindyRa38536948,OccupyDemocrats,2
Cinematic_Life,Cinematic_Life,1
CircaArts,dbongino,2
CiscoDalton,MikeGiardi,1
CitizenCohn,Sulliview,1
CitizenCohn,oliverdarcy,1
Citizen_GIS,NSF,1
Citizen_GIS,UCF,1
Citizen_GIS,UCFSciences,2
CityofReno,NevadaOpenGov,2
ClaireBLang,PettyGMS,2
ClaireBLang,SiriusXMNASCAR,1
ClaireBehar,FCHEA_News,2
ClaireBehar,Youth4GH2,1
ClaireBehar,gh2org,1
ClaireBehar,hystorenergy,1
ClaireFox5DC,fox5dc,1
ClaireW_ERAC,Enterprise,1
ClaireW_ERAC,StefanWoolsey,3
ClaireW_ERAC,kierancregan,1
Clarknt67,BBCBreaking,1
Clarknt67,MysterR33,1
Clarknt67,joelaine_,1
Clarknt67,uwu_yong,2
ClassicJpow,PopCrave,1
ClayDowling,POTUS,1
ClayDowling,jasonfurman,1
ClaytonGeenen,zfish04,2
ClaytonHeitler,BullsNathanSBN,1
ClaytonHeitler,RobertSteegLife,1
ClaytonHeitler,SethVarnadore,1
ClaytonHeitler,StampedeSBN,2
ClaytonHeitler,USFFootball,1
ClaytonLBallard,AKrimbrulee,1
ClaytonLBallard,KurtWenzel7,2
ClaytonLBallard,pkaxiom,2
Clchiodojr13,KirkHerbstreit,1
Clchiodojr13,NDFootball,1
CleanAirDay,Barry_nvr,1
CleanAirDay,CSRwire,1
CleanAirDay,CleanairCA,2
CleanAirDay,MartinWisckol,1
CleanAirDay,MssnTmesCourier,1
CleanAirDay,MyDesert,1
CleanAirDay,RichmonStandard,1
CleanAirDay,StreetsblogLA,1
CleanAirDay,Telemundo20,1
CleanAirDay,VentureBeat,1
CleanAirDay,clairemonttimes,1
CleanAirDay,erika_kion,1
CleanAirDay,ktlagingerchan,1
CleanAirDay,mila_jasper,1
CleanAirDay,nbcbayarea,1
CleanAirDay,sacbee_news,1
CleanAirDay,sbsun,1
CleanAirDay,vcstar,1
CleanAirMoms_AZ,CleanAirMoms,1
CleanAirMoms_AZ,CleanAirMoms_AZ,1
CleanAirMoms_AZ,JustinGerdes,1
CleanAirMoms_AZ,SenMarkKelly,2
CleanAirMoms_AZ,SenatorSinema,2
ClemsonTom,nflrums,1
CliffJordan6,Last_Individual,2
ClintPayne1983,MarleneFlorkow,1
ClintPayne1983,flowlounge138,2
Clouseau51,EstebanJS_04,2
Clouseau51,JLMelenchon,1
Cmslatina,BHTxham,1
Cmslatina,ColonelMark3,2
Cmslatina,DirkDaknife,2
Cmslatina,ExiledArtistY,1
Cmslatina,WenInDestin,1
Cmslatina,disclosetv,1
Cmslatina,trex_bex,1
Cmusiclover,LINDAJUDY23,2
Cmusiclover,mmpadellan,1
CoachAlmoney,FreeKickPod,2
CoachAlmoney,PhinsideTheNFL,2
CoachAlmoney,the_real_reason,1
CoachBGonzo,B_Marsh92,2
CoachBJHall5,GavynSmith11,1
CoachBJHall5,HammerEliteFit,2
CoachDarby11,CBSMornings,1
CoachHenry14,CP_News,1
CoachJuice__,NOTELITESHOOTER,1
CoachJuice__,iBallEmpire,2
CoachKlecka,DVHS_TUHSD,1
CoachKlecka,TUHSD_News,1
CoachKlecka,ZachAlvira,2
CoachKlecka,huffine_tuhsd,1
CoachLaryYHS,YHS_HornetFB,1
CoachMLeonard,BudaJagsFB,1
CoachMLeonard,CoachAntoine,1
CoachMLeonard,CoachCarlin,1
CoachMLeonard,CoachKAkina,1
CoachMLeonard,DavidFambrough,1
CoachMLeonard,ThomasJonesAAS,1
CoachMLeonard,cswinzer,2
CoachMLeonard,stevehoffman74,1
CoachMLeonard,varsity_news,1
CoachNikiC_UVI,UVI_Athletics,1
CoachOAHS,BleacherReport,1
CoachOAHS,WNBA,1
CoachPCong,mehdirhasan,1
CoachPalmer3,ScottsEvilTwin,2
CoachRoberds,lizroeh,2
CoachTJMcKay,coachkmart247,2
CoachVasquezISD,CastleberryHigh,1
CoachVasquezISD,CberrySports,1
CoachVasquezISD,trejodaniel1998,1
Coach_Ad24,AHSFootball,1
Coach_Ad24,Commit2ThaC,1
Coach_Ad24,GHSF_news,1
Coach_Ad24,John_Morgo,1
Coach_Ad24,gafootballblogs,1
Coach_Ad24,samcrenshaw23,1
Coach_Ad24,slythesportsguy,2
Coach_Chrisman,TxAngelsBB,1
Coach_Marlin,alanbowden,2
Coach_McGuire95,CarlPratherWAFF,1
Coach_McGuire95,HSVk12,1
Coach_McGuire95,HSVsports,1
Coach_McGuire95,LeeGeneralsHSV,1
Coach_McGuire95,NolanKnightJr,1
Coach_McGuire95,WAAYTV,1
Coach_McGuire95,leehighhsv,1
Coach_McGuire95,waff48,1
CoachingDetroit,AnnaMedaris,1
CoachingDetroit,kanantharaman,1
CoastCountryCal,realJamesKlug,1
CochraneAldwyn,BidensWins,2
CochraneAldwyn,POTUS,2
CochraneAldwyn,SteveHofstetter,2
CochraneAldwyn,nathaliejacoby1,1
CocoaBrownJesus,BLaw,1
CodyAlcorn,FoxNews,1
CodyAlcorn,Yahoo,1
CodyBaileyWX,EVSC1,1
CodyBaileyWX,WEHTWTVWlocal,2
CodyReynolds03,CarlyAtch,1
CoelhoCuervo,KratosPRT,2
ColbeyMadewell,MarlyRiveraESPN,1
ColeFralick78,BriarLaPradd,1
ColeFralick78,JamesDeeGee03,2
ColeFralick78,PuckVanek,1
ColeFralick78,iRacing,1
ColinJWarnock,RonFilipkowski,2
ColinLundstrom,gardnerphil,1
ColinzCody,CamGaskinsTV,2
ColinzCody,WBTV_News,1
Coljulie88,Coljulie88,1
ColleenDippel,DanPatrick,1
ColleenDippel,GregAbbott_TX,1
ColleenDippel,RobertEnlow,1
ColleenDippel,TexasGOP,1
Colleeny1954,greatlakesgirl,2
CollinPerryman,ChantalFahmy,2
CollinPerryman,KeltonKatherine,1
CollinPerryman,UTSAResearch,1
CollinPerryman,swanamama,1
CollinPerryman,testaalex,1
CollinPerryman,utsabrainhealth,1
ColoradoGrizFan,EarnUrTurns,1
ColoradoGrizFan,JPfingsten,2
ColoradoGrizFan,kylorEPH,2
ColoradoJeeper,FierroNicole,1
Combat_Vet82,SpawnWaveMedia,1
Combat_Vet82,thepheshow,2
Commander_Zeta,PeterSchorschFL,2
Commander_Zeta,RepValDemings,1
Commander_Zeta,marcorubio,1
ConfrontDJ20,ABC,1
ConfrontDJ20,CBSNews,1
ConfrontDJ20,ConfrontDJ20,1
ConfrontDJ20,FoxNews,1
ConfrontDJ20,MITREcorp,1
ConfrontDJ20,NBCNews,1
Connie96647565,TribTomWharton,1
ConnorEaregood,chrismpeters,1
ConnorHines17,AustinFC,1
ConnorHines17,KXAN_News,1
ConnorHines17,noah_gross27,2
ConnorVolpe,ElisiaTickets44,2
Connor_J_Hughes,BrianCoz,1
Connor_J_Hughes,DouglasandSaleh,2
Connor_P_Murphy,steve_carrier,1
ConstantineCos7,DineshDSouza,1
ConstantineCos7,WillsonRich,2
Cooldachluke,anneholt,1
Coopon_tweet,Coopon_tweet,1
Coopon_tweet,MarALago,1
Copenhagen_bear,kwtx,1
Coralrives,NBC12,1
CoreenaBurke,GioBruno1600,2
CoreyBurns27,AliceMaeW,2
CoreyBurns27,WNEP,1
CoreyBurns27,emilykress_news,2
Corinne4Hillary,HillaryClinton,1
CornerKeith,BDMessick,2
CornerKeith,FoxNews,1
CortneyWarwick,DineshDSouza,2
CoryGreen14,949kdxu,1
CoryGreen14,APFactCheck,4
CoryGreen14,AdamParkhomenko,2
CoryGreen14,ArtAK471,2
CoryGreen14,BasedMikeLee,2
CoryGreen14,CoryGreen14,1
CoryGreen14,Deseret,1
CoryGreen14,FBI,1
CoryGreen14,KSL5TV,1
CoryGreen14,KUTV2News,1
CoryGreen14,MorganWolfeNews,1
CoryGreen14,RepChrisStewart,1
CoryGreen14,RudyGiuliani,1
CoryGreen14,abc4utah,1
CoryGreen14,fox13,1
CoryGreen14,glennkirschner2,2
CoryGreen14,itsJeffTiedrich,1
CoryGreen14,kslnewsradio,1
CoryGreen14,marklevinshow,1
CoryGreen14,namwella1961,2
CoryGreen14,seanhannity,1
CoryPippinTV,Kym_nbc15,1
CoryPippinTV,mynbc15,1
CosmosDmp,ElvenesTor,1
CosmosDmp,VeniceBrownsfan,2
CosmosDmp,dbongino,1
CosmosDmp,joncoopertweets,2
CosmosDmp,laurenboebert,2
CostelloWilliam,emollick,1
CotoL17,BreakingNews,1
CougarCentreSLC,365sportsYT,1
CougarCentreSLC,jlkurtz,2
CouncilmemberJG,LenniBug,2
CouncilmemberJG,otis,1
CountNefaria22,THR,1
Courndogg,GlobeChadFinn,1
CourtneySawicki,StuBennett,1
CourtneySawicki,WWE,1
CourtneyThyberg,gabbypetito,1
CourtneyThyberg,newsmax,1
Courtney_OnAir,Local12,1
CourtrightLynda,CardRedeemer,1
CourtrightLynda,DashDobrofsky,2
CourtrightLynda,DonaldJTrumpJr,2
CpeatSilQ,SDChristianColl,1
CplDrayton_BCSO,DJinFla,1
CplDrayton_BCSO,Live5News,1
CplDrayton_BCSO,Matt_Sisson89,1
CptYossarian01,MeetThePress,1
CptYossarian01,thehill,2
CrRedneck123,joebonsall,2
CraigFM1789,7Mcae,1
CraigFM1789,ABC,2
CraigFM1789,AriFleischer,1
CraigFM1789,CupidAtkins,2
CraigFM1789,LeoFeldmanNEWS,1
CraigFM1789,RetirednMad,2
CraigFM1789,Reuters,1
CraigFM1789,RobertH37222958,2
CraigFM1789,SteveTobak,2
CraigFM1789,buffsblg,2
CraigFM1789,nytimes,1
CraigFM1789,tamarafurey,2
CraigFM1789,washingtonpost,2
CraigRacraig67,Ginnis6Mc,2
CraigRacraig67,duty2warn,2
CraigRacraig67,jt_money27,2
Craig_Buschmann,JustinGerdes,1
Craig_Buschmann,SenatorRomney,1
Crankyclay1,TheRickWilson,2
Crankyclay1,jilljo1,1
CrassAgain,ClintRJBa,2
CravenMike,CoryHogueSports,1
Cre8tive_viking,CosmicBirdsNFT,2
Cre8tive_viking,takapodigs,1
CreativeBoulder,Reuters,1
Creech,ChuckGrassley,2
CreekDegenerate,ztmcadoo,2
CregStephenson,bhallwfmy,1
CreightonUSC,CNN,2
CreightonUSC,JCgamecock21,1
CreoleTexan1970,Batiste_Ice,2
CreoleTexan1970,ChanteleLangley,2
CreoleTexan1970,Justme10000000,1
CreoleTexan1970,KramerMaestri,1
CreoleTexan1970,RandPaul,1
CreoleTexan1970,StephMcMurphy,1
CreoleTexan1970,unjingoist,2
CrestonHerron,EspinosaJesse,2
CrestonHerron,FerreiraDan83,1
CrestonHerron,JustinElbertPR,1
CrestonHerron,TMEA,1
Cretaceous_Dave,MuzzShaik07,1
Crim_Ghost,eugostoedoverao,1
Crim_Ghost,jara1810,2
Crim_Ghost,moluscodasantas,1
CrispinHavener,CrispinHavener,1
CrispinHavener,NBCSports,1
CrispinHavener,WJACTV,3
CrispinHavener,caitwesterholm,1
CrispinHavener,nbc,1
CrocMartens,xemmalayy,2
CroesFire,RonFilipkowski,2
CrossSportif,chregirocha,1
Crossposter_JB,CNNPolitics,1
Crossposter_JB,FoxNews,1
Crossposter_JB,SInow,1
CrownJournalist,Poynter,1
CrueyLarry,FoxNews,2
CruisingCathy,BeschlossDC,1
CruisingCathy,CruisingCathy,1
CruisingCathy,IfIWereMagneto,2
Crusher58,JoyVBehar,2
CryptOConducter,NarekM91,2
Crystal00281365,bayoubabylon,2
CrystalStryker,CrystalStryker,1
CrystalWilki,oxfordamerican,1
CsaundersTalent,AmoreCourant,1
CsaundersTalent,DennisHouseTV,1
CsaundersTalent,Erikd25,1
CsaundersTalent,JPPierson,1
CsaundersTalent,Pragano,1
CsaundersTalent,WTNH,1
CsaundersTalent,rummer13sports,1
CubicSnarkonia,Phillies,1
CultureTrekking,Apple,1
CultureTrekking,OgdenSuites,2
CultureTrekking,VisitUtah,1
CultureTrekking,iPhone_News,1
Cupcakelb,GOPChairwoman,2
Curby101,costareports,2
CuriousBlaque82,AVindman,1
CuriousBlaque82,AxelDiazFL,1
CurrentLP,4ATXFoundation,1
CurrentLP,CovertFordLinc,1
CurrentLP,KXAN_News,1
CurrentLP,LosVerdesATX,1
CurrentLP,ashley_stuver,1
CurrentLP,brad_stuver,1
CurriculumAssoc,ADKeierleber,1
CurriculumAssoc,ColtonJUSD,1
CurtMcGirt1,FBICincinnati,1
CurtisLavarello,AirTravel_News,1
CurtisLavarello,AirTravellerorg,1
CurtisLavarello,AmericanAir,1
CurtisLavarello,CNN,1
CurtisLavarello,Delta,1
CurtisLavarello,RobertIsom,1
CuseWaterBoy,OrangeChuck,2
CuseWaterBoy,syracusedotcom,1
CutterWGonzalez,TroyPetersMusic,1
Cutterlen,FoxNews,1
Cutterlen,bubbaprog,1
CuylwrCOD,CuylwrCOD,1
CuylwrCOD,DashySZN,1
CuylwrCOD,FormaL,1
CuylwrCOD,aydan,1
CydonPrax,DLthings,2
CyndyBeernink,BevBeagle321,2
CyndyBeernink,CraigCo62,1
CyndyBeernink,LCLiberal,1
CyndyBeernink,Teri__2,1
Cynthia75549866,SenDuckworth,2
CynthiaSneed7,FloofySisters,2
D4Action,Grace_Segers,1
D4Action,bamajunky,2
D57Mamie,nathaliejacoby1,2
DATsDAVIS,AmyDashTV,1
DATsDAVIS,LOJSports,1
DAVIDJMAYS_,KATUNews,2
DAlboraTom,RonFilipkowski,2
DB3D_Dan,EastRepRapFest,1
DB3D_Dan,Mrs_DB3D,1
DBeyreis,dramatic_one,2
DBoydUT,duty2warn,1
DBurkland,28delayslater,1
DBurkland,BLKMDL3,1
DBurkland,DBurkland,1
DBurkland,DirtyTesLa,1
DBurkland,JonB65,2
DBurkland,MFrunker,4
DBurkland,MsMfrunker,1
DBurkland,TIDAL,1
DBurkland,TesLatino,1
DBurkland,Tesla,1
DBurkland,TeslaOwnersMN,1
DBurkland,WholeMarsBlog,1
DBurkland,blueskykites,1
DBurkland,chazman,1
DBurkland,elonmusk,3
DBurkland,greentheonly,1
DBurkland,jacktorrance182,1
DBurkland,real__whit,2
DBurkland,teslaownersSV,1
DCAreaDenzien,DonaldJTrumpJr,2
DCAreaDenzien,StephenMoore,1
DCAreaDenzien,amyewalter,2
DCBelleonWheels,textart,1
DCDPS,TheDudeEffect,2
DCHomeInspector,BaldingsWorld,1
DCHomeInspector,ReeseKarnuth,2
DCNewsPhotog,jacobhensley,2
DCSmithbooks,Catholic4Choice,1
DCfoodiegirl,ChefDrewMarkert,1
DCfoodiegirl,EspitaDC,1
DCfoodiegirl,GhostburgerDC,1
DCfoodiegirl,LauraHayesDC,1
DCfoodiegirl,RappOysterBar,1
DCfoodiegirl,TheWharfDC,1
DCfoodiegirl,UnionMarketDC,1
DDebKol,PTI_News,2
DDobbsAuthor,rationalist4Lib,2
DDtch33,TheRickWilson,1
DDtch33,mrsloctastic,2
DENTONVISUAL,YahooNews,2
DEWard_57,AlexGilesNews,1
DEWard_57,HussmanCareers,1
DEWard_57,Maddie_Gardner,2
DEWard_57,UNCHussman,1
DEWard_57,WBTV_News,1
DFluckesFans,MandyBell02,1
DG16495832,JordanBrace8,1
DGOODEN83,TMAJE93,2
DHerkowitz,Linsulin_junkie,1
DIMARRCA,Hotbit_news,2
DJGaryGivant,YouTube,1
DJJamMasterD,JoelOsteen,2
DJSydneyLxve,Postsubman,1
DJYngwie,FOX9,1
DJYngwie,KSTP,1
DJYngwie,PioneerPress,1
DJYngwie,StarTribune,1
DJYngwie,WCCO,1
DJYngwie,kare11,1
DJYngwie,wccoradio,1
DJ__Paint,Kotaku,1
DK3000SC,KySportsRadio,1
DKleppin,WGNRadio,1
DLP1968,ColtKnost,2
DLP1968,maxhoma23,1
DMB41LION,Ford1950Ford,2
DMB41LION,NEWS_MAKER,1
DMB41LION,denslynne,1
DMHandsome6011,BeSeriousUSA,1
DMHandsome6011,TheRickyDavila,1
DMHandsome6011,chilz2011,2
DMHaselden3,gtconway3d,2
DMVNephew,RyanGarcia,1
DMahoneyphoto,DMahoneyphoto,1
DMahoneyphoto,Olly1Unit,1
DMarie2216,smerconish,2
DMarqyMarq,dbr_land,1
DNewbysjournal,Gabino_Iglesias,2
DOGECOINUNIVER1,orvis2010,2
DPT2Go,JulieStammPhD,2
DPT2Go,KatieMitch_ATPT,1
DPT2Go,NotionHQ,1
DRAGONCHEN91,TheFrogsOfEarth,2
DRiceHockey,ATejralova,1
DRiceHockey,BuffaloBeauts,1
DRiceHockey,CDubois28,1
DRiceHockey,MaddieTruax_2,1
DRiceHockey,PHFMontreal,2
DRiceHockey,Riveters,2
DRiceHockey,TheBostonPride,2
DRiceHockey,TheTorontoSix,2
DRiceHockey,TriDeguire,1
DRiceHockey,alyssaholmes25,1
DRiceHockey,brookestacey27,1
DRiceHockey,catcrawleyy,1
DRiceHockey,cgardinerr,1
DRiceHockey,kaityhowarth,1
DRiceHockey,leah_marino12,1
DRiceHockey,sammydavis_16,1
DSports24,Cauble,1
DSports24,Les_Johns,1
DSports24,TheDeacMachine,1
DSylveJr,ChantelPratPhD,1
DTOdefytheodds,FatalDaCannon,1
DTOdefytheodds,Pauly_Dinero,1
DTaylorClay,weatherchannel,1
DWAlexander6,JamesPalmerTV,2
DWF57,CaptMarkKelly,1
DWF57,FLVoiceNews,1
DWF57,GOP,1
DWF57,Louise89763771,1
DWF57,M_McAdams,1
DWF57,MsPicklesP,3
DWF57,ReOpenChris,2
DWF57,SenateDems,1
DWF57,SenateGOP,2
DWF57,Shem_Infinite,1
DWF57,TheLastRefuge2,2
DWF57,TrendingLiberal,2
DWF57,TuckerCarlson,1
DWF57,WendyRogersAZ,1
DWF57,YossiGestetner,2
DWF57,alexbruesewitz,1
DWF57,bgmasters,1
DWF57,davidchapman141,1
DWF57,greg_price11,1
DWF57,karol,1
DWF57,liberty11814,2
DWF57,mcenroejack,1
DWF57,minehunterr,2
DWF57,theflstandard,1
DWF57,themarketswork,1
DWF57,vjeannek,3
DYLANONLYYY,DYLANONLYYY,1
Da1chitownman,BetoORourke,2
Da1chitownman,MyVirtueSignal,2
DaDiSantini,Karl_Lauterbach,1
DaManFromNYC,AROD,2
DaManFromNYC,ESPN2,1
DaManFromNYC,ESPNPR,2
DaManFromNYC,MLB,1
DaManFromNYC,RealMichaelKay,3
DaManFromNYC,RedSox,1
DaManFromNYC,Yankees,2
DaManFromNYC,YankeesPR,1
DaManFromNYC,derekjeter,2
DaManFromNYC,espn,1
DaNiggaADK,courtneygoodd,1
DaRooster7,JessieJaneDuff,2
DaRooster7,StephenAtHome,1
DaRooster7,belyndar,1
DaRooster7,carlymnorman,1
DaRooster7,paulienz,2
DaTechnoslut69,BeccMaz,2
Dabigman41,CoachKSquare,1
DadTriplet,SNY_Mets,2
DaddyIce2,JudiciaryGOP,2
DaddyIce2,NickAdamsinUSA,2
DaddyRolleda1,TTRPGkids,1
DaikonForTurnip,Imfrommichigan,1
DaikonForTurnip,LloydOsten,1
DailyAthenaeum,DailyAthenaeum,2
DailyAthenaeum,charles_monty1,1
DailyAthenaeum,julesogden_,1
DallasDJackson,BeschlossDC,2
DallasHarlow,MacFarlaneNews,1
DaltonRayce,MNateShyamalan,1
DaltonRayce,RippyMcGoo,2
Damian21294202,Christo06719053,6
Damian21294202,Eddie___Lee,1
Damian21294202,Handful1111,2
Damian21294202,avenue62,3
Damian21294202,benshapiro,1
Damian21294202,mirandadevine,3
DamienSpellman,RoxGifsVids,1
DamonLathe,RpsAgainstTrump,2
DanBastiaanse,YouTube,2
DanClark10,Ourand_SBJ,1
DanCohen17,TheBarmyArmy,1
DanEvans108,TommyBirch,1
DanHill28240965,RepSwalwell,2
DanIsett,cahnman,2
DanIsett,longhornderek,1
DanScottShow,GreenvilleDrive,1
DanScottShow,SPChrisHatfield,1
DanSpindleKSL,KSL5TV,1
DanSpindleKSL,KSL_Matt,1
DanTradesCards,CardWorld44,1
DanTradesCards,Mcarter530,2
DanTradesCards,farmboyjustin,1
Dan_Barnett,FarrahFite,2
Dan_Barnett,NABE_News,2
DanaFultonWX,KathrynMerckTV,2
DanaFultonWX,SenRonJohnson,1
DanaFultonWX,TheOtherMandela,1
DanaFultonWX,WISCTV_News3,1
DanaFultonWX,arman_rahman96,1
DanaFultonWX,fox47madison,1
DanaFultonWX,tahleelmohie,1
DanaLeahy123,THE_Mr_Z,2
DanaLeahy123,TheFall74929908,2
DancingRef,DancingRef,1
DancingRef,fruitvalelocal,1
DandyWalkerInst,AGRobBonta,1
DandyWalkerInst,Autistic_Poet,1
DandyWalkerInst,BWFUND,1
DandyWalkerInst,DandyWalkerInst,1
DandyWalkerInst,DollyParton,1
DandyWalkerInst,DorisDukeFdn,1
DandyWalkerInst,Durhane,1
DandyWalkerInst,EMA_News,1
DandyWalkerInst,Janefonda,1
DandyWalkerInst,JessicaSimpson,1
DandyWalkerInst,KidRock,1
DandyWalkerInst,NatCounDis,1
DandyWalkerInst,POTUS,1
DandyWalkerInst,RobertDowneyJr,1
DandyWalkerInst,Sinnysized,1
DandyWalkerInst,UpliftingAth,1
DandyWalkerInst,aplusk,1
DandyWalkerInst,goldiehawn,1
DandyWalkerInst,kellyclarkson,1
DandyWalkerInst,kishnani_priya,1
DandyWalkerInst,ladygaga,1
DandyWalkerInst,morgfair,1
DandyWalkerInst,orphanwriter,1
DandyWalkerInst,piersmorgan,1
DangerManley,BuzzFeedNews,1
DanielHoard5,Bluertwo,2
DanielHoard5,TheLeoTerrell,2
DanielM_Warner,yashar,1
Daniel___Owens,GrowSF,1
Daniel___Owens,agarwal,2
Daniel___Owens,mattdorsey,1
DanielleBrecker,kylegriffin1,1
DaninCarteret,DaninCarteret,1
DaninCarteret,jdun1031,2
DankGameAlert,CDCgov,1
DankGameAlert,nine_p0und,2
DannyNortonJr1,VoyagersNFT,2
DannyProduces,FrancesWangTV,2
Danos65,AbrahamHamadeh,2
Dantagonizing,smallshrug,2
DanteCollinelli,DolphinsTalk,1
DanteCollinelli,jeffphowe,1
Dantethecomic,NicholsUprising,1
Dantethecomic,POTUS,1
Dantethecomic,joncoopertweets,1
DariaInk,DariaInk,1
DariaInk,NFTSFConference,1
DarkMan_9,FoxNews,2
Darla_jimswife,atrupar,2
Darlene56903017,ChuckCallesto,1
DarleneMarshall,AppleTV,1
DarleneThomasH1,RSBNetwork,1
DarleneThomasH1,WhiteWonderly,2
DarleneThomasH1,ramcheck13,1
DarrellLogan,KJT40941000,1
DarrellLogan,MayoIsSpicyy,1
DarrellLogan,PetoriaGP,2
DarrellLucus,DarrellLucus,1
Darrell_Clarke,aampmuseum,2
Darrell_Lloyd,BryceDHoward,1
DarrinEvans,kilmeade,1
Dartane_Dragon,Proud_usaGirl,2
DartezMatthew,iRobot,1
DartezMatthew,ronmknox,1
DarthHoo744,MaryMargOlohan,1
DaryoSharlah,OneTopicAtATime,1
DaryoSharlah,Xbox,1
DashDeCosta,AnnAbbott,2
DashDeCosta,DashDeCosta,1
DaveAll76960121,Acyn,2
DaveChoate,USCHolmey,1
DaveChoate,uniformcritic,2
DaveClutter,CNN,1
DaveClutter,FoxNews,1
DaveFultonWrang,MeierDarryl2,2
DaveFultonWrang,PheatonG,2
DaveFultonWrang,RandyLHallman,3
DaveFultonWrang,kylepetty,2
DaveFultonWrang,slcinva12,2
DaveFultonWrang,tmartinmss,3
DaveFultonWrang,toomuchcountry,2
DaveLPeck,BlackBearsWBB,1
DaveLPeck,bigtimehoopsME,2
DaveWainwright_,GoVCURamsAD,1
DaveWainwright_,ryankopVCU,1
DaveWallsWSET,LibertyFootball,1
Dave_Bonaccorsi,Ash_Kalra,2
Dave_Bonaccorsi,AshaRangappa_,2
Dave_Bonaccorsi,JENNYDOLAW,1
Dave_Dyer,TLazarczykMTM,1
Dave_Dyer,espn,1
Dave_in_718,UltClassicRock,2
Dave_in_718,johnszim,2
Davezzamora,etnow,1
David13977530,RepMTG,2
DavidAllen909,DavidDowneySCNG,1
DavidAllen909,ivdailybulletin,1
DavidAmelottiTV,DavidAmelottiTV,1
DavidAmelottiTV,KMOV,1
DavidBFox,LukeD,2
DavidBe10451501,PatHarty,2
DavidBesse6,TheRickyDavila,2
DavidDarvishian,DashDobrofsky,1
DavidFa20055284,2manyjoshes,2
DavidFa20055284,Bsprad00,2
DavidFa20055284,Francesca1Diasi,1
DavidFa20055284,Kevark12,1
DavidFa20055284,POTUS,1
DavidFa20055284,PressSec,1
DavidFa20055284,Willyandy1020,1
DavidGallagher,SFCCM,2
DavidGallagher,sportingnews,1
DavidHu44210446,typicalturner1,2
DavidIMUMiller,pnrodenbush,1
DavidJonesWells,DutchessWoodall,2
DavidLogi,SenateCloakroom,1
DavidLynn93,DonCarrMAC,1
DavidLynn93,jasonfurman,1
DavidLynn93,own_bills,2
DavidMBresnahan,AmazonFreevee,1
DavidMBresnahan,Dean_Devlin,2
DavidMBresnahan,PeterAontu,2
DavidMBresnahan,TomOHanlon17,1
DavidNe14460831,MrPotatoheadPHD,1
DavidOBowles,mySA,1
DavidRHudson,DanRather,1
DavidRHudson,EricJSwartz,1
DavidRHudson,FoxNews,2
DavidRHudson,KeithOlbermann,1
DavidRHudson,LauraJernigan16,1
DavidRHudson,MikeOxb28738209,1
DavidRHudson,NeverAgainNein,2
DavidRHudson,OccupyDemocrats,1
DavidRHudson,RonFilipkowski,2
DavidRHudson,SCPatriot1976,1
DavidRHudson,TaoistRedux,2
DavidRHudson,cheshirecatlisa,1
DavidRHudson,djb21212,1
DavidRHudson,hallam,2
DavidRHudson,joncoopertweets,1
DavidS258,RonFilipkowski,2
DavidStLouis14,RandyLKelley2,2
DavidWithrow,DrOz,2
DavidWithrow,GOP,2
DavidWithrow,JohnFetterman,1
DavidWithrow,kilmeade,2
David_K_Style,LisaMarieBoothe,2
Davidacosta1980,KenDilanianNBC,1
DavinaLSimons,LVMPD,2
DawnMello1,abouttofallova,1
DawnMello1,nikkihardin15,2
Daycarelady14,AndrewYang,2
Daycarelady14,sandibachom,2
DeRushaJ,IlhanMN,1
DeRushaJ,MayorFrey,1
DeRushaJ,RonaldGarceau4,2
DeRushaJ,StribOpinion,1
DeRushaJ,broomtorowicz,2
DeRushaJ,votegriffin,1
DeRushaJ,wccoradio,1
DeSeanB,NJD316,1
DeSeanB,StephanieHypes,1
DeSeanB,ThePandemos,2
DeacPB,ClutchSportsWF,1
DeacPB,FlipsToLemke,1
DeacPB,essexthayer7,1
DeacPB,jaustincarter,2
Deadpan55,AndrewYang,1
Deadpan55,krmusician,1
Deadpan55,zeus_doc,2
Dean_Westerman,DBAkron,2
Dean_Westerman,SafeSpaceDrWho,2
DeanoRichards9,seanhannity,2
DearWatchers,AndyMangels,1
DearWatchers,TenCentTakes,1
DearWatchers,fantagraphics,1
Debbiegiammari2,BBCBreaking,4
Debbiegiammari2,BBCWorld,2
DebbyLivingston,MCSOFlorida,1
DebbyLivingston,Ocala_News,1
DebbyLivingston,OnPatrolK9,2
DebbyLivingston,kattenbarge,2
DebbyLivingston,whatsupdoc2x,2
Debby_Knox,CNN,1
DebennyAnthony,Acyn,2
DebennyAnthony,AnaKasparian,2
DebennyAnthony,Bloody_Heck,2
DebennyAnthony,RonFilipkowski,6
DebennyAnthony,TheYoungTurks,3
DebennyAnthony,aleshadalin,1
DebennyAnthony,cenkuygur,2
DebennyAnthony,marla_vous,2
Debfornow,AnnaMKaplan,2
Debfornow,DarrenKaplan,1
Debfornow,GovKathyHochul,1
Debfornow,JoJoFromJerz,2
Debfornow,MeidasTouch,2
DebinHiltonHead,Mikeinthe330,2
Deborah08799592,joncoopertweets,2
Deborah71570022,AustinJ18253886,2
Deborah71570022,OccupyDemocrats,1
Deborah71570022,einstein314,1
Deborah83446942,Huff4Congress,1
Deborah83446942,JadeMic00759065,2
DeborahBoironPR,DEADLINE,1
DeborahEWoodri1,Boudicca131,2
DeborahEWoodri1,NEWS_MAKER,1
DeborahTrimmer3,Bridget_P0pe,2
DeborahTrimmer3,socialistmop,1
DebraB1977,KatTimpf,2
DebraCollard1,CNNPolitics,5
DebraCollard1,CNNSotu,1
DebraCollard1,DanaBashCNN,1
DebraCollard1,EricG1247,1
DebraCollard1,GovAbbott,1
DebraCollard1,Morning_Joe,1
DebraCollard1,MorningsMaria,1
DebraCollard1,Varneyco,1
DebraCollard1,califallingdown,1
DebraCollard1,lindyli,1
DeeHarp411,LibPatriot76,2
DeeHarp411,NoBSNoPolitics,1
DeeHarp411,RepMTG,1
DeeMurr95316781,DineshDSouza,4
DeeMurr95316781,FoxNews,19
DeeMurr95316781,FoxNewsSunday,1
DeeMurr95316781,IngrahamAngle,1
DeeMurr95316781,Morning_Joe,2
DeeMurr95316781,OneNationFNC,1
DeeMurr95316781,ShannonBream,3
DeeMurr95316781,ananavarro,2
DeeMurr95316781,chipfranklin,2
DeeMurr95316781,foxnewsnight,1
DeeMurr95316781,kilmeade,2
DeeMurr95316781,seanhannity,1
Deedee4629Henry,DebSp0ttz,1
Deedee4629Henry,meena,1
Deedee4629Henry,nivratsmom,2
DeejPhotos,SugarloafMills,2
DeeqBeKnowing,OfficialTrpe,2
DegaSuper,AlabamaAchieves,1
DegaSuper,HeroSpeaker,1
DegaSuper,Shelbyedk12alus,1
DegaSuper,egmackey,2
DegenerateVol,PatMcAfeeShow,1
DeidreEversull,googlenews,2
Deirene06,JonLemire,1
Delidog,C2RacingStable,1
Delidog,ElizBanicki,2
Delidog,GerdasEquineRes,2
Delidog,Petfinder_fnd,1
Delidog,RACEFund,4
DeltaGirl278,BreakthruDiva,2
DeltaGirl278,JoDivaRunner,1
DemDawson2,Gardenmorning13,2
DemNotes,KyleClark,1
Demani_Sm1th,Arsenal,1
Denae220,lilygrutcher,2
DenardPate,DrakeSadron,2
DenardPate,maxasteele,1
Dennis4TX94,MarshaBlackburn,2
DennisBenard16,DoryJudhug,2
DennisBenard16,POTUS,1
DennisBenard16,transalien73,1
DennisMShannon,JennaLaineESPN,2
DenverDadin,AmoneyResists,1
DenverDadin,DenverDadin,1
DenverDadin,JessieBlueAZ,1
DenverDadin,KwikWarren,2
DenverDadin,NatatorBand,2
DenverDadin,NoahBookbinder,1
DenverDadin,RepMTG,1
DenverDadin,RonFilipkowski,1
DenverDadin,electroboyusa,2
DenverDadin,kylegriffin1,1
DenverDadin,madmaxbr5,2
DeojayDan,FlexaHQ,1
DeojayDan,amptoken,1
DeojayDan,bubby_io,1
DeojayDan,trev,1
DeojayDan,trspalding,1
DerekKoppTV,ImmokaleeFB,1
DerekKoppTV,MySportsUpdate,1
Dermadeb71,mehdirhasan,2
Derrell_PharmD,OMSpiritOn3,1
Derrick55555480,DrRichardPitre,2
Derrick55555480,MuskUniversity,1
DesirerSiefkas,PammsyB,2
DesirerSiefkas,rdstockton2009,1
DetectiveMoses,WestminsterPDCA,1
DetectiveMoses,westminsterca,1
DethCadence,POTUS,2
DetroitCSC,MCmuckraker,2
DetroitCSC,MedicalAidPal,1
DetroitCSC,Phil_Lewis_,2
DetroitCSC,orangecountysc,1
DeusExCinema,bencasselman,1
DevinMurphyDTM,LorenaSGonzalez,2
DevinMurphyDTM,californiapuc,2
DevitaDavison,TrueFactsStated,2
DevitaDavison,maddow,1
Devon4Real,ChrisJansing,1
Devon4Real,byst,1
DevonJuaire,TheCinesthetic,1
Devralicious,kilmeade,1
DewGirl99,MetsAvenue,1
Dexter11291,PhillyCrimeUpd,2
DeyaskaSpencer,Gary4GovSC,2
DeyaskaSpencer,JoeCunninghamSC,1
DeyaskaSpencer,JulianVentura7,1
DeyaskaSpencer,POTUS,1
Dez_3505,BleavNetwork,2
Dez_3505,Callihan_,1
Dez_3505,Panthers,1
Dez_3505,ThomasDavisSDTM,1
Diana071037,FoxNews,1
Diana071037,RonFilipkowski,2
DianaSpain,colleengrott,2
DianaSpain,duty2warn,1
DianeHankinson5,DianeHankinson5,1
DianeHankinson5,GovRonDeSantis,1
DianeOs51552332,FoxNews,1
DianeOs51552332,SusanLa0317,2
DianeSt96963410,night,1
DickHorn16,BrianEskow,2
DickHorn16,GroverNorquist,2
DickMcgirr,AliVelshi,2
DickieDoo79,FoxNews,1
DieselOnRadio,TheColeBryson,2
DieselOnRadio,lukecombs,1
DiggingtheTerps,Maryland_News,1
DiggingtheTerps,TerpsFootball,1
DigitalBTimes,BWI_Airport,2
DigitalBTimes,DrALoSimms,1
DigitalBTimes,FourSeasons,1
DigitalBTimes,FraportUSA,2
DigitalBTimes,HiltonHotels,1
DigitalBTimes,LiveMarthasVyrd,1
DigitalBTimes,MedicareGov,1
DigitalBTimes,MorganStateU,2
DigitalBTimes,NBA,1
DigitalBTimes,NBATV,1
DigitalBTimes,NCPSSM,1
DigitalBTimes,NFL,1
DigitalBTimes,NewportJazzFest,1
DigitalBTimes,PJMORTON,1
DigitalBTimes,Ravens,1
DigitalBTimes,amazon,1
DigitalBTimes,familyfeatures,1
DigitalBTimes,hotelscomhelp,1
DigitalBTimes,mcv6025,1
DigitalBTimes,medicarerights,1
DigitalBTimes,motown,1
DigitalBTimes,serenawilliams,1
DigitalBTimes,the,13
DingusER,SDSpurs,2
DinoInShaw,CNN,1
DinoInShaw,Mediaite,2
Dionysius87,lcfcfan8416,2
Dirk4Ray,GottaLaff,2
DirtyJerseyMatt,HawleyMO,2
DirtyJerseyMatt,jesseprimetime,1
DiscoBiscuitsRT,BarberShreds,1
DiscoBiscuitsRT,osirispod,1
Disdetdet,Rap,1
DisplacedTgrFan,smithboyrd,2
DissentCOLady,ABCWorldNews,1
DissentCOLady,Cd5Torres,1
DissentCOLady,Reuters,1
DissentCOLady,VICENews,1
DivDougNation,jfpgaffney,2
DivDougNation,timkawakami,1
Divi_by_Zero,FluidHips,1
DjCrisKub,KanyePodcast,1
DjCrisKub,WORLDSTAR,1
DjCrisKub,kanyewest,1
DjEon95,FredKatz,1
DnariusLewis,DRIPcommunity,1
DnariusLewis,Donceptdefi,1
DoItDudeInc,MattBatzel,2
DoNotWaiver,Janice8302,1
DocSampson13,AEW,1
DocSampson13,ATSU_news,3
DocSampson13,TheAOASM,1
DoctorLeesey,latimesent,1
DoctorRhodes,CsonkaTroy,2
DoctorRhodes,DarthBill52,1
DoctorRhodes,MikeySlashic,1
DoctorRhodes,ThatBrowncoat,1
DoctorRhodes,_Alex_Burns_,1
DoctorRhodes,capn_kirok,1
DoctorRhodes,disgruntmonkey,1
DoctorRhodes,hope7310,1
DoctorRhodes,turbokat42,1
DogeSupremacy,AutomaticAb3,2
DogeSupremacy,DegenToonz,1
DogsDadBod,JudiciaryGOP,1
DogsDadBod,brianstelter,2
DogsDadBod,maggieNYT,1
DogsDadBod,ndrew_lawrence,1
DogznCatz,SoapJenn,2
DollaoneNewNew,thedailybeast,1
Dollemore,Dollemore,1
DominiSchw,StellaParton,4
DominiSchw,barbcast60,2
Dominic00719779,nypostsports,1
Dominiclup2,Classicfinder,2
Dominiclup2,ErrolWebber,1
Dominiclup2,MarinaBambaloo,2
Dominiclup2,RokerGlasses,1
DonJ_023,CEOAdam,1
DonUnashamed,ZubyMusic,2
Don_K_Williams,BrentfordFC,1
Don_K_Williams,LFC,1
Don_K_Williams,ManUtd,1
Don_MannyOG,MLB,1
Don_MannyOG,MLBPA,1
Don_MannyOG,MLBPA_News,1
DonaldMBraden,JustaCoinToss,1
DonaldMBraden,Mattathias17,2
DonaldMBraden,StephanieKelton,1
DonaldT35364234,WalshFreedom,1
DonnaCr25669333,AuthorFleurL,2
DonnaCr25669333,MBWorkhouse,1
DonnaPe74765727,AaronParnas,2
DonnaPe74765727,B52Malmet,1
DonnaPe74765727,DPRK_News,2
DonnaPe74765727,JonLemire,2
DonnaPe74765727,brooklynjorge,2
DonnaPe74765727,gtconway3d,1
DonnaPe74765727,harrylitman,2
DonnaPe74765727,joncoopertweets,1
DonnaPe74765727,kare11,2
DonnaPrather,IngrahamAngle,2
DonnaPrather,JustJim2377,4
DonnaPrather,MamawInKentucky,6
DonnaPrather,MoBill,3
DonnaPrather,NEWS_MAKER,7
DonnaPrather,denslynne,7
DonnaPrather,foxheadlines,1
DonnaPrather,hea711_scott,8
DonnaProvencher,ItsGabiMartin,2
DonnaProvencher,MVC3733,2
DonnaProvencher,StephenKing,1
DonnaProvencher,aawarren71,1
DonnaProvencher,hrt6017,1
DonnieB38607558,CathyKaiser18,2
DonnieB38607558,tedcruz,1
DonnieWeimer,seanhannity,1
Dontgetgrabbed1,leadingdems,2
Doobies_Bros,minmtmoon,1
DoodyGiuliani1,HouseGOP,1
DoodyGiuliani1,MichaelJElston,2
DoodyGiuliani1,RudyGiuliani,1
DoodyGiuliani1,Sprty_Spice,2
DoodyGiuliani1,TyJTyler,2
DoodyGiuliani1,bobcesca_go,1
DoodyGiuliani1,hodgetwins,1
DoodyGiuliani1,jimmyfailla,2
DorianHoward,JackPosobiec,2
DoubleD_N,DerwinJames,1
DoubleDownDon,Angry_Staffer,1
DoubleDownDon,Bar0n_TheGrey,2
DoubleDownDon,Deb62178664,1
DoubleDownDon,KanoleeKitty,2
Doug95105660,Chicago1Ray,1
DougPigsleyKOMO,RyanDivish,2
DougWoodlands,landofthe80s,1
DouglasHespelt,CaptainBadger79,2
DouglasKensell6,Funsho70,1
DouglasKensell6,GOP,1
DouglasKensell6,SharonW04064563,2
DouglasKensell6,georgesinsery,2
DouglasKensell6,joncoopertweets,1
DouglasKensell6,sandibachom,1
DouglasNoto,NEWS_MAKER,2
DouglasNoto,WBTV_News,4
Dowens8490,IslandInDesert,1
Dowens8490,RawStory,2
DownsandTowns,paulmp,2
DowntownTodd,CityOfLincoln,1
DowntownTodd,DowntownLincoln,1
DowntownTodd,MayorLeirion,1
DrAndrewDzambo,PointBlank_Algo,2
DrBenNeel,CP24,2
DrCassySims,quirogad,2
DrChrisSanchez,AdamGreenway,1
DrDavidHabbel,DrDavidHabbel,5
DrEzeSunnyUdeh,Gadget_Man_,1
DrEzeSunnyUdeh,PNMbah,1
DrEzeSunnyUdeh,SaharaReporters,1
DrEzeSunnyUdeh,inecnigeria,2
DrLWalczak,ValeriaBrownEdu,2
DrLWalczak,chillininpa,2
DrLWalczak,nothingoodleft1,1
DrLWalczak,thekjohnston,1
DrLWalczak,vermontgmg,1
DrMitchem,googlenews,1
DrNancyGlass1,BeschlossDC,2
DrNancyGlass1,saltylungs,2
DrRLajara,jnamnun24,2
DrRodRohrich,ASPS_News,1
DrRodRohrich,DrRodRohrich,1
DrRogerClifford,AaronParnas,2
DrRuss_BCPS,TravisWells7,1
DrRuss_BCPS,hokiesports,1
DrSarahNull,JayLund113,2
DrTarolliNeuro,Reddit,1
DrTonyLLynn,JamieMLynn,1
DrTonyLLynn,MIBaptists,1
DrTonyLLynn,SendMichigan,1
DrTonyLLynn,tpatterson,1
DrVentresca,AnnHC_Champ4All,2
DrVentresca,MSaylorPhD,1
Dr_YiranSu,cchenDr,2
Dr_onyemmeme_md,2niteFlavour,1
Dr_onyemmeme_md,bigaent,1
DracoHardy,LookMaICanWrite,2
Draco_410,TYT,1
Draco_410,laurenboebert,1
DramaQueen4Jesu,OccupyDemocrats,1
DramaQueen4Jesu,RonFilipkowski,1
Drea_Cobos,urfavtaurus____,1
DreamWeaver5166,WDTN,2
Drew40683012,6abc,2
Drew40683012,BradleyJuby,2
Drew40683012,ChrisMurphyCT,1
Drew40683012,FOX29philly,1
Drew40683012,FranchiseOK,1
Drew40683012,KeeleyFox29,1
Drew40683012,OU_Football,1
Drew40683012,PhiladelphiaAF,1
Drew40683012,TheAnderMind,2
Drew40683012,nytimes,1
Drew40683012,rhondacarlisle9,1
Drew40683012,spikeatone,2
Drew4992,kilmeade,2
DrewAustin,AvaStarsNFT,1
DrewAustin,ClubRarepepe,1
DrewAustin,CryptoKitties,1
DrewAustin,CryptoMotors_io,1
DrewAustin,DinoMonks,1
DrewAustin,ETHMENOFFICIAL,1
DrewAustin,JOYWORLD_inc,1
DrewAustin,R_E_Hess,2
DrewAustin,SuperRare,1
DrewAustin,TwerkyClub,1
DrewAustin,cryptopunksnfts,1
DrewAustin,knightsofdegen,1
DrewAustin,redlion_news,1
DrewCwilber,AdamSchefter,1
DrewCwilber,RapSheet,1
DrewDal16,WIPMorningShow,1
DrewDenker_,ClarkGrell37,2
DrewDenker_,MikeSautter_,1
DrewDenker_,allgood_eric,1
DrewDenker_,taylorsiebert,1
DrewDenker_,tony_chapman76,1
DrewEdge69,BBCBreaking,2
DrewEdge69,BBCWorld,1
DrewRoberts,10KTFshop,1
DrewRoberts,DrewRoberts,1
DrewRoberts,apecoin,1
DrewRoberts,atareh,2
DrewRoberts,valueandtime,2
Drunkpadre,AztecFB,1
Drunkpadre,Aztecs4evvvrrr,1
Drunkpadre,Calicamera,1
Drunkpadre,EVT_News,1
Drunkpadre,OceansideAztec,1
Drunkpadre,PadreDeCuatro,1
Drunkpadre,SDSU,1
Drunkpadre,SD_SportingNews,1
Drunkpadre,SnapdragonStdm,2
Drunkpadre,TheSDSUPodcast,1
Dsquared75,ABC,1
Duane67032937,Duane67032937,1
Duane67032937,NBCNews,1
Duane67032937,URDailyHistory,2
Duane67032937,USNewsHealth,2
DuaneHunt15,journeyman1993,2
DuaneHunt15,mrbigg450,1
DuaneHunt15,theliamnissan,1
DuaneSimolke,DrWhoOnline,2
DubGNFT,0xTHULU,1
DubGNFT,Disney,1
DubGNFT,DrugReceipts,1
DubGNFT,JaduAVAs,1
DubGNFT,altstatemachine,1
DubGNFT,flufworld,1
DubGNFT,knightsofdegen,1
Duck2Lightning,RickWrightNow,2
Duck2Lightning,beingkarmin,1
Duck2Lightning,kilmeade,2
DuckPandemic,Futureshockpdx,1
DuckPandemic,GalenEttlin,2
DuckPandemic,HiddenStashArt,2
DuckPandemic,POTUS,1
DuckPandemic,alex_zee,1
DuckPandemic,ewsorg,2
DuckPandemic,gregggonsalves,2
DuckPandemic,nytpolitics,2
DuckPandemic,pdxswrp,1
DuckZone503,ChiColeman23,1
DuckZone503,EdricHill,1
DuckZone503,ScoopDuckOn3,2
Duck_Demon,mtorressports,1
Dudes5050,ChelseaClinton,1
DuffJuice30,Phil_Lewis_,1
DukeHomer,D77008153,1
DukeHomer,Eathbound420,1
DukeHomer,FritsV4,1
DukeHomer,GrantNoland,1
DukeHomer,Homeoffree61,1
DukeHomer,LouGarza86,2
DukeHomer,RitaMacMom,1
DukeHomer,SiriusTrips,1
DukeHomer,TaraTisch,1
DukeHomer,WILLIAMCHER_,1
DukeHomer,_2ZAYDEN9ZELDA9,1
DukeHomer,dmrh0720,1
DukeHomer,jetisch,1
DukeHomer,katibug957,1
DukeHomer,kitchen5203,1
DukeHomer,news_houndnc,1
DukeHomer,small1ldy1,1
DukeHomer,srh_medco,1
DukeMitchell2,CEOAdam,2
DukeMitchell2,CGasparino,1
DukeMitchell2,EleanorTerrett,2
DukeOfNE,geostylegeo,2
DumbOldeChump,JanFRTN,2
DumbOldeChump,JoJoFromJerz,1
DumbOldeChump,KimberlyMakins1,2
DumbOldeChump,LindseyGrahamSC,1
DumbOldeChump,Mike_Pence,1
DumbOldeChump,MiltonBJoynerS3,1
DumbOldeChump,RepAndyBiggsAZ,1
DumbOldeChump,RonFilipkowski,2
DumbOldeChump,Tomchou68511789,2
DumbOldeChump,TrendingLiberal,2
DumbOldeChump,chipfranklin,1
DumbOldeChump,karai216,1
DumbOldeChump,marcyrw,1
DumesnilMelissa,canine2,1
DunawaySolomon,WholeMarsBlog,1
Duncan_Currie,Duncan_Currie,1
DundonWayne,Lailanight42,1
Dunkishrock,AppleMusic,1
Dunkishrock,SoundCloud,1
Dunkishrock,burnaboy,2
DustinG2021,EvanMillward,1
DustinG2021,JessicaHartTV,1
DustinG2021,WCPO,2
DustinShadbolt,HornetsGuidance,1
DustinShadbolt,RossvilleSchool,1
DustinTannerVT,philenespanol,2
DvnnyyyG,leadpacer,2
DwayneFarver,brokenclock15,1
DwayneFarver,nicolewolverton,2
DwayneFarver,swelch570,1
DylanAntonini,BUSShowcase,1
DylanAntonini,FlatgroundApp,1
DylanAntonini,FlatgroundBats,1
DylanAntonini,GregWilliamsPBR,1
DylanAntonini,Jjmoore23Moore,1
DylanAntonini,PGMidAtlantic,2
DylanAntonini,PG_Scouting,1
DylanAntonini,PG_Uncommitted,1
DylanAntonini,PHXPhantomsBase,1
DylanAntonini,T_Wills1,1
DylanAntonini,cgofpa,1
DylanSmithAL,INFLCR,1
DylanSmithAL,jimcavale,1
DylanStebbins,BostonDukeman,2
DylanStebbins,citizengatsby,1
DylanStebbins,joshtpm,1
DylanStebbins,nycbubbles,1
DylanTweetin,rdsathene,1
DylanTweetin,stitthappens,2
DylanTweetin,zei_squirrel,2
EBACHITOWN,DanRather,2
ECPjohnmartin,TimSullivan714,2
ECRIndy,BitNile,1
ECRIndy,MusicCityGP,1
ECRIndy,ToddAultIII,1
ECRIndy,rinusveekay,1
ECULB,KTVU,1
EDOR51,ChrissyUNIQ,2
EDOR51,JoJoFromJerz,1
EEllisThomas,fwd_mvt,1
EFgentner,VFleischfresser,1
EHA_appeals,caljudges,1
EISDFE,Bernice98599458,1
EISDFE,EdelyOlvera,1
EISDFE,Isaac_EISD,1
EISDFE,Mrs_BHdz_EISD,1
EISDFE,OMoucoulis,1
EJXD2,Rennietime,1
EJXD2,missmaryeliza,2
EJ_Cheung,Bangasser_Lab,2
EJ_Cheung,GeorgiaStateU,1
EJ_Cheung,bmsnews,1
EJ_Cheung,ga_res_alliance,1
EJsGuitars,Bella_cullen20,1
EJsGuitars,diane_humenik,1
EJsGuitars,ksorbs,1
EJsGuitars,steven31_turner,2
EKay0627,RossiSongo,1
EKay0627,cheifohrocket,1
EKay0627,sunchbunny,2
EKay0627,xoxocrimegirl,1
ELEV1MAN,News12LI,1
ELLMACKEY,SagED_UP,2
ELVISINKY,Kristileenews,1
EMCEE_PHATTUMS,TristanSnell,1
ENonayo,AhearnColeen,1
ENonayo,Andy_Lea1964,1
ENonayo,ArtKetterhagen1,1
ENonayo,AuroraBlogspot,1
ENonayo,BBockelbrink,1
ENonayo,BSandersRipCity,1
ENonayo,BrooksChloe732,1
ENonayo,CDFleming5,1
ENonayo,ChazDavis10,1
ENonayo,D_Ericson,1
ENonayo,FritsV4,1
ENonayo,HLStockenstrom,1
ENonayo,Infinty1001,1
ENonayo,KerstinVockert,1
ENonayo,KiKiPosting,1
ENonayo,LRJ023,1
ENonayo,LouGarza86,1
ENonayo,MacleanJoyce,1
ENonayo,MarilynSarelas,1
ENonayo,MarkoSilberhand,1
ENonayo,Meghanduggan1,1
ENonayo,MyBoxerLuvMac1,1
ENonayo,NoraNanza,1
ENonayo,Numbers28,1
ENonayo,OctoberFerguson,1
ENonayo,benbrookjohn,1
ENonayo,beth_monje,1
ENonayo,colin_goodayle,1
ENonayo,es_edwards,1
ENonayo,hassib_haidar,1
ENonayo,jennifersterri1,1
ENonayo,kath_mcc,1
ENonayo,kurtmac,2
ENonayo,mac_gardiner12,1
ENonayo,mrsbiffo01,1
ENonayo,news_houndnc,1
ENonayo,repsiw5,1
ENonayo,skipz,1
ENonayo,small1ldy1,1
ERod2DRod,CNS_Update,1
EVRider77,NoLieWithBTC,1
EVRider77,bloggingotter76,2
EW_2021,Meteor_Mike,2
EW_2021,NVU_Lyndon,1
EWints,Gannett,1
E_7018,ChrisBartels20,1
E_7018,MVCyclones,1
EagleBeag1e,GryphonProteus,2
EarnestThigpen1,RpsAgainstTrump,2
EasyPretzel,psuruns10,2
Eatmeboulder,thedailybeast,2
EblingPhil,SteveDaines,2
Ebr40213,Ebr40213,1
Ebr40213,YannickNgakoue,1
Eccentech,motorauthority,1
Echmt,BankofAmerica,1
Echmt,ICANChandler,1
Echmt,almanza_benito,1
Echmt,aznonprofits,1
Echmt,frontdoorsmedia,1
EckerEugene,BlackKnight10k,2
EckerEugene,ImaP91,1
EconMcCausland,YouTube,2
EdRiver76005279,1980Dorothy,4
EdRiver76005279,Acyn,1
EdRiver76005279,BFriedmanDC,2
EdRiver76005279,DanPfister2,2
EdRiver76005279,GinnyMcDonald8,2
EdRiver76005279,JewishResister,2
EdRiver76005279,JuliaDavisNews,2
EdRiver76005279,KatherineD79,2
EdRiver76005279,Laurasue81,2
EdRiver76005279,Lucky_PR_USA,1
EdRiver76005279,NickAdamsinUSA,1
EdRiver76005279,Peacepox,1
EdRiver76005279,SteveGr40673824,1
EdRiver76005279,SusanSnay,1
EdRiver76005279,craftbeerlife18,2
EdRiver76005279,jeanne_daniel,1
EdRiver76005279,lindyli,2
EdRiver76005279,mmfa,2
EdRiver76005279,rosevera,1
EdTufexis,DebDon98,2
EddieMesselTV,1011_News,1
EddieMesselTV,HuskerHoops,1
EddieMesselTV,roby_isaiah,1
Eddie_FIU,FIU,2
Eddie_FIU,FIUalumni,1
EddieboySNY,FoxNews,2
Eden_Kenyon4,AP,1
Eden_Kenyon4,Apple,8
Eden_Kenyon4,BillGates,1
Eden_Kenyon4,Disney,1
Eden_Kenyon4,DisneyStudios,1
Eden_Kenyon4,Eden_Kenyon4,3
Eden_Kenyon4,GBT_news,1
Eden_Kenyon4,IRIMFA_EN,1
Eden_Kenyon4,Safeway,1
Eden_Kenyon4,UMG,1
Eden_Kenyon4,UMGNashville,1
Eden_Kenyon4,Wagoneer,1
Eden_Kenyon4,WhiteHouse,1
Eden_Kenyon4,disneyplus,1
Eden_Kenyon4,starwars,1
EdicsonGonz,ThomasDBunting,1
EdinaDebbie,VICENews,2
EdinaDebbie,fred_guttenberg,1
EdinaDebbie,xoxocrimegirl,2
Eduardo38069331,CBSNews,2
Educ8Nebraska,Helzer4Edu,2
Educ8Nebraska,NE_Examiner,1
Educ8Nebraska,OWHnews,1
Educ8Nebraska,flatwaterfreep,1
Educ8Nebraska,janekleeb,2
Educ8Nebraska,phatgalactus,2
Educ8Nebraska,washingtonpost,1
EducatedBubba,CBSNews,2
EdwardJonesNYC,FWhitfield,1
EdwardKargbo16,MoiyattuBanya,1
EdwardKargbo16,john_konteh,2
Edward_CastBen,AP,1
EdwardsManor,AccountableGOP,1
EdwardsManor,watchyourRepsOH,2
Effectivewin,coachwhitman,2
EhringDain,c_cgottlieb,2
EhringDain,nypost,1
EileenMcEwen1,AlanDersh,1
EileenMcEwen1,FoxNews,2
EileenMcEwen1,JonathanTurley,1
EileenMcEwen1,SenatorTimScott,1
EileenMcEwen1,greggutfeld,1
EileenMcEwen1,jsolomonReports,1
EileenMcEwen1,seanhannity,2
Eileenleftnotri,ServeThe901,2
Eileenleftnotri,Target,1
ElLocoGaijin,CollectorClint,1
ElLocoGaijin,DKroenung,1
ElLocoGaijin,simshu,2
El_KayIII,ChristopherIad2,1
El_KayIII,Platipotter,2
El_KayIII,SocialistFrank,1
El_KayIII,jimmy_dore,1
El_KayIII,peteristhomas,1
ElaineRCTV,MilwaukeePolice,1
ElaineRCTV,tmj4,7
ElaineSchneid10,OccupyDemocrats,2
Elderta,_adamoeba,2
ElectWaters,Reuters,1
ElectaWing,CrazyNECatLady,2
ElectaWing,NEWS_MAKER,4
ElectaWing,RobinSu05523927,4
Elena_TaylorAut,LindsayHameroff,1
Elena_TaylorAut,MelissaLaurenE,1
Elena_TaylorAut,StonesongNYC,1
ElinorDalessand,TristanSnell,2
Eliphus88,new_cheats_news,2
Elisabethmngirl,DonnaJAZgal,2
EliteEmpireATH,MaxMoody17,2
Elizabe06345285,TristanSnell,2
Elizabe26425672,JoJoFromJerz,1
Elizabe26425672,fe03692244,2
ElizabethDTh,ElizabethDTh,1
ElizabethJonas4,AlJan01363381,1
ElizabethJonas4,LifeNewsHQ,2
ElizabethJonas4,Maypujol21,2
ElizabethJonas4,MichaelMunnerl8,1
ElizabethJonas4,kenolin1,1
ElizabethJonas4,penelopehof,1
ElizabethJonas4,tobbitthehobbit,1
ElizabethJonas4,whaddatwit,1
ElizabethLund11,B52Malmet,1
ElizabethLund11,dizie61,2
EllenHolmes2010,rkdickie,1
ElliotMalin,AllegiantStadm,1
ElliotMalin,MichaelNaft,1
ElliottEcon,ElliottEcon,1
ElliottEcon,cvaldary,1
ElliottEcon,steph_s,1
Ellythepoet,TRESENTAYA,1
Elrancher0,EASTLA_NEWS,2
Elvi90211717,Elvi90211717,1
Elvi90211717,TomFitton,1
Elvi90211717,kimguilfoyle,2
ElvinGarciaNYC,Mets,1
ElyseAshton1,AnglophileTV,1
ElyseWi82063018,NationalsPark,2
ElyseWi82063018,ladygaga,1
Emannaghavi,GreenWaveFB,1
Embue1,JoelTudman,1
Embue1,LammanRucker,2
EmilyKDrewry,VoiceHQ,1
EmmaTattenbaum,BShERT_Brooklyn,2
EmmaTattenbaum,TempleGrandin,1
EmmaTattenbaum,catwrote,1
EmmaTattenbaum,mtattenbaum,1
Emma_Hurt,Emma_Hurt,1
EmyleWatkins,EmyleWatkins,2
EmyleWatkins,NemoEntropy,1
EmyleWatkins,WBFO,1
EnderWiggin1979,AmyMcGrathKY,2
EnderWiggin1979,CNN,2
EnosTierna,MattGrubs,2
Enviropactor,Enviropactor,2
Eric78915,Anthony08905347,1
Eric78915,Lia_W_S,1
Eric78915,LvivTyler,2
Eric78915,WarMonitor3,1
EricAllixRogers,EricAllixRogers,1
EricHughesSD,WhiteHouseCEA,1
EricJGerald,ClemsonAthLead,1
EricJGerald,ClemsonUniv,1
EricJGerald,CoachKIRTON,2
EricMarks2014,BarstoolBigCat,2
EricRShermam,FoxNews,1
EricRShermam,HouseGOP,1
EricRShermam,KatTimpf,1
EricRShermam,Klaus_Arminius,1
EricRShermam,Marsha250,1
EricRShermam,PlanetTyrus,1
EricRShermam,SenateGOP,1
EricRShermam,foxnewsradio,1
EricRShermam,lust_kill,1
EricRShermam,pamela_brun,2
EricRus44691498,ellsmxy,2
EricSemuhungu,thecatbabalao2,2
EricTalksStros,CBSSportsMLB,1
Eric_Birdland,FLProspectPod,1
Eric_Birdland,xwOBAiley,1
Eric__Emerson,RexAvakian,2
Eric__Emerson,StonkSleeper,1
Eric__Emerson,ToddJos03650461,1
Eric_with_a_C43,RexChapman,1
Eric_with_a_C43,adaminkw,2
Eric_with_a_C43,seanhannity,1
EricaMattison,MassBike,1
EricsADHD,NolaFlightCEO,1
EricsADHD,NolaFlightGG,1
EricsADHD,ratio_news,2
ErikCOnTV,coachchaney96,1
Erik_VOBG,FX_Rivera,1
Erik_VOBG,soccermusings,1
ErikaDenise87,ClarkAccounting,2
ErikaJGlover,FOXNashville,1
ErikaJGlover,HumaneSociety,1
ErikaJGlover,nashvillehumane,1
ErikaRHammond,Coulter_wx,2
ErikaRHammond,JMyersWeather,1
ErikaRHammond,WBTV_News,2
ErinMBarlow,kylegriffin1,1
ErinSchemmel,HuffPost,2
EryckTait,NYTScience,1
EseFulanoDeTal1,realannapaulina,2
Esneider_Pesca,hobbyschooluh,1
EspinosaJesse,FerreiraDan83,2
EspinosaJesse,TMEA,1
EstefanoRubio,catafernandezc,1
EstherAnnePaul1,GarciaRosalind,2
EstherAnnePaul1,JoyceMJeffries1,2
EstherAnnePaul1,azcentral,1
EstherAnnePaul1,ejmontini,1
EstherAnnePaul1,jodiafowler,2
EstherAnnePaul1,mmpadellan,2
EstherAnnePaul1,nathaliejacoby1,2
EstherRawson,KUNMnews,1
EthanHiguain,NormOrnstein,2
EthanHiguain,justinbaragona,2
EthanHiguain,socalmom,2
EthanPurita,FoxNews,2
EthanPurita,RNCResearch,1
EthanRKassel,fyalkowski,2
Ethelssoninlaw,JorgeGF2009,2
Ethelssoninlaw,RichKeith11,2
Ethelssoninlaw,RoArquette,1
Ethelssoninlaw,latimes,1
Ethelssoninlaw,latimesopinion,1
EugBic,UNKearney,1
EunuchJames,IngrahamAngle,2
EvanDave8,byMorganWright,2
EvanDonohue,rachelkaras,1
EvanMPLepak,NDFootballPR,1
EvanRVice,PhillyS69689421,2
EvanRVice,byHeatherLong,1
EvansvilleTA,ISTAAspiringEd,1
EvansvilleTA,ISTAmembers,1
EveryDayWeekley,LevinsReports,1
EveryoneisANPC,oatly,1
EvilMarkOG,BoBBoTheKlown,2
EvilMarkOG,Halloween__News,1
EvilMarkOG,SpiritHalloween,1
EvilMarkOG,_HalloweenFan,1
Eymard6711,RonFilipkowski,2
Ezekiel53796950,ABC,1
F3Estwing,F3Isotope,1
F3Estwing,MyLivingFear,1
FATTSAK,nojumper,2
FLU_2Cold,angel__eyez_,2
FOX40Zach,CALFIRESKU,1
FOX40Zach,CASheriffLaRue,3
FOX40Zach,Cal_OES,1
FOX40Zach,Klamath_NF,1
FOX40Zach,MagillChevell,2
FOX40Zach,NormAndersonNJA,2
FOX40Zach,SiskiyouOES,1
FOX40Zach,SiskiyouSheriff,2
FOXlightMichael,TMZ,1
FQSpooder,UscTalk,1
FR32H2D34TH,TheDanKingerski,2
FR32H2D34TH,_ShellyAnderson,1
FWOEM,NWSFortWorth,2
FWPlayboy,ProvenForce13,2
FXsystem4,SmartStake,1
FXsystem4,tfm_com,2
Face_Law,UberFacts,2
FairlyCreations,percyfan182,2
FaithGarrington,KatiePekel,1
FaithGarrington,MPS_News,1
FaithfulFanTLoe,MaioccoNBCS,1
FakeBenJay,ndhapple,2
FakeMorganHope,MattTheLogical,1
FalckBarbara,GOPLeader,2
FalconCommander,AlexWhittler,1
FalconCommander,BuckFOX5,3
FalconCommander,ChristineOnTV,2
FalconCommander,DChandleyFOX5,2
FalconCommander,DjShockley3,2
FalconCommander,EboniDeonWSB,1
FalconCommander,FOX5Atlanta,8
FalconCommander,FOX5Sports,2
FalconCommander,FOX5StormTeam,8
FalconCommander,Fox5Kaitlyn,3
FalconCommander,GoodDayAtlanta,4
FalconCommander,JStaceonFOX5,1
FalconCommander,JoanneFOX5,3
FalconCommander,NatalieFFOX5,1
FalconCommander,PaulFromFox5,2
FalconCommander,RonGantFOX5,3
FalconCommander,SharonLFOX5,3
FalconCommander,SophiaWSB,1
FalconCommander,TomHaynesFox5,3
FalconCommander,alyseeadyFOX5,2
FalconCommander,jeffhillfox5,2
FalconCommander,thekellyprice,1
FalconCommander,wsbtv,1
FallonFox,CarlaEsparza1,1
FallonFox,TulsiGabbard,1
Fantasticslack,UltimateTagFOX,1
Farmers1977,JackPosobiec,1
Farmers1977,Whispering111,1
Farmers1977,lafndogs,2
FarmsSunset,APA099,2
Fashion_Nexus,Djewlie,1
Fau8zi,Dawn_News,2
FckUR2cnts,angelayee,1
Feanor809,NintendoAmerica,1
Feanor809,_KellyHuang,2
FearOfPieces,AJsboo,1
FedExManJohn,Region5ACJS,2
FedUpWFletcher,FedUpWFletcher,1
FeelsLike45Pod,DustRagu,1
FeelsLike45Pod,RandyDthatsme,1
FeelsLike45Pod,cadewebb,1
FenamTerra,thelungfactory,1
FenamTerra,whitest_injera,1
FerdBerfle3,WeAreSinclair,1
FerrellonFM983,LouatTheState,1
FetchkoJonetta,BLaw,1
FetchkoJonetta,EthanObama,2
FetchkoJonetta,Markieburgh,1
FetchkoJonetta,jafogrits,2
FilandroAlan,JoyVBehar,1
FilandroAlan,KariLake,2
FilandroAlan,SteveDeaceShow,2
FilandroAlan,liz_anne2123,2
FilandroAlan,peter_adderton,2
FilandroAlan,powerskenny13,1
FilmRoomScout,AroundTheNFL,1
FilmSnork,melanielynskey,2
FilmSnork,yellowjackets96,1
FinaNapoleon,Foskolo,1
FindZoltak,AlexCorradetti,1
FindZoltak,CBS58,3
FindZoltak,FrankieJupiter,1
FindZoltak,TajmaHallTV,2
FindZoltak,michelehana,1
FindZoltak,mikeywx8,2
FingalNancy,FingalNancy,1
Fire_faux,SanDiegoCounty,1
Fire_faux,klg1961,2
Fire_faux,robbnri,1
FishHuntTexas,defense_news,2
Five9,FreshworksInc,1
FlaRedDirtCC,the_bassplayer,2
Flairforthegold,FreddyInSpace,1
FlambergStuart2,POTUS,2
FlattenTabatha,irishson19161,1
Fletcher6Thomas,gostyle2001,2
FlintGate,FoxNews,1
FlintGate,kilmeade,1
Floridagirl0850,MicheleCochrane,2
Floridagirl0850,howbout_yes,1
Floridagirl0850,podiatristdon,1
FlowerOfSilver,nklslick,2
FluffyBeauty_71,Booker4KY,1
FluffyBeauty_71,HannahDrake628,2
FluffyZebra17,3YearLetterman,1
FluffyZebra17,robin_burri,2
Flynntarcomed,FoxNews,2
Flynntarcomed,FoxNewsSunday,1
Flynntarcomed,GOP,2
Flynntarcomed,ShannonBream,1
FocusProWrestle,AeronautBrewing,1
FocusProWrestle,IGBonanza,1
FocusProWrestle,LILMEANKATHLEEN,1
FocusProWrestle,StanStylezIGB,1
ForALtdTime9,Steve_Irvin,2
FordVersyptLab,OU_CBME,1
FordVersyptLab,Vivek__Bajpai,1
FordVersyptLab,ubcbe11,1
Forgetfulness19,Alexarenee1,1
Forgetfulness19,ArresthimNow,1
Forgetfulness19,CokoGay,1
Forgetfulness19,Debr1049Debra,4
Forgetfulness19,GulliAz,1
Forgetfulness19,HuffPost,1
Forgetfulness19,RhymesRadical,1
Forgetfulness19,RichGetsIt,1
Forgetfulness19,RitaMacMom,2
Forgetfulness19,RosannaPhillip,1
Forgetfulness19,SARA2001NOOR,1
Forgetfulness19,SadieMaeTN,1
Forgetfulness19,Vic_Resist,1
Forgetfulness19,VintageKnits,1
Forgetfulness19,Wikweko,1
Forgetfulness19,ZACKHAMMER7,1
Forgetfulness19,Zee207702,2
Forgetfulness19,claireluvsbearz,1
Forgetfulness19,deby0922,1
Forgetfulness19,ivyjofreeman,1
Forgetfulness19,news_houndnc,1
Forgetfulness19,srh_medco,1
Forgetfulness19,strom_annette,1
Forgetfulness19,tonybellerose,2
Forgetfulness19,xtraferocity,1
ForhanForOhio,GoAngelo,1
ForhanForOhio,catthekin,1
ForhanForOhio,mmfa,1
ForhanForOhio,nandoodles,1
ForhanForOhio,oneunderscore__,1
Forrunningoutld,CNN,1
FortWorthFire,NWSFortWorth,1
FosterJake_,bathbodyworks,1
FourthFreund,GeorgiaWild,1
FranandLayla,DonaldJTrumpJr,2
FranandLayla,RonFilipkowski,2
FranandLayla,ThatLibBitch,1
FranandLayla,jilevin,2
FranandLayla,samlo_xo,1
FrancaRose33,FBI,1
FrancaRose33,MichaelSteele,1
FrancaRose33,NewEnglandDevil,2
FrancaRose33,kglarson,1
FrancaRose33,kilmeade,1
Frank18844277,AgentCo09259883,1
Frank18844277,NJTrucker992,2
Frank18844277,RepMTG,2
Frank18844277,cptn_sparrow1,2
Frank18844277,harriet75,2
Frank18844277,repete31,1
FrankCuffe,naturesfinnest,2
FrankDenardo10,DaddyDawg_2,2
FrankDenardo10,GregSto00569413,1
FrankIsInTwitmo,BlakeMMurdoch,1
FrankIsInTwitmo,MaryCarper12,1
FrankIsInTwitmo,SYLSBC,2
FrankKish6pak,DailyCaller,1
FrankKish6pak,TheCynicalHun,2
FrankKish6pak,udreams30,1
FrankelGarion,TheTonus,2
FrankelGarion,bosnianbabe89,4
FranzoiLegal,FoxNews,1
FrecklesXX20,AmyMessick8,2
FrecklesXX20,CrytzerFry,2
FrecklesXX20,FrezziAgain,2
FrecklesXX20,HRHLou,2
FrecklesXX20,Penny_Lane_Pup,2
FredAgho_,davidlvndry,2
FredAnd06996403,Spokane_News,2
FredBoggs,ShaniaTwain,2
FredericArnould,Acyn,1
FrederickMelo,PioneerPress,1
FrederickMelo,dhmontgomery,2
FreePressRVA,BonnieNewmanDa2,1
FreePressRVA,saintjosephs,1
FreytagCoach,HollerHouseAgs,1
FriedliebLes,BeverlyFolkers,1
FriedliebLes,thejackhopkins,2
FriendsFamilyDC,AtlasBrewWorks,1
FriendsFamilyDC,BritLynster,2
FrippDawg,sugurray4UGA,2
Froderick9,RpsAgainstTrump,2
Froderick9,juddob1,2
FroggyB2,myharlingen,1
Fryepod_,CDaedlyn,2
FtWorthLibrary,DeborahNBC5,1
FtWorthLibrary,NBCDFW,1
FullTimeHoops1,angelayee,1
FullyLoadedGOAT,Jxmes_bd,1
FullyLoadedGOAT,itsAntWright,2
FuriousSnow,dameitai,2
FutureSchema,MikeSilver,2
FutureSchema,sfchronicle,1
FuzzyColbert,IvankaTrump,1
FuzzyColbert,JayeJaybird54,2
FuzzyColbert,Jim_Jordan,1
FuzzyColbert,SenTedCruz,1
FuzzyDanSo,FuzzyDanSo,1
FuzzyDanSo,TheDomsMom,3
FuzzyKismet,emptywheel,2
FuzzyKismet,musicov197,1
GARY805,kmbannerman,2
GBraggsJr23,It_Me_Who_Dis,1
GBraggsJr23,coffeeistheway,1
GChernack,ksorbs,1
GCrawfo42073518,87_RobertM,2
GCrawfo42073518,Jim_Jordan,2
GCrawfo42073518,seanhannity,1
GGsCircle,QasimRashid,2
GGsCircle,marcorubio,1
GHHilliard,RexChapman,2
GJenovai,AaronParnas,2
GLENNHI47852013,FoxNews,2
GLENNHI47852013,TulsiGabbard,1
GLENNHI47852013,jesseprimetime,1
GMOsbad,ECOWARRIORSS,2
GMOsbad,JamesMArcher,1
GMOsbad,beachvetlbc,1
GNAdv,GNAdv,1
GODofDa617,ItsTheFightZone,2
GORKAZP,Right,1
GPSTina,DashDobrofsky,1
GPSTina,ungodly_red,2
GRANTyouatweet,Fightful,1
GRANTyouatweet,steve_carrier,1
GREGTHESAGE,LtGovStratton,1
GREGTHESAGE,SAKimFoxx,1
GREGTHESAGE,VP,1
GREGTHESAGE,chicagosmayor,1
GREGTHESAGE,sleepyinIl,2
GREGTHESAGE,w_h_thompson,1
GResquer,OccupyDemocrats,1
GS_FromTn,googlenews,1
GVEMediaPR,ChristinaTkacik,3
GVEMediaPR,Reporterroblang,2
GVEMediaPR,baltimoresun,1
G_Elwood,G_Ponder,1
G_Elwood,ManUtd,1
G_Elwood,Snapdragon,1
G_Rowland10,FoxNews,2
GaBaldBandit,JoJoFromJerz,2
Gabbagool1,DunkAsASkunk,2
Gabbagool1,HeatherThomasAF,2
GabeMcDonald_,CSLonQCN,1
GabeMcDonald_,CamGaskinsTV,2
GabeMcDonald_,Queen_City_News,2
GabeMcDonald_,WBTV_News,1
GabeMcDonald_,mikelacett,1
GabeielaAguilar,GabeielaAguilar,1
Gabepluguez,TheJackBly,2
Gabepluguez,joeyyochheim,1
GabrielSterling,gpbnews,1
Gabriel_Porras_,ABC10,1
Gabriel_Porras_,kurtriveratv,1
GabrielaDow,ardurra,1
Gabrielesm1,FreekyCrypto,1
GageGoulding,CapePD,1
GageGoulding,NBC2,3
GailMessmer,servicerotties,2
GaileHolly,PressSec,1
GaileHolly,eb454,2
GalleryByHal,HouseGOP,1
GalloNotARanger,SaraEisen,2
GalloNotARanger,davidfaber,1
GalloNotARanger,steveliesman,1
GalsWander,MadHattersNYC,1
GalsWander,RoarLoudTravel,1
GalvCountyRs,nypost,1
GamblingGourmet,Amanda_Leoa,1
GamblingGourmet,MMAJunkie,2
GamblingGourmet,VenezuelanVixen,1
Game_Cocks21,JeremyRedfernFL,2
Ganeshh_Dass,Blackmagic_News,1
GangsterFine,AnnMarieR2,1
GangsterFine,BB_Hong_tw,1
GangsterFine,BenTristem,1
GangsterFine,Clubhouse,1
GangsterFine,Davidmcginty88,1
GangsterFine,GangsterFine,1
GangsterFine,KalPatel,1
GangsterFine,Mbwana,1
GangsterFine,RunningWatersCl,1
GangsterFine,code_queens,1
GangsterFine,hardaway,1
GangsterFine,kifcap,1
GangsterFine,lyonsnicholas1,1
GangsterFine,steepdecline,1
GanjaSven,ellsmxy,2
GanzAndere,CarlaNappi,2
GarboTay,AndrewWarrenFL,1
GarciaTalks,BJMedia1,2
GarciaTalks,IanBegley,1
GarciaTalks,TheNBACentral,1
GardensCalvary,alzassociation,1
GardensDPS,BetoORourke,1
GardensDPS,weplaywithtoys,2
GarishZodd,NintyPrime,2
GarrettBrock9,OfficialBlueyTV,1
GaryAlbertILLIN,PaulBiancardi,1
GaryAlbertILLIN,TiptonEdits,2
GaryAlbertILLIN,dfritzphotos,1
GaryHtweets,MariaBartiromo,1
GaryLon63325787,Pheanixs,2
GarySingerMD,JASN_News,1
GarySingerMD,MSharifpourMD,2
GarySingerMD,nagachalasani,1
GaryWat63596758,newsmax,2
Gary_J_Fisch,AlphaNewsMN,1
Gary_J_Fisch,GLpodcast,1
Gary_J_Fisch,JonJustice,1
Gary_J_Fisch,LydenFOX9,1
Gary_J_Fisch,MPRnews,1
Gary_J_Fisch,RacketMN,1
Gary_J_Fisch,RebsBrannon,1
Gary_J_Fisch,esmemurphy,1
Gary_J_Fisch,mitchpberg,1
Gary_J_Fisch,mlahammer,1
Gary_J_Fisch,thauserkstp,1
Gary_J_Fisch,tptAlmanac,1
GarysRebellion,JerryAlberson,1
GarysRebellion,RonFilipkowski,2
Gassensmith,rdavbritt,2
GatherTheSenses,yashar,1
Gators1121,WSJ,1
Gators1121,jeffphowe,1
Gators1121,seanhannity,1
GavMRich2786,BLKLiberation84,1
GaviotaGlows,SYV_News,2
GayleAlstrom,kenolin1,1
Gdtkct1,nathaliejacoby1,1
Gear5Fanboy,Electr0vator,4
GedawnGedonny,GedawnGedonny,1
GedawnGedonny,YouTube,1
GedawnGedonny,rasqueen13,1
GeeEL91,iancmclaren,2
Gemasib,mmfa,1
GemmaGale6,LindseyGrahamSC,1
GemmaGale6,MarshaBlackburn,1
GenLarkLin,19thnews,1
GenLarkLin,ABC,1
GenLarkLin,Block,1
GenLarkLin,BreitbartNews,1
GenLarkLin,CBSNews,1
GenLarkLin,CBS_Herridge,1
GenLarkLin,CronkiteSays,1
GenLarkLin,DailyCaller,1
GenLarkLin,FoxNews,1
GenLarkLin,HannaLiubakova,1
GenLarkLin,HuffPost,1
GenLarkLin,JoeNBC,1
GenLarkLin,MZHemingway,1
GenLarkLin,NBCNews,1
GenLarkLin,Oprah,1
GenLarkLin,ScottAdamsSays,1
GenLarkLin,VP,2
GenLarkLin,Wimbledon,1
GenLarkLin,allabas101,1
GenLarkLin,bitemaster7,1
GenLarkLin,catturd2,2
GenLarkLin,jenniferagerson,2
GenLarkLin,johnrobertsFox,1
GenLarkLin,lukeaf8,1
GenZOregonizers,ABC,2
GenZOregonizers,BeLikeJoe2020,3
GenZOregonizers,GenZOregonizers,1
GenZOregonizers,HalSparks,2
GenZOregonizers,Its_Elise_C,3
GenZOregonizers,NPR,2
GenZOregonizers,bannerite,2
GenZOregonizers,tmiller231,2
GenZOregonizers,voxdotcom,2
GenePanico1,HakusanLad,1
GenePanico1,Lizzie1528,2
GenePanico1,OccupyDemocrats,1
GenePanico1,momacla,1
GenePanico1,momandsisters3,1
GeneRSchmidt,BretBaier,1
GeneRSchmidt,CableNewsWatch,2
GeneRSchmidt,FoxNews,2
GeneRSchmidt,FoxNewsSunday,1
GeneRSchmidt,Gutfeldfox,1
GeneRSchmidt,HARRISFAULKNER,1
GeneRSchmidt,HawleyMO,1
GeneRSchmidt,SenSchumer,1
GeneRSchmidt,ShannonBream,1
GeneRSchmidt,SpecialReport,1
GeneRSchmidt,andrewcuomo,1
GeneRSchmidt,foxnewsnight,2
GeneRSchmidt,kevincorke,3
GeneRSchmidt,thetoyman1,8
GenericOpinion,WLKYJulie,1
GenieRougeau,JunkScience,2
Gentleman444444,Awrnold1,2
Gentleman444444,Robert_Hx,1
Gentleman444444,joncoopertweets,1
GeoGames_tw_yt,Bakari_Sellers,1
GeometricRabbit,IowaBPL,1
GeometricRabbit,ZacharyOS,1
GeorgeAPaul,DeadKennedys,1
GeorgeAPaul,ElvisPresley,1
GeorgeAPaul,littlebigtown,1
GeorgeAPaul,stlucia,1
GeorgeAPaul,thecure,1
GeorgeKellyJr,FOX61News,2
GeorgeKellyJr,JuliaLeBlancTV,1
GeorgeKellyJr,TimLammersFox61,1
GeorgeKellyJr,sprivett_tv,3
GeorgeMia,Fwd_Party,2
GeorgeMia,The_News_Herald,1
GeorgeR12620186,StuBennett,1
GeorgeR12620186,WWE,2
GeorgeR12620186,robreiner,2
GeorgeVerrando,SweetFnLucifer,2
GeorgeVerrando,mhdksafa,2
GeorgiaPolitico,googlenews,2
Gerald95051,_ashawndabney,2
GeraldP60020078,GreggJarrett,1
GeraldP60020078,JonathanTurley,1
GeraldP60020078,PamBondi,1
GeraldP60020078,marklevinshow,1
GeraldP60020078,seanhannity,2
GerardCarelli,BBCBreaking,2
GeriMonsen1,DON__WYOMING,2
GeriMonsen1,GeriMonsen1,1
GeriMonsen1,Hbobrow1Hbobrow,2
GeriMonsen1,KiltedRef,1
GeriMonsen1,KyivIndependent,3
GeriMonsen1,Marcelo10677130,2
GeriMonsen1,ScottAdamsSays,1
GeriMonsen1,alltidxx,2
GeriMonsen1,indyfromspace,1
GeriMonsen1,jasondweinman,4
GeriMonsen1,soy_raulin,2
GerryCarlin,hwinkler4real,1
GerryCarlin,kilmeade,2
GertzKaye,MacFarlaneNews,2
GertzKaye,MeidasTouch,1
GervaisBooks,DeepakBassi,2
GervaisBooks,JackCarrUSA,1
GervaisBooks,MarcCameron1,1
GervaisBooks,MarkGreaneyBook,1
GhassanChahmeA,delapresilla,1
GhostOfRaycom,joshwgoodson,1
GiaISantos,patiperro_nft,2
Giant_Jouster,British_Airways,1
Gibbon_Jack_,UKUN_NewYork,1
GiddingsAndrew,DisplacedTgrFan,2
GiddyUpBets,AdamSchefter,1
Gigiminibull,daigneault1212,2
Gilbert_d_leal,BISDAthletics1,1
GillinOakhill,3BeetMassacre,1
GillinOakhill,AskRobinhood,1
GillinOakhill,ChefDrew702,2
GillinOakhill,RobinhoodApp,1
Gilsilv76824203,GugaNoblat,2
GimsonSusana,JohnCornyn,2
GinadeMiranda2,DashDobrofsky,2
GinadeMiranda2,LisaMarieBoothe,1
GinadeMiranda2,char_kiwi,1
GingerFeCr,chonkyottm1ro,2
GingerFeCr,primarylupine,1
GingerFeCr,silveryote1,1
GiovannaElena59,fiorentinaplus,2
Girl777Cali,TomerStrolight,1
Girl777Cali,zedact3d,2
GirlLovesMagic,Variety,1
Gkatt_17,AdamSchefter,1
GlenMcMillan15,nytimes,2
GlennCraven,Acyn,1
GlennCraven,GlennCraven,1
Glibee_G_Gloob,DixonCox12,2
Glibee_G_Gloob,TrotterPossum,1
GlynnSydnee,KiniyaShippey,2
GntlmnScientist,SonicMovie,1
GoBigRed143,Eminem,1
GoBigRed143,TMZ,1
GoBigRed143,airlmndotcom,1
GoCHSTruckers,SLMillaci,1
GoPhotographer,CNN,1
Goatie33,POTUS,1
Goblinkatie,KoboldPress,1
Goblinkatie,little_red_dot,2
Godisgood4real,POTUS,2
Godisgood4real,Upschittscreek1,1
Godzy69,LegionGames2076,2
Goins2Jacob,ESPN1067,2
GoldBlooded79,ExitStageLeft57,2
GoldenWayneMos1,seanhannity,2
GoldenWayneMos1,skis416,1
Goldman60,ConceptualJames,1
Goldman60,NewDiscourses,2
Goldtrader67,AlArabiya_Eng,2
Goldtrader67,CNN,1
Goldtrader67,MizzcatherineK,2
Goldtrader67,MrKovalenko,4
Goldtrader67,POTUS,1
Goldtrader67,RobertShermanTV,2
Goldtrader67,kimmarinesis,2
Goldtrader67,ninaturner,2
GolfTravelerJoe,FairwaysFundays,1
GolfTravelerJoe,TwoClubWindGuys,1
GoodGolfOnly,RickRunGood,1
GoodHairBeks,NWSNHC,1
Goodwin48,MollieKatzen,2
GooleyChris,CentralArtists,1
GordonJohnson19,RomaineBostick,2
Gorgamatic21,AngelaHermann15,1
Gorgamatic21,CanterburyPark,1
Gorgamatic21,EdmontonOilers,1
Gorgamatic21,Hrbie14,2
Gorgamatic21,OutrunTheOdds,1
Gorgamatic21,PAOnTheMic,1
Gorgon_Katie,JillPantozzi,1
GorillaBrainPod,JD_Oliva,2
GorillaBrainPod,MikeGilbert311,1
Gort2024,FoxNews,2
Gort2024,davidhogg111,2
GoswamiAyona,Hof_group_news,2
GottShirley,FoxNews,1
Goudselennart,wshsgouda,1
GrabberGrabber,JuliaDavisNews,2
GraceHGrill,ColoneMark,2
GraceHGrill,JasonHarperTV,2
GraceHGrill,JohnLaCross5,2
GraceHGrill,MarkYarbro,1
GraceHGrill,Panthers,1
GraceHGrill,Queen_City_News,4
GraceKingHighS1,JPschools,1
Gracie05272013,mabelandstanley,2
Gracielinn6658,Wersching,2
Grambling08,RayyLive,1
Grambling08,mschris24,2
GrammHammer,atrupar,1
GrammHammer,whitepatrick,2
GrammaGaz,Born2Ponder,2
GrammaGaz,RepMTG,1
GrammaGaz,johnfeal2,1
Grammie213,RpsAgainstTrump,2
GrandCampP1,laBandaEsKulera,1
Grandadplatt,SethMacFarlane,2
Grandadplatt,TheOrville,1
Grandadplatt,disneyplus,1
GranpaGolfer,WalshFreedom,2
GrantMc41538627,JesseBWatters,1
GrantMc41538627,PlanetTyrus,1
GrantMc41538627,jimmyfailla,1
GrantNoland,AZ_Brittney,2
GrantNoland,BagdMilkSoWhat,2
GrantNoland,BillFOXLA,2
GrantNoland,D77008153,1
GrantNoland,DarbysCastle,2
GrantNoland,DebJone75835653,1
GrantNoland,DukeHomer,1
GrantNoland,Eathbound420,1
GrantNoland,ErikaU0525,1
GrantNoland,FlorioWilkes,2
GrantNoland,FritsV4,2
GrantNoland,Homeoffree61,1
GrantNoland,Justaoldcat,1
GrantNoland,KylaInTheBurgh,1
GrantNoland,L0VEisLove143,1
GrantNoland,LouGarza86,4
GrantNoland,MikeMcC5680,1
GrantNoland,Numbers28,1
GrantNoland,Peatches66,1
GrantNoland,RitaMacMom,1
GrantNoland,RosannaPhillip,1
GrantNoland,SiriusTrips,1
GrantNoland,TaraTisch,2
GrantNoland,TeresaM19445404,2
GrantNoland,UniversalStar18,1
GrantNoland,WILLIAMCHER_,1
GrantNoland,WickedEyes22,1
GrantNoland,Zee207702,1
GrantNoland,bfs2020,2
GrantNoland,chefjoelb,1
GrantNoland,dmrh0720,1
GrantNoland,gabirothhammer,2
GrantNoland,jetisch,2
GrantNoland,katibug957,1
GrantNoland,kitchen5203,1
GrantNoland,lmakowski3,1
GrantNoland,news_houndnc,1
GrantNoland,seanhannity,2
GrantNoland,small1ldy1,1
GrantNoland,srh_medco,2
Grant_Morgan81,robbysoave,2
Graphixation,BeschlossDC,2
Graphixation,GOP,1
Graphixation,MartinHernandez,1
Graphixation,MayoIsSpicyy,1
Graphixation,Rm438G,1
Graphixation,Roshan_Rinaldi,2
Graphixation,gbibuildingco,2
GratefulQ,RonFilipkowski,2
GravyBiscuits64,CBSEveningNews,1
GravyBiscuits64,NorahODonnell,1
GravyBiscuits64,RMGaustad,2
GreeterDan,AmishSecreto,1
GreeterDan,SenSanders,1
GreeterDan,ian_mckelvey,1
GreeterDan,kentnish,1
GreeterDan,latimes,1
GreeterDan,latimesphotos,1
GreeterDan,latimespolitics,1
GreeterDan,shoveitjack,2
Greg64573290,1drcole,2
Greg64573290,HawkeyeTownsend,1
Greg64573290,MSNBC,1
GregCrennan,BEA_News,2
GregCrennan,GregCrennan,1
GregCrennan,skynet2thesky,2
GregGraber,ryankopVCU,1
GregHotaling,AndrewFeinberg,1
GrendelRob,FBI,1
GrendelRob,Michael_FA75,2
GrendelRob,TheJusticeDept,1
GrendelRob,bennyjohnson,1
Gretchen415,DrIanWeissman,1
Gretchen415,VICENews,1
Gretchen415,lisakwildman,2
Gretchen415,notcapnamerica,1
GriffJenkins,ShannonBream,1
Griffen8Smith,clariselarson,1
Griffeyti,Griffeyti,2
Griffeyti,JesseBWatters,1
Grum2many1,IJReilly4,2
Grum2many1,JamesClimateGuy,1
Grum2many1,JennJenn699,2
Grum2many1,bkaydw,1
Grum2many1,joncoopertweets,1
GruvyGurl,CoachHamby,1
GruvyGurl,TeeBall77,2
GruvyGurl,mickeyokafor74,1
Gtwodagee,axios,3
Gtwodagee,maggieNYT,1
Gtwodagee,mikeallen,2
Guard_Wife,CincinnatiZoo,1
Guitar_Saint_1,WKRN,2
GunLiceN4Hrs,mySA,1
GunslingerViews,ShehanJeyarajah,1
Gunzo82013,BBCBreaking,2
Gunzo82013,Mark29507122,4
Gunzo82013,rgsrwwatch,2
GuyCosmo,CosmoSportInc,1
GuyCosmo,GoTransAm,1
GuyCosmo,MusicCityGP,1
GuyCosmo,Sundaygroup,1
H18Lisa,DickiePena,1
H18Lisa,DonaldJTrumpJr,1
H18Lisa,brendalmuse1,1
H18Lisa,tawendt,2
H2H32004,DavidfromMd2,1
H2H32004,JackPosobiec,1
H2H32004,TKGwrites,2
H2H32004,beksausbrooks,2
H2H32004,michaelrulli,1
H2HoeJustAddcum,Boz6crushers,2
H2HoeJustAddcum,Keena19831,1
H2HoeJustAddcum,newsmax,1
H2Omaker71,Acyn,1
H2Omaker71,travis_view,1
HAMMERSKIMA,AlexKrivicich,2
HAMMERSKIMA,InfiniteWorld,1
HAMMERSKIMA,superbitmachine,1
HEALZ63,ReturnofR,2
HIFilmFest,angenglert,2
HPSteve5,DomesticatedCom,2
HRHBethany,DNC,1
HRHBethany,ECMcLaughlin,1
HRHBethany,SenSchumer,1
HRHBethany,SpeakerPelosi,1
HRHBethany,harrisonjaime,1
HRHBethany,seanhannity,2
HRHDeMarius1,JessicaTarlov,1
HSHToria,GhettoBasquiat,1
HTown350Z,EA,2
HTown350Z,MassEffectFacts,2
HTown350Z,MassEffectWiki,2
HTown350Z,MassEffect_News,2
HTown350Z,ReGamertron,2
HTown350Z,bioware,2
HTown350Z,masseffect,2
HTown350Z,videogamingbot,2
Ha_Rudy1,laurenboebert,2
Habs_Fan_NJ,RyeAndJoke,2
Hacchi329,DuPont_News,1
HaileyPMartin,CodyAlcorn,2
HakimBe,HakimBe,1
HalNeier,GOPChairwoman,2
HalNeier,seanhannity,2
HalcombeL,SubZeroPoet,2
Hall2Wayne,GOPChairwoman,2
HallmarkFi,MarketWatch,1
HangingChadFL,MyNews13,1
Hankin57,judytgolf,2
Hankvalj,AK19I,1
Hankvalj,imetatronink,2
HardHatMike,Acyn,1
Harlemnite1,ChuckMac71,2
Harlemnite1,StevenBeschloss,1
HarnlyW,AdamCrafton_,2
Haroldcmiller,NYCMayor,1
HarrietBGarner,DrWLeon,1
HarrietMcKay13,ElectionWiz,2
HarrietMcKay13,JudicialWatch,1
HarrietMcKay13,RitaPanahi,2
HarrietMcKay13,TomFitton,2
HarrietMcKay13,judyannaggie,2
HarrisonHove,RTDNA,1
HarrisonHove,UFJSchool,1
HarrisonPHL,JohnFetterman,1
HarryAgganis,LouMerloni,1
HarryAgganis,MFMonWEEI,1
HarryAgganis,Meghan_Ottolini,1
HarryAgganis,bossmoves88,2
HarryAgganis,christianfauria,1
HarryMannjr1,Becoming_Bryna,2
HarryMannjr1,LatoyNBCBoston,1
HarryMannjr1,MattNBCBoston,1
HarryMannjr1,OlessaNBCBoston,1
HarryMannjr1,Pamelanbcboston,1
HarryMannjr1,RaulNBCBoston,1
HarryMannjr1,WCVB,1
HarryMannjr1,Wayles16,1
HasefTheGreat,xoxocrimegirl,1
HatchSabbath,HatchSabbath,1
Hatechivas,Alerta_News_,2
Haudricourt,Evan_P_Grant,2
Haudricourt,Feinsand,1
Haudricourt,KeithOlbermann,1
Haudricourt,dick_nixon,2
Haudricourt,jjcleveland9167,4
Havanaguy,NPR,2
Havanaguy,POTUS,1
Havanaguy,SpicyThaiS,2
Havanaguy,ninaturner,2
Havisforus,Bork10Bork,1
Havisforus,BotCheckQs,1
Havisforus,EbonyJHilton_MD,1
Havisforus,Mizraggy,1
HawkeyeGeorge,Emme0703,2
HawkeyeHunz,RealtorStarShar,2
HawkeyeHunz,elonmusk,1
HawksBestie,GraceHayba,1
Hawktime82,ElJefeTwoloom,2
Hawktime82,LegerDouzable,1
Hawktime82,carolynticker,1
Hawktime82,mbeller83,1
HayleyViolett0,googlenews,1
HazelFinley18,Abigail_Evanss_,1
HazelFinley18,DARKVADER731,1
HazelFinley18,ninaturner,1
HazelFinley18,tweeterstuff24,2
HazelnutMocha69,RepSwalwell,1
Headytokin,BockerNFT,2
Headytokin,GFunk,1
Headytokin,HNYPT23,1
Headytokin,MetaHero_,1
Headytokin,pixelvault_,1
HealnLuvHistory,HealnLuvHistory,2
HeathDingwell,HeathDingwell,2
HeathDingwell,JoePulizzi,1
HeathDingwell,Robert_Rose,1
HeatherBrito,anymanfitness,2
HeatherNHarper,KLTV7,2
Heather_Koolzan,Heather_Koolzan,1
Heather_Koolzan,SupGirl,2
Heather_Koolzan,TaffetaV,2
Heather_Koolzan,joshloughrey,2
Heather_Poole,DizzysJazzClub,1
Heather_Poole,WilkinsImmanuel,1
Heatherkxas,UpdateHLD,1
HeavySaidWhat,CowboysNation,1
HeavySaidWhat,DamonMarxDMN,1
HeavySaidWhat,GehlkenNFL,1
HeavySaidWhat,Sp0rtsBurner24,2
HeavySaidWhat,chaseaguiar,1
Hebz80_3,MLBNerds,1
HectorJAmezcua,ByRobinEpley,2
HectorJAmezcua,DanteMot_,1
HectorJAmezcua,EmilieStigliani,4
HectorJAmezcua,GavinNewsom,3
HectorJAmezcua,JeongPark52,3
HectorJAmezcua,Mayor_Steinberg,1
HectorJAmezcua,RocklinUnified,1
HectorJAmezcua,SacCountyCA,2
HectorJAmezcua,TheCityofSac,2
HectorJAmezcua,Wymsikl,2
HectorJAmezcua,ameliadavidson_,2
HectorJAmezcua,arianelange,1
HectorJAmezcua,lucyehodgman,1
HectorJAmezcua,lupitainfantexo,1
HectorJAmezcua,mathewjmiranda,1
HectorJAmezcua,mcclatchy,2
HectorJAmezcua,owentuckersmith,1
HectorJAmezcua,sacbee_news,9
HectorJAmezcua,tclift,1
HectorJAmezcua,ucdavis,1
HedFulofDreams,AReliability001,1
HedFulofDreams,A_DiAngelo,1
HedFulofDreams,ButtersKatz,1
HedFulofDreams,DrT_Crit_Think,1
HedFulofDreams,Freelancer_News,2
HedFulofDreams,Gspirithorse,1
HedFulofDreams,Hazardousmat,1
HedFulofDreams,IanMcculloch86,1
HedFulofDreams,MichalKleinRN,1
HedFulofDreams,MicheleMuse5,1
HedFulofDreams,OthmerBarbara,1
HedFulofDreams,Oxforduk23,1
HedFulofDreams,SerenaHassan4,1
HedFulofDreams,Soapy_Roadshow,1
HedFulofDreams,Whippenz,1
HedFulofDreams,africanraingod,1
HedFulofDreams,bhight3,1
HedFulofDreams,cheap_accounts,1
HedFulofDreams,clare1653,1
HedFulofDreams,ladyindrak,1
HedFulofDreams,microtome45,1
HedFulofDreams,pandlecloud,1
HedFulofDreams,saferprint,4
HedFulofDreams,stephenescott2,1
HedFulofDreams,ursobuursula1,1
HeelStCloud,BostonSuzM,1
HeelStCloud,FakeDawnSummers,2
HeelStCloud,JudsonK17,2
HeelStCloud,_janinerose,2
HeelStCloud,queengfyphd,2
HeelStCloud,rockcandy87,1
Heerak4Congress,AACNme,2
Heerak4Congress,AACNursing,2
Heerak4Congress,ACPSk12,2
Heerak4Congress,AFTunion,2
Heerak4Congress,APSVirginia,2
Heerak4Congress,AlexandriaVA,1
Heerak4Congress,AmerMedicalAssn,2
Heerak4Congress,ArlingtonDHS,2
Heerak4Congress,ArlingtonVA,1
Heerak4Congress,CDCDirector,1
Heerak4Congress,CDCgov,3
Heerak4Congress,CoconinoHHS,1
Heerak4Congress,DNC,1
Heerak4Congress,DebHaalandNM,1
Heerak4Congress,FCCPS,2
Heerak4Congress,FDA,1
Heerak4Congress,FairfaxSchools,2
Heerak4Congress,FallsChurchGov,1
Heerak4Congress,GovMLG,4
Heerak4Congress,HCAhealthcare,1
Heerak4Congress,HHSGov,3
Heerak4Congress,IOM_USA,2
Heerak4Congress,InovaHealth,1
Heerak4Congress,JoeBiden,1
Heerak4Congress,KHNews,1
Heerak4Congress,MedStarHealth,1
Heerak4Congress,NEAToday,2
Heerak4Congress,NHS,1
Heerak4Congress,NIH,3
Heerak4Congress,NIHDirector,1
Heerak4Congress,NLN,2
Heerak4Congress,NMDEMS,3
Heerak4Congress,NMDGF,1
Heerak4Congress,NMDHSEM,3
Heerak4Congress,NMDOH,7
Heerak4Congress,NMDOT,1
Heerak4Congress,NMDeptAg,1
Heerak4Congress,NMEDLeaders,1
Heerak4Congress,NMHC,1
Heerak4Congress,NMHSD,3
Heerak4Congress,NMHouseDems,1
Heerak4Congress,NMHouseGOP,1
Heerak4Congress,NMMagazine,2
Heerak4Congress,NMSecOfState,2
Heerak4Congress,NMSenateDems,1
Heerak4Congress,NMSenateGOP,1
Heerak4Congress,NMStatePolice,2
Heerak4Congress,NewMexicoGOP,1
Heerak4Congress,SantaFe,1
Heerak4Congress,SantaFeOEM,2
Heerak4Congress,SantaFeReporter,1
Heerak4Congress,SteveFDA,1
Heerak4Congress,Surgeon_General,1
Heerak4Congress,USAO_NM,2
Heerak4Congress,US_FDA,2
Heerak4Congress,VCUHealth,1
Heerak4Congress,VDHgov,5
Heerak4Congress,VDOE_News,4
Heerak4Congress,WHO,2
Heerak4Congress,fairfaxcounty,1
Heerak4Congress,fairfaxhealth,2
Heerak4Congress,fcpsnews,2
Heerak4Congress,hcphtx,1
Heerak4Congress,nmhm,1
Heerak4Congress,sentarahealth,1
Heerak4Congress,uvahealthnews,1
HelenAngel,Minecraft,1
HelenAngel,neverbrick,1
HelenAngel,technoturnovers,2
HelenMStone,MacFarlaneNews,1
Helen_Highly,CalltoActivism,1
Helen_Highly,JonLemire,1
Helen_Highly,LauraJedeed,2
Helen_Highly,MarjanKg,1
Helen_Highly,MaxBoot,2
Helen_Highly,MustangCarrie,1
Helen_Highly,Nerienis,8
Helen_Highly,PeterSchorschFL,1
Helen_Highly,RelaxedFatBoy,1
Helen_Highly,dcboyisangry,1
Helen_Highly,feriadelaluna,1
Helen_Highly,jen_rice_,1
Helen_Highly,mehdirhasan,3
Helen_Highly,targteacher,2
HelicoptersofDC,HelicoptersofDC,1
HelicoptersofDC,TDCPost,1
HellmanStudios,blkwidowsx,1
HelpfulLesbian2,ConnorPeden,1
HelpfulLesbian2,KayeSteinsapir,1
HelpfulLesbian2,RubinlawPLLC,2
HelpfulLesbian2,inhisserviceat1,2
HelpfulLesbian2,jess_mc,1
HelpfulLesbian2,staceyabrams,1
Henkepotamus,wsbgnl,1
HenneganBros,HowardStern,1
HenrichJim,HuesmannKyle,1
HenrichJim,JonRothstein,1
HenrichsenJohn,ProFootballTalk,1
HenryGo98381056,whittler_e,2
Herbwells7,nuosce,2
HerderGreg,JackPosobiec,1
HerderGreg,Margare21983168,2
Here4theviews2,Here4theviews2,1
Here4theviews2,NYJ_Matt,1
Here4theviews2,paulril59129293,1
HerosionBruce,FabrizioRomano,1
HerosionBruce,JohnsonPraize2,1
HerosionBruce,genah25,1
HerosionBruce,gyaigyimii,1
HerosionBruce,hvitserk_o,1
HerosionBruce,onalospyce,2
Herronisland,fur_baby_momma,2
HersonJudy,GOPLeader,2
HertzBarry,TIFF_NET,1
HesalroadDawn,Mike_Pence,2
HeyBMcCormick,phillymag,1
HeyLindaRey,Native2Crypto,2
HeyLindaRey,_DKleine,1
HeyMisterRyan,KingObi,1
Hey_Six,trubirdfax,2
HiFlynBrdDog,BuzbyGreg,2
HiFlynBrdDog,davidmweissman,1
HibiscusLynn,1Tough_Sheltie,1
HibiscusLynn,AmandaSmokeyIs1,1
HibiscusLynn,BengalPandora,1
HibiscusLynn,GeneralCattis,1
HibiscusLynn,HasShelties,1
HibiscusLynn,JusticeToAll,1
HibiscusLynn,LittleMaineCoon,1
HibiscusLynn,MaineCoonCatsOH,1
HibiscusLynn,Ophur_Cat,1
HibiscusLynn,Robin2020Rockin,1
HibiscusLynn,TheCatMalice,1
HibiscusLynn,mitsy2714,1
HibiscusLynn,ridley_aka,2
HibiscusLynn,toby_rules1,1
Hicks_JustinM,AppMediaInst,1
Hicks_JustinM,IPBS_News,1
Hicks_JustinM,WFPLNews,1
Hicks_JustinM,jeanjeanielindz,1
HifromtheFuture,FOX19,2
HilaryGreen77,JLWeisenfeld,1
HilaryGreen77,NicoMyTurn,1
Hillary20895191,MarcACaputo,1
HisMajestyJT,HisMajestyJT,1
HistoricPHL,SEPTAPHILLY,1
HistoryRunner,AD_University,1
HistoryRunner,Arnold_Ventures,1
HistoryRunner,HistoryRunner,1
HistoryRunner,Is_So_Amazing,2
HistoryRunner,KellyMcManusEdu,1
HistoryRunner,myHNN,1
HmiltonBombdog,FaithDRecovery,2
HockeyGoalieEh,JeffPassan,1
HolaSeth,Avalanche,1
HolaSeth,RohannenZorbia,2
Holden2283,NPR,2
HollerWitch724,teri_atthepaper,1
HollyCario,ProjectK9Hero,1
HollyEdgell,KCDefender,1
HollyEdgell,NABJ,1
HollyEdgell,NiemanLab,1
HollywoodEnrico,KevinHart4real,1
Hollywoodivers,BeschlossDC,2
Hollywoodjohnny,WGames_News,2
HomeTown_Trivia,TheFakeNed,2
HomeTown_Trivia,thekccurrent,1
HomegirlMonie,55mmbae,2
Homey_Brobart,krissti699,2
HoodieMoe69,4EverCloudted,1
HoodieMoe69,BeerlyFootball,1
HoodieMoe69,CookHimDerwin,2
Hoopsking1968,FBI,1
Hoopsking1968,SenRickScott,1
Hoopsking1968,mitchlham,2
HoosierWilliams,BjornLomborg,1
Hootieky,TPostMillennial,2
HopScores,BYUwvolleyball,1
HopScores,GameTimeCT,1
HopSunnyBunny,Raraloko,2
Hope_Winter,GOBuffalo,1
Hope_Winter,IH_news,1
Hope_Winter,news4buffalo,1
Horns63,PrimeEwers,1
Horns63,allenallcorn,2
HorowitzVictor,Likud_News,4
HotelCouncilSF,axiossf,1
Hotwielzz,BenAndWoods,1
Hotwielzz,HJPreller,1
Hotwielzz,enahseladsit,2
HouseofColors_,20kvisuals,1
HouseofColors_,AlexaBliss_WWE,1
HouseofColors_,BattleAcademyPA,1
HouseofColors_,BiggsdaProof,1
HouseofColors_,BurettaBlaze,1
HouseofColors_,DIZASTERBANNED,1
HouseofColors_,DaRealC3,1
HouseofColors_,Drect,1
HouseofColors_,Elijah_Strait,1
HouseofColors_,FonzHTC,1
HouseofColors_,FromThaDistrict,1
HouseofColors_,GTXBattles,3
HouseofColors_,Headice,1
HouseofColors_,Holmzie777,1
HouseofColors_,HoustonBarCode,1
HouseofColors_,Iam_AWard,1
HouseofColors_,Imaginethatfate,2
HouseofColors_,Jetpackgina,1
HouseofColors_,KarenCivil,1
HouseofColors_,KingVonFrmdaWic,1
HouseofColors_,KitchenQleen,1
HouseofColors_,LushOne,1
HouseofColors_,MzFuneral,1
HouseofColors_,NipseyHussle,1
HouseofColors_,Pass510,1
HouseofColors_,RealShotgunSuge,1
HouseofColors_,RealnameBrandon,1
HouseofColors_,ReeveyTown,1
HouseofColors_,Riddydaboss,1
HouseofColors_,RosenBergRaw610,1
HouseofColors_,SHOONEYDARAPPER,1
HouseofColors_,SheedHappens_,1
HouseofColors_,ShowTimeBattles,1
HouseofColors_,SnakeyezFg,2
HouseofColors_,TSGShawtyy_,1
HouseofColors_,TrueKofi,1
HouseofColors_,WPTM_DVENT,1
HouseofColors_,WWE,1
HouseofColors_,YoungKannon131,1
HouseofColors_,angelayee,2
HouseofColors_,bigGeechiMbb,2
HouseofColors_,omb_peezy,1
HouseofColors_,proaktive103,1
HouseofColors_,rapgrid,1
HouseofColors_,theriotoc,2
HouseofColors_,urltv,1
HouseofColors_,wayupwithyee,1
HouseofColors_,xcelgawd7,1
HowardHolder8,FoxNews,3
HowardHolder8,John4Stevens,2
HowardHolder8,SpecialReport,1
HowardHolder8,honestamerican0,2
HowardHolder8,pm_last,2
HowieDoIt10,AyersRailey,2
HozeKing,MeidasTouch,2
HrdSpnUnclDuffy,GolfGamblingPod,1
HrdSpnUnclDuffy,NUCLRGOLF,2
HtownWheelhouse,ExplainedAstros,1
HtownWheelhouse,HtownWheelhouse,1
HtownWheelhouse,MLB,1
HtownWheelhouse,astros,2
HubMD,AndrewWarrenFL,1
HubMD,KirseyBelle,1
HubMD,jstephenson84,2
HuberKMUW,CaudillKMUW,1
HuberKMUW,thomaspshine,1
HudSpeaksOut,CNN,1
HudSpeaksOut,redsteeze,1
HudSpeaksOut,thehill,1
HueyFischer,jherrerx,2
HuffsHoops,NBA2K,2
HughJasol2,HDMikeL14,3
HughJasol2,realCWOmike,5
HughJasol2,toddstarnes,3
HughJassle4,FoxNews,1
HughJassle4,pdoocy,1
HughJassle4,thetoyman1,2
HugoKijne,AlexThomp,1
HugoKijne,FoxNews,1
HugoKijne,kylegriffin1,1
HugoKijne,robertjdenault,1
HugolValentin,AlecBaldwln____,1
HumThomas,KTLAWeekendAM,1
HumThomas,LynetteRomero,2
HummelTodd,JeremiahDavis01,1
HunterShelton_,NJHoopRecruit,1
HuskerGI,1011_News,1
HuskerGI,kevinsjuts,2
HutchCO7,LiberalMedian,4
Hwysixty1,WFAN660,1
HyenaHeck,Cryptorockstar4,1
HyenaHeck,LoadedLions_CDC,1
HyenaHeck,UltraPog,1
HyenaHeck,donthenftwanabe,2
Hystoryan,Hystoryan,2
Hystoryan,JustinWolfers,3
Hystoryan,Zigmanfreud,2
I65WxMikeSils,FallsCityWx,1
IAmDavidJTaylor,adamhlavac,1
IAmDavidJTaylor,itsRyanUnicomb,2
IAmJohnAles,MarshaBlackburn,2
IAmJohnAles,RexChapman,2
IAmJohnAles,RoArquette,2
IAmJohnAles,davenewworld_2,2
IAmJohnAles,neverending_joy,1
IAmMattBetz,joshweinfuss,1
IBgrego,jtLOL,2
IDKPure,ATLUTD,1
IDKPure,FelipeCar,1
IDundergroundSN,media_ebc,1
IHCCAthletics,indianhills,1
IIMSantaMaria,ABC,1
IIMSantaMaria,CNN,3
IIMSantaMaria,Disney,1
IIMSantaMaria,JoyAnnReid,1
IIMSantaMaria,MSNBC,1
IIMSantaMaria,NBCNews,1
IIMSantaMaria,NBCUniversal,1
IIMSantaMaria,abcnews,1
IIMSantaMaria,disneyplus,1
ILMarathon,news_gazette,1
IManchesterEnt,2MGE_,1
IManchesterEnt,HarlanHawks_FB,1
INDprogressives,REI_BJP,1
INJDWETRUST,CastlesWay,1
INTLMAV,Johnubacon,1
IPStevieB,H3Ranch,1
ISH_205,CamoGal99,1
ISH_205,ISH_205,1
ISH_205,RealCarrotTop,1
IUMrStryck,FiveThirtyEight,2
IUMrStryck,SenSanders,1
IUMrStryck,ska_ves,2
IUMrStryck,thehill,1
IUraizee3MD,john_biemer,2
IVivaVelichii,Fortunep2e,2
IVivaVelichii,JohnFos76129705,1
IVivaVelichii,NFTsAreNice,1
IamPaulMurphyMD,TPHS_Basketball,2
IamPhil_KS,LULAC,1
IamVeRoNiCaG,michaelschwab13,2
Iamcalebgreen,LasVegasLocally,1
IanCASS30649034,IanCASS30649034,2
Ibutterfly34,naji_k_n,2
Idahoproud2A,CNNPolitics,1
Idahoproud2A,anne56799567,2
IdiocracyCult,GOPLeader,1
IdiocracyCult,HouseGOP,2
IfYouFollowMatt,DuquesneLight,1
IfYouFollowMatt,Notebookwageri1,1
Ifeabunike,Qdpaper2,1
Ifeabunike,janettalkss,2
IgmuTL,DailyStuffMag,2
IgnantToya,iam_frigg,2
Ikedixon4,AP,2
Ikedixon4,Ikedixon4,1
Ikedixon4,MNTwinsFan47,2
Ikedixon4,Straight2Burner,2
Ikedixon4,twgahler,1
Ikejames101,GoldSquadron,2
Ikejames101,atomicmassgames,1
IllegalEnglish,lcmlaw_ph,1
IlosttheKee,IlosttheKee,1
ImBrianBritain,JacquiHeinrich,1
Im_JustJim,Im_JustJim,1
Im_JustJim,matsbloodworks,2
Imlucky444,Mets,1
Imlucky444,Padres,1
Imlucky444,TimBritton,1
ImranQ805,friarphilSD,2
InGodWeTrust614,JimFraserUk,1
InGodWeTrust614,Katherine381,2
InGodWeTrust614,ManchurianDevil,1
InGodWeTrust614,alexbward,1
InMediasRes2022,TrivWorks,2
InTheLoopLegend,WDWNT,1
IndyJenn_,XineAlemany,1
IndyJenn_,fitsnews,1
IndyReloaded,kilmeade,2
IndyReloaded,washingtonpost,2
IndySportsDude,IndySportsDude,1
IndySportsDude,VicOladipo,1
Infinty1001,AhearnColeen,18
Infinty1001,Andy_Lea1964,18
Infinty1001,ArtKetterhagen1,18
Infinty1001,AuroraBlogspot,18
Infinty1001,BBockelbrink,18
Infinty1001,BSandersRipCity,18
Infinty1001,BrooksChloe732,18
Infinty1001,CDFleming5,18
Infinty1001,ChazDavis10,18
Infinty1001,D_Ericson,18
Infinty1001,FritsV4,18
Infinty1001,HLStockenstrom,19
Infinty1001,KerstinVockert,18
Infinty1001,KiKiPosting,18
Infinty1001,LRJ023,18
Infinty1001,LouGarza86,18
Infinty1001,MacleanJoyce,18
Infinty1001,MarilynSarelas,18
Infinty1001,MarkoSilberhand,18
Infinty1001,Meghanduggan1,22
Infinty1001,MyBoxerLuvMac1,19
Infinty1001,NoraNanza,18
Infinty1001,Numbers28,18
Infinty1001,OctoberFerguson,18
Infinty1001,benbrookjohn,18
Infinty1001,beth_monje,18
Infinty1001,chefjoelb,8
Infinty1001,colin_goodayle,18
Infinty1001,es_edwards,20
Infinty1001,hassib_haidar,18
Infinty1001,jennifersterri1,18
Infinty1001,kath_mcc,19
Infinty1001,kurtmac,27
Infinty1001,mac_gardiner12,18
Infinty1001,mrsbiffo01,18
Infinty1001,news_houndnc,18
Infinty1001,repsiw5,19
Infinty1001,skipz,18
Infinty1001,small1ldy1,20
InfoForge,FLSVarsity,1
InfoForge,J0rdanBr0wn_,1
IngramOxford,WFuzhi,1
InlandEmpireW4D,InlandEmpireW4D,1
InstaRonnie,nypost,2
Insurance35,BBopTop,1
IntezAli,MikeRunsMiles,1
IntezAli,RepMTG,1
IntezAli,robinbaja9,2
InvestorsKeep,PGodjira,2
IoAircraft,Alan_McCright,2
IoAircraft,BBludau130,3
IoAircraft,BeanCounter707,2
IoAircraft,DameMyniah,1
IoAircraft,Eddiesilence,2
IoAircraft,F96863081,3
IoAircraft,KimmRogers,2
IoAircraft,NotATeslaApp,2
IoAircraft,P_McCulloughMD,1
IoAircraft,TulsiGabbard,1
IoAircraft,astro_jaz,2
IoAircraft,defense_news,13
IoAircraft,elonmusk,1
IoAircraft,fam_news_,3
IoAircraft,leoforlife21,2
IoAircraft,mr_bartoszz,2
IoAircraft,rebeccajoc,2
IoAircraft,redsteeze,1
IoAircraft,samanthamarika1,2
IoAircraft,thebradfordfile,2
IowaCubs,LouisvilleBats,1
IowaCubs,TINBand,1
IowaPremierFP,ExtraInningSB,2
IowaPremierFP,LaurenBacon03,1
IowaPremierFP,Los_Stuff,2
Irada24678763,Ali_F_Alizada,2
Iris_Vazquez,DrOz,1
Iris_Vazquez,POTUS,1
Iris_Vazquez,briantylercohen,2
IrishStewCast,IrishStewCast,1
IrreverentGamer,PeteAbe,1
IrreverentGamer,RedSox,1
IrvingPD,Dallas_DA,1
IrvingPD,FBI,1
IrvingPD,FBIDallas,1
IsaiahsAuntie49,bpa314,2
IshmailSaboor,Bangasser_Lab,2
IshmailSaboor,GeorgiaStateU,1
IshmailSaboor,ga_res_alliance,1
Ishoot_3s14,TessaDuvall,1
Isshaddy,iCheesur,2
ItAintWhoItIs,MichaelBlackson,1
ItalianoVV56,DeniseBalistre1,1
ItalianoVV56,DianaBr20575489,2
ItalianoVV56,FoxNews,1
ItalianoVV56,Juniors_8Ball,2
ItalianoVV56,KristiNoem,1
ItalianoVV56,News_Dr252,2
ItalianoVV56,SoapOpera_news,2
ItalianoVV56,anjali_deodhar,1
ItalianoVV56,atrupar,1
ItalianoVV56,jsessions8032,1
ItsAHardG,THR,1
ItsAndyTales,GenesisGroupCA,1
ItsAndyTales,jenazantian,2
ItsBeBeDuhh,RaudKing,2
ItsBrieW,unccharlotte,1
ItsCoreyBlack,Son_ImSleep,1
ItsEjayBaybee,LisaMarieBoothe,1
ItsMITavius,ItsDustinWaller,1
ItsMITavius,itsjakelynn,2
ItsRezForMe,mymixtapez,1
ItsThatBriGuy,OneMinnesotaMom,1
ItsThatBriGuy,RealBenCarson,2
ItsYungEmac,AdamSchefter,1
ItsYungEmac,piperboywilliam,1
ItzGetty,BellaSF49,1
ItzGetty,Delta49erx,1
ItzGetty,SPScott19,2
ItzGetty,_seize_the_carp,1
ItzGetty,librool,2
ItzGetty,taj_ethan49ers,1
Ivorybird313,POTUS,1
Ivorybird313,RukusRowdy,2
Ivorybird313,marcorubio,1
IvyALyons,IvyALyons,1
J16James,BenGoessling,1
JABOO_SZN_2,AdamSchefter,1
JACCVSS_G3RM,YouTube,1
JACarranco_,UtepZay,2
JAJensenPhD,BenFischerSBJ,2
JAMorenoPR,BJandMigs,2
JAYBRIANZ,FoodLion,2
JA_Forebears,SeafairFestival,1
JAdamGilman,F13thFranchise,1
JBaileyTweets83,dbongino,1
JBaileyTweets83,vek1217,2
JBlock49,AdiJoseph,2
JBlock49,VeneziaFC_EN,3
JBryanbuddy,Christine1422,2
JBryanbuddy,bbbtmenw,1
JCCumings,TimRunsHisMouth,2
JCSchoenberg,kyledcheney,1
JCacciapaglia,AliWolfEcon,1
JCacciapaglia,NipseyHoussle,2
JCouchot_Sports,ChicoHighSports,1
JD3lv,NPR,2
JDtheOldFather,KerryBilicki,1
JDtheOldFather,SunsetGunShot,1
JEDI_L84,ninaturner,3
JEdwardHunziker,GoldenKnights,1
JFDSFla,BeschlossDC,2
JFK613,DickieV,2
JFK613,JFK613,1
JFMcMullen,cfranklinnews,2
JG_Nightmare,INTELHCSHalo,1
JHScott8,CBSNews,1
JHScott8,MattPipke,2
JJ84487256,FoxNews,1
JJ84487256,LivingMagazineW,2
JJ84487256,rolandsmartin,2
JJBoulder98,cwt_news,2
JJFletcherJr,kilmeade,2
JJPeacockIV,atrupar,2
JJSingh,ABC,2
JJSingh,CNN,1
JJSingh,HalSparks,2
JJmp55j,RichardGrenell,1
JKassa_PA151st,MontTwpDems,1
JKimBatraAISD,AustinISD,1
JKimBatraAISD,McCallumHS,1
JLComes,RachelSL,2
JLWinborne,WalkerTCJ,1
JL_Chapman,MaioccoNBCS,1
JLopas,Firefly_Space,1
JLynchDO,RepBrianHiggins,2
JML64080799,OccupyDemocrats,6
JML64080799,SenWhitehouse,2
JML64080799,TuckerCarlson,1
JML64080799,jonstewart,2
JMLJML518,RepLizCheney,1
JMLJML518,Xenos_on_ice,2
JManOrRiot,cwt_news,2
JMedellinNYC,GoodwillNYNJ,1
JMedellinNYC,Nancy_Chuang,2
JMedellinNYC,kitson,1
JMichael_Smith,DowntownTyler,1
JMichael_Smith,KLTV7,1
JMichael_Smith,TPWDparks,1
JMichael_Smith,VisitTyler,1
JMurren3,JeffPassan,1
JMurren3,Padres,1
JNicholsWorley,dankennedy_nu,1
JNicholsWorley,graftonvillager,2
JOESANDIEG0,maddow,1
JPBark87,JPBark87,1
JPBark87,Maggie2Scott,1
JPBark87,lsferguson,1
JPGarv,JennaLaineESPN,1
JPK553,AcsAgainstCRT,2
JPK553,C2C4USA,2
JPK553,Chrisbr63640791,1
JPStriano98,JPStriano98,2
JPStriano98,TBMento,1
JRBisMe,JBrstl,2
JRBisMe,bisbarck,2
JRJimen95628406,meatymcsorley,2
JRKennellyGOP,Commanders,1
JRKennellyGOP,PFTCommenter,1
JROBERTBURNSIDE,LukePMontgomery,1
JROBERTBURNSIDE,monikaroseneal,2
JROBERTBURNSIDE,therecount,1
JRaclawski,No_hocus_pocus,1
JRaclawski,jmbenson1491,1
JRaclawski,karrihatley,2
JRotsaert,KyivIndependent,2
JRotsaert,kilmeade,2
JSPausman,GoonerTaIk,1
JSeawright_TVWX,WISCTV_News3,1
JSpringg_WNDU,jerry,1
JTOWNACTION,LAPDPIO,1
JTSoron,GhostHostJustin,2
JTSoron,terrancesavery,1
JVSylvester,nytimes,1
JVSylvester,washingtonpost,2
JWooden32,johncusack,2
JZMesser,tedcruz,2
J_Cuda90,Bickley_Marotta,2
J_Cuda90,Coast2CoastPod1,1
J_Cuda90,FlexFromJersey,1
J_Dickson12,TimJGraham,1
J_Dickson12,theblaze,1
J_HollimonTV,SpecNewsCareers,1
J_Monay,SneakerPhetish,2
J_Monay,sizeofficial,1
J_Rivera2017,maggieNYT,1
JackBellSports,GabeIkard,1
JackDakota3,Breaking911,1
JackDakota3,sarcasticGenX,2
JackLBarrett,Acyn,1
JackLBarrett,StinaSternberg,2
JackLawrenceXXX,LVMPD,2
JackLawrenceXXX,MADDOnline,1
JackLawrenceXXX,ONgov,1
JackLawrenceXXX,OPP_News,1
JackLawrenceXXX,isda1979,2
JackNas51331300,tiredcubed,1
JackNor26806652,John99835542,2
JackNor26806652,SenSchumer,1
JackNor26806652,garyrob51198326,1
JackQuillin22,GsHauntsEvents,2
JackQuillin22,jjoannid,2
JackQuillin22,news__dude,2
JackStaab,john_jastremski,2
JackWeb53085992,GOP,1
JackWeb53085992,KrisGoldsmith85,2
JackieCoxNYC,SheaCoulee,2
JackieJ35576472,IAmSteveHarvey,2
JackieKessler,AshaRangappa_,3
JackieKessler,JoJoFromJerz,2
JackieKessler,TristanSnell,1
JackieKessler,robertjdenault,1
JackieKessler,shirtsthtgohard,1
JackieTriche,RepSwalwell,2
JackieTriche,patriottakes,2
JacksonMinford,LoveBallymena,2
JacobABigelow,HapperShow,1
JacobLongSTL,buschvalentine,1
JacobNunez27,BrendaBarrera04,1
JacobNunez27,Coachbru3,1
JacobNunez27,DISDespanol,1
JacobNunez27,EmilyBrokaw2,1
JacobNunez27,MolinaFootball,1
JacobNunez27,MolinaHSLibrary,1
JacobNunez27,Molina_Jags,1
JacobNunez27,SHussainDISD,1
JacobNunez27,SoccerJagsMHS,1
JacobNunez27,XCJagsMHS,1
JacobNunez27,YeIbarra07,1
JacobNunez27,benfordisd,1
JacobNunez27,dallasschools,1
JacobNunez27,molinabtech,1
JacobNunez27,molinahsats,1
JacobPa17393528,BetoORourke,1
JacobPa17393528,pemdemica12,2
JacobWaldrop79,Cen21000,2
JacquiDHz,Athletico,1
JacquiDHz,GameStop,1
JacquiDHz,NEWS,1
JacquiDHz,Staples,1
JacquiDHz,Target,1
JacquiDHz,sallys,1
JacquiDHz,ww_uk,1
JacquiDHz,ww_us,1
Jacquielimaa,VampBoi24,1
JadeSmi72331199,Clubhouse,1
JadeSmi72331199,FableFoible,1
JadeSmi72331199,bsteph,1
JadeSmi72331199,jploh,1
JadeSmi72331199,michael_yiin,1
JadeandZiggy,Acyn,2
Jake8a,eeyezayuhh,2
JakeFrick,ChaseVancelette,2
JakeFrick,RepSwalwell,1
JakeFrick,Ty22Best,1
JakeGaregnani,CBS8,1
JakeGaregnani,pewilliams58,2
JakeGaregnani,sdutKevinAcee,1
JakeKaney,RexChapman,2
JakeNShake_,RichieRich_96,1
Jake_7777_,7Veritas4,2
Jake_7777_,Emmanue37844681,2
Jake_Aferiat,CoachBrianKelly,1
JaladahA,JeffSchuhrke,1
JameeFrenchNews,14News,1
JameeFrenchNews,Tanner14News,1
JamelleCooper,colton_pouncy,2
JamelleCooper,kmeinke,2
James07910075,James07910075,1
James07910075,thehogwatch,2
JamesBaskervil9,DonaldTrump,1
JamesBaskervil9,UdajoMike,2
JamesCambra,BobbyKingNoon,2
JamesCambra,mma1114488,2
JamesDFHannah,JayFaerber,1
JamesDi37973638,weekendatbertha,1
JamesEdwardTay5,11thHour,2
JamesEdwardTay5,AWeissmann_,1
JamesEdwardTay5,BarbMcQuade,1
JamesEdwardTay5,DrVMDS,1
JamesEdwardTay5,FrankFigliuzzi1,1
JamesEdwardTay5,JStein_WaPo,1
JamesEdwardTay5,MarcACaputo,1
JamesEdwardTay5,PhilipRucker,1
JamesEdwardTay5,SRuhle,1
JamesEdwardTay5,TimOBrien,1
JamesEdwardTay5,oneunderscore__,1
JamesHaddan,Six_Texas,2
JamesHallinan,LouisianaGov,1
JamesHebertJr1,AaronParnas,2
JamesHebertJr1,StevenT04081516,2
JamesHebertJr1,grotenganoble,2
JamesHen73,tishaura,1
JamesHen73,yamnitz,2
JamesLochhead5,BradMossEsq,2
JamesLochhead5,CarmenWbluewave,1
JamesLoduca,jodybswartz,2
JamesLoduca,tylerswartz,1
JamesLottJr1,News_Dr252,2
JamesLottJr1,SourceRyan,2
JamesLottJr1,allmypromotions,2
JamesLottJr1,daytimetoday,1
JamesSyrett,hana___anah,2
JamesSyrett,realDonaldTrump,1
James_Tierney,TDHellhounds,1
James_Tierney,TopDogBeachClub,1
JamespDonovan,TabooBooSF,2
JamespDonovan,charliekirk11,2
JamieEldridgeMA,350MassAct,1
JamieEldridgeMA,CLF,1
JamieEldridgeMA,MAPowerForward,1
JamieEldridgeMA,MOF_Mass,1
JamieEldridgeMA,MassGovernor,1
JamieEldridgeMA,jeffroy,1
JamieEldridgeMA,senatorbarrett,1
JamieMcullough,AndrewYang,1
JamieMcullough,HamblinZeke,2
JamieMcullough,WholeMarsBlog,1
Jamie_R_Carroll,hbomax,1
Jamiehop27,City_Xtra,1
JamilasDad,WooaNely,2
JamisonTVNews,FOX25Jasmine,1
JamisonTVNews,OKCFOX,1
JampolskyLeslie,Needle_of_Arya,2
Jamppa,ananavarro,2
Jamstephen9,Jamstephen9,1
JamtheGym,EdBouchette,1
Jan88741905,TobyGialluca,2
JanLNye,APFactCheck,1
JanLNye,ema456782,2
JaneMinarWX,foxweather,1
Jane_Blatz,FilmUpdates,1
Jane_Steranko,AshaRangappa_,2
Jane_Steranko,JunkieNews_News,2
Jane_Steranko,cmerfy,1
JanetRally,DonnaFairchild9,2
JanetRally,Michelleeo,2
JanetRally,NDinEngland,1
JanetRally,OffPiste11,1
JanetRally,jrstlouis,1
Janetbolivartv,nwas,1
Japtain_America,AgentOr75238377,1
Japtain_America,DorothySatterf6,1
Japtain_America,FrancisFrogg,2
Japtain_America,jennycohn1,1
JaredGoyette,FOX9,1
Jared_Huggins,RMosee,1
Jared_Huggins,amandannepanda,1
Jared_Huggins,lhpoggi,2
JarrettOfArk,ChrisJansing,1
JarrodBParker,CandyDigital,1
JarrodBParker,DiamondDawgsNFT,1
JarrodBParker,FYbaseballNFT,1
JarrodBParker,MLB,1
JarrodBParker,MLBPA_News,1
JarrodBParker,MLBRBI,1
JarrodBParker,MetaAthletes,1
JarrodBParker,NashvilleStars,1
JarrodBParker,ProjectSandlot,1
JarrodBParker,SandlotSloths,1
JasonBXNY0619,FBICincinnati,1
JasonBXNY0619,NJTRANSIT,2
JasonBXNY0619,NYCferry,1
JasonBXNY0619,brian4NY,1
JasonBXNY0619,glennschuck,1
JasonBXNY0619,kemrichardson7,1
JasonBXNY0619,mcharlesworth7,1
JasonBXNY0619,njburkett7,1
JasonBXNY0619,wallerABC7,1
JasonHarperTV,AnnWyattLittle,2
JasonHarperTV,BrettBaldeck,1
JasonHarperTV,FOXTV,1
JasonHarperTV,JulianSadurTV,1
JasonHarperTV,NFLonFOX,1
JasonHarperTV,Panthers,1
JasonHarperTV,PuckerButt,1
JasonHarperTV,QCNWeather,1
JasonHarperTV,Queen_City_News,10
JasonHarperTV,SuperBowl,1
JasonHarperTV,UnionCoSheriff,1
JasonHarperTV,phaeton4kast,3
JasonHuckLewis,TheActionNet,1
JasonPantz,Henrik_Palmgren,1
JasonPantz,Know_More_News,1
JasonRatcliff2,UnchartedX1,1
JasonRatcliff2,nascar_oz,2
JasonWiseWA,ShannonBream,1
Jason_Paul3,Villages_News,4
Jason_W_Dean,CampaignZero,1
Jason_W_Dean,JenSDean,1
JavManjarres,CharlieCrist,1
JavManjarres,Fla_Pol,1
JavManjarres,Floridianpress,1
JavManjarres,GovRonDeSantis,1
JavManjarres,MIAagainstFash,2
JavManjarres,NikkiFried,1
JavManjarres,sfdb,1
JavWonderful,jonoread,1
JaxPeel,dsamuelsohn,1
Jay212718365,OG_MADMAN01,2
Jay371992,ReBourneAgain,2
JayAH985,CheIshit,1
JayAH985,__adel22,2
JayAWood,KarenWthr,1
JayAWood,WTHRcom,2
JayDay06842644,marklevinshow,2
JayDuncanCuh,CoryxKenshin,1
JayHarr78761191,ReallyAmerican1,1
JayJayallday31,chefgarner1,2
JayJurden,Acyn,1
JayLilRoseColl1,Doritos,2
JayLilRoseColl1,Jayecane,2
JayLilRoseColl1,LAYS,2
JayMars89615291,duty2warn,1
JayPops5,247Sports,1
JayPops5,AggieFootball,1
JayPops5,CBSSports,1
JayPops5,Cover3Podcast,1
JayPops5,ESPNCFB,1
JayPops5,Eshawz_World,1
JayPops5,FOXSports,1
JayPops5,YouTube,1
JayPops5,espn,1
JayRay566,NoLieWithBTC,1
JayRay566,Patriot11019117,1
JayRay566,fitzco108,2
JayRockerz,Jerrinna,1
JayRouseDC,docrocktex26,2
JayVinson30,AJ_journalist,1
JayWest718,MetalcoreNerds,2
Jay_McGill94,Jay_McGill94,2
JayeTheDoll,iam_Junore11,2
JaynellenD,NStoolfire,2
Jbareket,justinbaragona,1
Jbetyou,EdwigeRobinson,1
Jbrunonews,dillonjrichards,1
Jbrunonews,univmiami,1
Jean28387727,ProudVeteran619,2
Jean28387727,aleshadalin,1
Jean28387727,jodiafowler,2
Jean28387727,thedailybeast,1
Jeanett12810864,ABC,1
Jeanett12810864,DonaldJTrumpJr,2
Jeanett12810864,HalSparks,2
Jeanett12810864,Sen_JoeManchin,1
Jeanett12810864,joncoopertweets,1
JeanineDakduk,CSNCoyote,1
JeanneHoffa,DBattisto16,1
JeanneHoffa,GOP,1
JeanneHoffa,KrisGoldsmith85,1
JeanneHoffa,jarrell_kendra,2
JediBearBob,FitzandMac4eva,2
JediFett,TonyReali,2
Jeff4Indy,FFDAIndy,1
Jeff4Indy,IMPDnews,2
Jeff4Indy,IndyMNAs,1
Jeff4Indy,Rethink65_70,1
Jeff4Indy,_FletcherPlace,1
Jeff4Indy,kibiorg,1
JeffBlackmon14,Ctseifert,1
JeffBlackmon14,GrahamKroll,1
JeffBlackmon14,MikePoindexte10,1
JeffBlackmon14,OHmar_3,1
JeffBlackmon14,RustCollegeMBB,1
JeffBlackmon14,Simsation42,1
JeffBlackmon14,Vinny_T11,1
JeffBlackmon14,coach_bigframe,1
JeffBlackmon14,cowild5280,1
JeffBlackmon14,jkyrenallen,2
JeffBlackmon14,rmshoops,1
JeffBlevinsPhD,JournalismUC,2
JeffBlevinsPhD,JuddLegum,2
JeffBlevinsPhD,MSNBC,2
JeffBlevinsPhD,RollingStone,2
JeffBlevinsPhD,RonFilipkowski,1
JeffBlevinsPhD,UC_ArtSci,1
JeffBlevinsPhD,maxasteele,1
JeffBlevinsPhD,swin24,2
JeffBlevinsPhD,uofcincy,1
JeffChapmanKS,BeschlossDC,1
JeffChapmanKS,Dcwash1,2
JeffDougherty6,LqLana,2
JeffDougherty6,joncoopertweets,4
JeffDougherty6,santiagomayer_,2
JeffMartinMedia,ABC,1
JeffQuibell,DeniseBalistre1,2
JeffQuibell,KristiNoem,1
JeffRoberts__,Russty_Shell,1
JeffRoberts__,plantbboi,2
JeffRose8,GivePoetry1,2
JeffRose8,JosephONeillx,1
JeffRose8,donwinslow,2
JeffSpencerWX,ABC,1
JeffSpencerWX,AMOREJO,2
Jeff__Bernstein,CAAFootball,1
Jeff__Bernstein,ChrisCanty99,2
Jeff__Bernstein,FBallGameplan,1
Jeff__Bernstein,MarinersPR,1
Jeff__Bernstein,RhodyFootball,1
Jeff__Bernstein,SeawolvesUnited,2
Jeff__Bernstein,StonyBrookBASE,1
Jeff__Bernstein,StonyBrookFB,1
Jeff__Bernstein,YESNetwork,1
Jeff__Bernstein,kiko_kreyes04,2
Jeffrey13011915,CoE_Russia,1
Jeffrey13011915,EmbassyofRussia,1
Jeffrey13011915,RusEmbAU,1
Jeffrey13011915,RusEmbUSA,1
Jeffrey13011915,RussiaUN,2
Jeffrey13011915,RussianEmbassyC,1
Jeffrey13011915,TheDNIPurge,1
Jeffrey13011915,UN_News_Centre,1
Jeffrey13011915,armscontrol_rus,1
Jeffrey13011915,mfa_russia,1
Jeffrey13011915,natomission_ru,1
Jeffrey13011915,rusembnz,1
JeffreyButts,AmesCG,1
JeffreyButts,DrAlexPiquero,1
JeffreyButts,udiofer1999,1
JeffreygoodAces,VotersTomorrow,1
JeffreygoodAces,kjmpalermo,1
JeffreygoodAces,thetubguy64,2
Jeffreyjds1,LindaGMedium,2
JeffriesKing,sgellison,1
Jeffzco44,RossTuckerNFL,2
JenBassAllen,3NolesFan3,2
JenDelgadoFOX,FindBrunoMom,1
JenRisi,BlueNileDiamond,1
JenRisi,Forbes,1
JenRisi,Intrepid_Travel,1
JenRisi,PamDanziger,1
JenRisi,SignetJewelers,1
JenRisi,business,1
JenRisi,mattberna4,1
JenStojanovich,GovHolcomb,1
Jen_Ken,mlhalsey,2
Jen_Royle,tdogjuwan,2
JennLeeTV,FOX29philly,1
JennLeeTV,fox13seattle,1
JennSchanzWXYZ,mrjsahakian,1
JennaBrewSNN,WFLA,1
JennaCisnerosTV,Local12,1
JennafireWitch,PaulStanleyLive,2
JenniAgitator,4TiffanyJustice,2
JenniAgitator,AsraNomani,2
JenniAgitator,CEJacksonLaw,2
JenniAgitator,DrPhil,2
JenniAgitator,EliErlick,2
JenniAgitator,ElliotEBK,2
JenniAgitator,HarryJ4Justice,2
JenniAgitator,IWF,2
JenniAgitator,IWN,2
JenniAgitator,IWV,2
JenniAgitator,JGunlock,2
JenniAgitator,RileyGaines,2
JenniAgitator,TS70878673,2
JenniAgitator,TinaDescovich,2
JenniAgitator,TruthPasture,1
JenniAgitator,WomensLibFront,2
JenniAgitator,carrielukas,2
JenniAgitator,carriesheffield,2
JenniAgitator,nogenderpredtrs,2
JenniAgitator,v_theclash,4
JenniferBassi,SaltLakeHealth,2
JenniferHollyC3,JenniferHollyC3,1
JenniferSLevine,UberFacts,2
JennoneB,HillaryClinton,1
JennyDaltonHill,ESPN_Schick,1
JennyDaltonHill,KrisBudden,1
JennyDaltonHill,MicheleSmith32,1
JennyDaltonHill,ascarborough,2
JennyDaltonHill,sportney_lyle,1
Jensensayyys,notdanya,2
JerRScott,dougulman,2
Jeremia3515,justpeeacchi,2
JeremyLayt0n,jeffphowe,1
JeremyLevine92,Acyn,1
JeremyLevine92,SusanVermazen,2
JeremyLevine92,kilmeade,1
JeremyWGAL,WGAL,1
Jeri87821768,AliSwenson,1
Jeri87821768,FoxNews,1
Jeri87821768,ScottAdamsSays,1
Jeri87821768,bittroldcatlady,2
Jeri87821768,jtfdenver,2
Jeri87821768,labunna,1
Jeriat817,GregAbbott_TX,1
Jeriat817,HazyGreenThumb,1
Jeriat817,K4L4M4_,1
Jeriat817,reynoldscou02,2
JerriNewsome,JakePillen,1
JerriNewsome,MyAngelsFollow,2
JerriNewsome,POTUS,1
JerryCutrer3,PhillyF01934538,1
JerryCutrer3,Rainstorm84,2
JerryCutrer3,newsmax,1
JerryCutrer3,rocky0203,1
JerryF72,HollywoodLowman,2
JerryLambert70,TimotheosOK,2
JerryMillerNow,Harding4VA,3
JerryMillerNow,RoryStolzenberg,3
JerrySB,FoxNews,2
JerseyShorZ,FoEmpires,1
JesseHe54443920,JacqueVaxx,4
JessicaVaugn,SirajAHashmi,2
JessicaVaugn,cryptoman00690,2
JessicaYellin,Clubhouse,1
JessicaYellin,SexWithEmily,1
Jessica_L_Hunt,JazmineCallmeh,1
Jessica_L_Hunt,andersoncooper,1
Jessica_L_Hunt,cnnbrk,1
Jessica_L_Hunt,ucschoolsga,1
Jesuscr66062153,LuisCarrilhoPC,1
Jesuscr66062153,SpainUN,1
Jesuscr66062153,UN,1
Jesuscr66062153,UNPOL,2
Jesuscr66062153,UNPeacekeeping,1
Jesuscr66062153,UN_News_Centre,1
Jesuscr66062153,UN_OROLSI,1
JetBellyMusic,RexChapman,2
JetmirMark,CyHusain,1
JetmirMark,DHSgov,1
JetmirMark,TechCrunch,1
JetmirMark,googlenews,1
JettyPeter,SRuhle,1
Jew_N12,WNDU,1
JewelSwan_,YouTube,1
JewishVoice,ArkiaAirlines,1
JewishVoice,CivilRights,1
JewishVoice,ELALUSA,1
JewishVoice,FBI,2
JewishVoice,Israel,2
JewishVoice,JewishVoice,2
JewishVoice,OmanAirports,1
JewishVoice,ShinBetIntl,1
JewishVoice,ThailandUN,1
JewishVoice,israelinMumbai,1
JewishVoice,kann_news,2
JewishVoice,saudiarabia,1
JigglyCaliente4,key_boreeedddd,1
JihanSaino,EtomisGhost,2
JihanSaino,w_terrence,1
JillCallison,System_is_broke,2
Jillybe39193446,KellyClarksonTV,1
Jillybe39193446,hulu,2
JimClarkeAP,CorinneChin,1
JimFisher5105,RepThomasMassie,1
JimFisher5105,SHIELDIllinois,1
JimFisher5105,VVSD365U,1
JimHopkins716,AZ_Brittney,2
JimKelleherRE,BarbraStreisand,2
JimLind13,jonsteingard,2
JimPolera,JulianCastro,1
JimPolwort,Cdean0508,2
JimPolwort,joncoopertweets,1
JimPolwort,mik5178,1
JimQualls,baptist_news,3
JimQualls,markwingdallas,6
JimRopp,ShytoshiKusama,2
JimSatala,ABC,1
JimSatala,TheLegalMindset,1
JimSchn78659872,Krisbouncesback,2
JimShultman,Amanda_Balionis,2
JimShultman,NFLonCBS,1
JimShultman,steelers,1
Jim_Brunner,Jim_Brunner,1
Jim_Myers_1975,BretBaier,1
Jim_Myers_1975,brecko,2
Jim_Myers_1975,shaneharris,1
Jim_SullivanIN,AttyAbdul,1
Jimmie2Timeseth,NOLAnews,1
JimmieDoss,YouTube,1
Jimmiecochran,RepSwalwell,1
JimmyHo90593399,WDWNT,2
JimmyMidyette,TheActionNet,1
JimmyMidyette,mmfa,1
JingleNutNFT,DeezNutzNFT,1
JingleNutNFT,JrzNft,1
JingleNutNFT,Laydeeznft,1
JingleNutNFT,YouTube,1
JmDV808,JmDV808,1
JmDV808,Synod_va,1
JmDV808,VaticanNews,1
JmWalewander,CraigDMauger,1
JmWalewander,WWJ950,1
JmWalewander,wdet,1
Jmarie70180524,politvidchannel,1
JoDeeAdelung,MelissaRooker,2
JoDeeAdelung,TheRealHoarse,1
JoDeeAdelung,mattgaetz,2
JoDeeAdelung,po_murray,1
JoJoGottaGoJoe,Amira_Noc,1
JoJoGottaGoJoe,DanRather,4
JoJoGottaGoJoe,DemocraticWins,1
JoJoGottaGoJoe,GothGirlTrading,1
JoJoGottaGoJoe,JFecitt,1
JoJoGottaGoJoe,MuellerSheWrote,1
JoJoGottaGoJoe,briantylercohen,1
JoJoGottaGoJoe,c_j_henderson,1
JoJoGottaGoJoe,closthree11,2
JoJoGottaGoJoe,i_mimyself,2
JoJoGottaGoJoe,jeremy_oliphant,2
JoJoGottaGoJoe,theanthonydavis,1
Jo_Riner,EileenM60933733,2
Jo_Riner,HunterJCullen,1
Jo_Riner,NotHoodlum,2
Jo_Wu_Author,kron4news,1
Jo_Wu_Author,liveinthebaytv,1
JoanHol08526478,BeachCity55,1
JoanHol08526478,briantylercohen,1
JoanOPPENHEIME1,MartikaBrownie,2
JoanOPPENHEIME1,RepSwalwell,1
JoanPennnative,CBSNews,1
JoanPennnative,NoOneUnscripted,1
JoanPennnative,RonFilipkowski,2
JoanPennnative,costareports,1
JoanPennnative,palazzo214,2
JoannBautista18,TwitterSafety,1
Jochum3Jochum,Jim_Jordan,2
Joe09623927,FoxNews,2
Joe77729174,EuropeanUnion12,1
Joe77729174,POTUS,1
Joe77729174,UNHumanRights,1
Joe77729174,UnitedNationss_,1
Joe77729174,benandjerrys,1
Joe77729174,nytimes,1
JoeGrabianowski,JPPierson,1
JoeGrabianowski,StaffordSpeedwy,2
JoeGrabianowski,WTNH,1
JoeHealey42,ASU_Baseball,1
JoeHealey42,thevandalorian,1
JoeJHoyt,SportsDayDFW,1
JoeLaszlo,Greek_Deme,2
JoeMiv61,theblaze,2
JoeRiollano,PLegalization,1
JoeRiollano,beezerism,1
JoeRiollano,louipetuee,2
JoeRiollano,marklevinshow,1
JoeSangirardi,derivativeburke,2
JoeScutella,FoxNews,2
Joe_Billy_Wart,TulsiGabbard,2
Joe_Marcincuk,Slate,1
JoeinWashDC,FoxNews,14
JoeinWashDC,JesseBWatters,1
JoeinWashDC,MayoIsSpicyy,1
JoeinWashDC,RawStory,2
JoeinWashDC,TheChangfucius,2
JoeinWashDC,deadlyeffect,2
JoeinWashDC,greggutfeld,1
JoeinWashDC,marclif48,2
JoeinWashDC,smc429,2
JoeinWashDC,westdotte,2
Joek72,quoththetweet,2
JoekillianPW,NCPolicyWatch,1
JoelNickerson7,GabrielleMediak,2
JoelNickerson7,JordynJenna,1
Joelitowh,BostonStrong_34,1
JoesBrat67,DashDobrofsky,1
JoetheHammer,RealBradAdam,1
JoeyB_617,JoeyB_617,1
JoeyDaKRacing,Equibase,2
JoeyDeBerardino,JeffPassan,1
JoeyDefy,defyNW,1
JoeyShacklef0rd,four4thefire,2
Joey_b815,MeidasTouch,2
Joey_b815,PillowFightCo,2
JoeyisaGeek,DiscussingFilm,1
Joeykrunk2010,LakeShowSeason,1
Joeykrunk2010,LegionHoops,2
Joeykrunk2010,Shom_Megatron,2
Joeykrunk2010,TheFrankIsola,1
Joeynach,FoxNews,2
John1986ire,Goonyella_,2
John1986ire,KittyTrice,1
JohnAda32739360,jilevin,1
JohnAda32739360,mrsorokaa,1
JohnAdams24,WLKYJennifer,1
JohnAntGA,_BarringtonII,1
JohnAntGA,rufusthefunky1,2
JohnAre76718910,padenpur,1
JohnAre76718910,realTuckFrumper,2
JohnBarchard,Jeff_McLane,1
JohnCae91113203,Route_60plus,2
JohnCae91113203,TimTheEnchantar,2
JohnCarney,SeanAggie,2
JohnCarney,tryjen,1
JohnCle09161037,JoJoFromJerz,2
JohnCof82518816,Stollings,1
JohnCravenSmarr,wis10,1
JohnCur82027926,CorkySwift2,1
JohnDMcGuigan,GOP,1
JohnDMcGuigan,POTUS,1
JohnDMcGuigan,paulkrugman,1
JohnDeMarsico,JohnDeMarsico,1
JohnDeMarsico,QTarantino_news,1
JohnDeMarsico,TarantinoFC,1
JohnDoyle603,FoxNews,1
JohnEHult,phyllisa99998,2
JohnEbe66992348,Acyn,2
JohnForTexas,FrankHadzalic,2
JohnGDooley,ABC,1
JohnHaverlin,NASFACTS,2
JohnHaverlin,jen_rice_,1
JohnHenryWUSA,JohnHenryWUSA,1
JohnJLittle4,TechWire_News,1
JohnJLittle4,sekurprivate,2
JohnKyono,Acyn,2
JohnMeara,DrTedros,1
JohnMeara,GawandeUSAID,1
JohnMeara,HarvardPGSSC,1
JohnMeara,PowerUSAID,1
JohnMeara,SADC_News,1
JohnMeara,ShenaazEl,1
JohnMeara,emakasa,3
JohnPSL,YaGorlAntagone,2
JohnPot259,BarackObama,1
JohnPot259,DanRather,1
JohnPot259,DineshDSouza,1
JohnPot259,FLYNN6411,2
JohnPot259,FoxNews,1
JohnPot259,HillaryClinton,1
JohnPot259,JamesRosenTV,1
JohnPot259,doj,1
JohnPot259,freedom_martini,1
JohnRDallasJr,D214Kelly,2
JohnRDallasJr,EnclaveAcademy,1
JohnRDallasJr,JohnRDallasJr,1
JohnRDallasJr,d214CareerDisc,1
JohnRDallasJr,enclave_center,1
JohnRDallasJr,nytimes,1
JohnRHornbuckle,TheAtlantic,2
JohnRHornbuckle,kait_tiffany,1
JohnReidIV,BNONews,1
JohnRohrbach7,MarshaBlackburn,2
JohnRus36538253,MarshaBlackburn,1
JohnRus36538253,ScottAdamsSays,1
JohnTop79466560,OccupyDemocrats,1
JohnTop79466560,WallStreetQuee2,2
JohnVetsResist1,Needle_of_Arya,1
JohnVetsResist1,lookmomimhere,2
JohnWHill2,StephenKing,2
JohnWWoodward,Nadia_Theodore,2
JohnWesleyShipp,RevJacquiLewis,1
JohnYou63980033,AdeleCo60169319,1
JohnYou63980033,TmthyPatrick,2
John_P_Carvalho,ByJustinLee,2
John_P_Carvalho,ThePlumLineGS,1
Johnatron4000,Johnatron4000,1
JohnnyA1956,JacquiHeinrich,2
JohnnyNBC10,NBCPhiladelphia,1
JohnnyNonGamer1,EmoPhilips,1
Johnny_Kassh,awonderland,1
Johnny_Kassh,bigteesmallgirl,1
Johnnyhodlz,APompliano,1
Johnnymanee_,Modest_Alanito,1
Johnnymanee_,huge80s,2
Johnnymanee_,maiyannayse,1
JohnnysCinco,KyleClark,1
JohnnysCinco,jeremyjojola,2
Johnson4Dallas,DFWAirport,1
Johnson4Dallas,DallasMayor,1
Johnson4Dallas,dallasworkstx,1
Johnson_DavidS,Johnson_DavidS,1
Johnson_DavidS,RNCResearch,1
Johnson_DavidS,classicallibty,1
Johnson_DavidS,nflnetwork,1
Johnyalamo,CityOfDallas,1
Johnyalamo,RealestBobbyJ,2
Jokerstars_CEO,HamiltonAnais,2
Jokerstars_CEO,KariLake,1
Jokerstars_CEO,PWTorch,1
Jokerstars_CEO,pruett_collin,1
JonDowding,TomWAVYTV,2
JonDowding,WAVY10Bob,2
JonDowding,WAVY_News,5
JonDowding,_WeatherStove,2
JonDowding,laurynmossWAVY,3
JonE_Boltpride,PFUFA_org,1
JonHill74180947,AriFleischer,1
JonShlick,BCTheTruthl,1
JonShlick,BellatorMMA,1
JonathanOsman,WBTV_News,2
JonnyFairplay,eBay,1
Jonnyg7n7,Wtfagain5,2
Jop704,Keeppoundingtv,1
Jop704,WBTV_News,2
JorajuriaJose,davidwebbshow,2
JordanCrammer,Les_Johns,1
JordanEpicGamer,News_Squid,2
JordanEpicGamer,ratgwen,1
JordanHMichael,JayElHarris,1
JordanLucas,oneunderscore__,1
JordanR41161882,Ta_Meka_Teacher,1
Jordan_T729,MarkSkog,1
Jordan_T729,followthatband,2
Jordan_T729,sharktweets12,2
JordynElston,LevinsReports,1
JorgeJortiz9971,StormMarketing4,1
Jorgefles,ABC,1
Jorgefles,CBSNews,1
Jorgefles,MSNBC,1
Jorgefles,NBCNews,1
JorgensonDuane,JoJoFromJerz,1
JorgensonDuane,kimevans1226,2
Jorgeolmos2121,LascanasdeRicky,2
Jorgeolmos2121,lauritafigueroa,1
JoseTCastaneda3,briannajegan,2
JoseTCastaneda3,quirk_silva,1
JoseTableESPN,Yankees,1
JosefinaPerez_E,mario_campa,2
JosephHabibi_MD,JosephHabibi_MD,1
JosephHerffNFL,IllinoisMatmen,1
JosephJ42344400,AaronParnas,2
JosephJ42344400,Phyllis94584953,2
JosephJ42344400,Sean_Lemmings,2
JosephJ42344400,garylj46,2
JosephJ42344400,robreiner,1
JosephMIV466,AZ_Brittney,2
JosephStanley82,AdamParkhomenko,1
JosephStanley82,BreannaMorello,2
JosephStanley82,CitizenActionWI,2
JosephStanley82,HenesyMichelle,2
JosephStanley82,JackPosobiec,1
JosephStanley82,Pismom,2
JosephStanley82,RachelRMarshall,2
JosephStanley82,RockyMountViews,2
JosephStanley82,RunninWitaSpoon,1
JosephStanley82,TheUSASingers,1
JosephStanley82,TonyHussein4,2
JosephStanley82,Zeusfyd,2
JosephStanley82,flexghost1,1
JosephStanley82,johncardillo,1
JosephStanley82,nickstreiff,1
JosephStanley82,remove_cruz,1
JosephStanley82,usatodaysports,1
JosephV64384697,RNCResearch,1
JoshEIngersoll,TheSpaceGal,2
JoshEIngersoll,amazon,1
JoshGrahamRadio,Les_Johns,1
JoshHandler,MattCarp13,1
JoshHandler,Yankees,1
JoshJArchitect,JonLemire,1
JoshJArchitect,samstein,2
JoshLamberty,JoshLamberty,2
JoshWal03767364,DougJBalloon,2
JoshWal03767364,brithume,2
Joshua311990,GCTC_News,1
Joshua311990,KCTCS,1
JoshuaBBlack,AUloveitshowit,1
JoshuaBBlack,JoshuaBBlack,1
JoshuaGayman1,_Chevette_,2
JoshuaX1993,4lisaguerrero,2
JoshuaX1993,ABC,1
JoshuaX1993,ABC7NY,2
JoshuaX1993,ABCWorldNews,1
JoshuaX1993,AMGreenCBS,7
JoshuaX1993,CBS,11
JoshuaX1993,CBSMMiller,1
JoshuaX1993,CBSNLive,3
JoshuaX1993,CBSNewYork,9
JoshuaX1993,CBSNews,19
JoshuaX1993,CBS_Herridge,1
JoshuaX1993,ChrisWragge,1
JoshuaX1993,DBrennanTV,1
JoshuaX1993,DebraAlfarone,2
JoshuaX1993,Elaine_Quijano,1
JoshuaX1993,EnergzdEconomy,1
JoshuaX1993,EwallWice,1
JoshuaX1993,FOXSports,1
JoshuaX1993,FOXTV,2
JoshuaX1993,FoxNews,1
JoshuaX1993,GeoffRBennett,1
JoshuaX1993,GlobalSportMtrs,1
JoshuaX1993,JessicaMooreTV,9
JoshuaX1993,JoshuaX1993,3
JoshuaX1993,LanaZak,4
JoshuaX1993,LevinsonJessica,1
JoshuaX1993,LisaDNews,1
JoshuaX1993,LisaRoznerTV,1
JoshuaX1993,LonnieQuinnTV,1
JoshuaX1993,MLBONFOX,1
JoshuaX1993,MaryCalviTV,1
JoshuaX1993,NFLonFOX,1
JoshuaX1993,NHL,1
JoshuaX1993,NYRangers,1
JoshuaX1993,NatDuddridgeTV,3
JoshuaX1993,NewsHour,1
JoshuaX1993,NicoleSganga,1
JoshuaX1993,NikkiBattiste,2
JoshuaX1993,NikolenDC,1
JoshuaX1993,OvermyerTV,2
JoshuaX1993,PBS,1
JoshuaX1993,RedSox,1
JoshuaX1993,ShannonBream,1
JoshuaX1993,StuBennett,1
JoshuaX1993,TSN_Sports,1
JoshuaX1993,TanyaRivero,5
JoshuaX1993,USA_Network,1
JoshuaX1993,VMurdockTV,3
JoshuaX1993,WLNYTV,1
JoshuaX1993,WWE,1
JoshuaX1993,WWEHomeVideoUK,1
JoshuaX1993,WWENXT,1
JoshuaX1993,Yankees,1
JoshuaX1993,costareports,1
JoshuaX1993,jeffpeguescbs,1
JoshuaX1993,johnnydollar01,1
JoshuaX1993,kjohnsononair,1
JoshuaX1993,lilialuciano,3
JoshuaX1993,margbrennan,1
JoshuaX1993,mauriceduboistv,1
JoshuaX1993,nyjets,1
JoshuaX1993,paramountplus,1
JoshuaX1993,rroiphe,1
JoshuaX1993,serenawilliams,1
JoshuaX1993,tonydokoupil,1
JoshuaX1993,usopen,1
JoshuaX1993,vladduthiersCBS,6
JoshuaX1993,wetatvfm,1
Josselinsweet,rachelcohrs,1
Jotato37,PodSaveAmerica,1
Journal_ESprott,Gannett,1
Joy23887065,BackAvatar,2
Joy23887065,Ta_Lon,2
JoyYou2201,thedailybeast,1
Jpm37John,AZ_Brittney,1
JrSoulPtrl,WDBONews,2
JrSoulPtrl,iHeartRadio,2
JrSoulPtrl,talkradiojoe,2
JrUnreal,PianoGeek420,4
Jrsportsfan13,DiscussingFilm,1
JsxsProductions,Ford,1
Juan86727929,VICENews,2
Juan86727929,kcranews,2
JuanERamrez3,FanDuelstl,1
JuanMoreNews,CaseyDeSantis,1
Jubbasdad,Kris_Sacrebleu,3
Jubbasdad,robwoodyard1,2
JudithS12100857,jodiafowler,2
JudyPay86299996,RepThomasMassie,2
JuiceSimps0n,A_dogg86,2
JuiceSimps0n,Bigdogg2251,1
JuiceSimps0n,KingKin1,1
JuiceSimps0n,TheRealFuggs,1
JuiceSimps0n,Ty_Yo24,1
JuiceSimps0n,leeeahhhhh,1
JuiceSimps0n,trojandude,1
JuliBunting,HouseDemocrats,1
JuliBunting,SenateDems,1
JuliaNPAdvocate,AANP_NEWS,2
JuliaNPAdvocate,PresidentAANP,1
JuliaNPAdvocate,rhondafinnie,1
JuliaSarju,AbleismAcademia,1
JuliaSarju,ChangeDisabled,1
JuliaSarju,ChemistryatYork,1
JuliaSarju,DessentLab,2
JuliaSarju,DisabledStem,1
JuliaSarju,IOPDiversity,1
JuliaSarju,RoySocChem,2
JuliaSarju,UKRI_News,1
JuliaSarju,chron_ac,1
JuliaSarju,edisgroup,1
JuliaSarju,kelechi_uleanya,1
JuliaSarju,nadsn_uk,2
JuliaSarju,royalsociety,1
JuliaSarju,tigerinstemm,1
JuliaSarju,wellcometrust,1
JulianGuilarte1,mlbtraderumors,1
JulianStainback,BillBellis,1
JulianStainback,News3LV,1
JulieEiselt,Kissamtwits,2
JulieFa72856873,fawfulfan,1
JulieLKenward,Popehat,2
JulieLKenward,RpsAgainstTrump,2
JulieLKenward,Stonekettle,2
JulieParkerComm,FaithandBlue,1
JulieParkerComm,SecMayorkas,1
JulieParkerComm,TheIACP,1
JulieParkerComm,revmarkel,1
JulieParkerComm,stevecasstevens,1
JulieVRamirez,SunnyDaysVacays,1
Julie_Brassell,goodyk,2
JungleRat7,DerGermanTiger,1
JungleRat7,Kmalbanese,1
JungleRat7,bb44481118,1
JungleRat7,jstantonlover69,2
JungleRat7,xKets,1
JustAskLizz,DanielEmil14,2
JustAskLizz,MoneyMeMy,1
JustAskLizz,TruthGundlach,1
JustAskLizz,mtmjr77,2
JustAskLizz,spank419,1
JustAskLizz,thebias_news,1
JustEducationMN,DMichaelFavre,1
JustEducationMN,JudyBurton1985,2
JustEducationMN,nicholasddyer,1
JustHereforMov1,STSPhonoCo,1
JustHereforMov1,TheMutantFam,1
JustHereforMov1,badtechno,1
JustHereforMov1,kinky_horror,1
JustHereforMov1,therealjoebob,1
JustJaySuggs,curlyfro,1
JustSomeAvgGuy,TheDemocrats,1
JustTomEdwards,AliceOllstein,2
JustTomEdwards,meganmesserly,1
JustTtlyCherry,Joe7elmy,2
JustTtlyCherry,wrestlelamia,1
JusticeA4,NWIOren,1
JustinAmaker,WLKYJulie,1
JustinBGalloway,JMMusto777,1
JustinBGalloway,LindsayAWatts,1
JustinBGalloway,Trollken,2
JustinBGalloway,_dalton____,1
JustinBGalloway,fox5dc,1
JustinLawGuy,ConLawWarrior,2
JustinLawGuy,HowardSlugh,1
JustinLawGuy,J_Dot_J,2
JustinSoforo,AleandroBz,2
JustinTDrew43,MarkHertling,1
Justin_McGill,ComicBook,1
Justin_satoshi,APompliano,1
Justin_satoshi,SatNumber,3
Justis_4_Samson,1humaneRace,1
Justis_4_Samson,DharmaForSale,1
Justis_4_Samson,EndBlasphemylws,1
Justis_4_Samson,FIMCAPEurope,1
Justis_4_Samson,FOREF_EU,1
Justis_4_Samson,GeisysG,1
Justis_4_Samson,HeineKapp,1
Justis_4_Samson,IRF_Ambassador,1
Justis_4_Samson,Justice_Upheld,1
Justis_4_Samson,PatelMayawati,1
Justis_4_Samson,PeterBa82304711,1
Justis_4_Samson,SeanGerCanning,1
Justis_4_Samson,SwissAmbPak,1
Justis_4_Samson,SwissMFAasia,1
Justis_4_Samson,USCIRF,1
Justis_4_Samson,WEAAmbRF,1
Justis_4_Samson,baghwallah,1
Justis_4_Samson,europarl,1
Justis_4_Samson,europeantimes_,1
Justis_4_Samson,gaoringo,1
Justis_4_Samson,ukUPF,1
Justis_4_Samson,white_arrow_uk,1
JusttheZooofUs,CotsWildTweets,1
KAT12ZAC8,KTLA,1
KAT12ZAC8,SeanTheDestroyr,2
KBTXRusty,KBTXKarla,1
KBTXRusty,TyHoskins_,1
KBTXRusty,garthbrooks,1
KBefus,NewsNeenah,1
KBourghs,TheSilverSteele,2
KCPKuli,Spacestation,1
KCRoyalFan,oneunderscore__,1
KCamine33,Padres,1
KCamine33,TalkinBaseball7,1
KEC9,AlieyahLei,2
KEC9,WorbsE17,2
KEC9,thebradfordfile,1
KFAN1003,BMileskiKFAN,1
KFAN1003,CommonManKFAN,1
KFAN1003,KFANRosen,1
KFAN1003,Vikings,1
KFLeppek,TimbersFC,1
KFLeppek,shebainpdx,1
KFLeppek,timbersarmy,1
KFRPD,MoDOT_KC,1
KFerrari31,kilmeade,1
KFerrari31,seanhannity,2
KFinProductions,1055wnsp,1
KFinProductions,Schultzycast,1
KFinProductions,mattmccoy921,1
KGoBlue10,Acyn,1
KHQAvaWainhouse,KHQLocalNews,1
KINNKASHING,MarlaTellez,1
KLM4064,CNN,1
KMChanko1,DeeHoward17,1
KMChanko1,JasonWilson32,1
KMChanko1,JimPhillippi1,2
KMalatesta_OCPS,CDLocps,1
KMalatesta_OCPS,otownteacher,2
KMartingayle,BarPresidents,1
KMartingayle,KMartingayle,1
KMartingayle,NABE_News,1
KNOLLSIE,FukeEunas,2
KNOLLSIE,NEWS_MAKER,1
KNOLLSIE,Sud0Mike,1
KNOLLSIE,chriskamlet,1
KNOLLSIE,denslynne,1
KNOLLSIE,pantar1,1
KPossible7,ChuckCallesto,1
KPossible7,funnyinvegas,2
KTSashaMGH,glamelegance,2
KThomasEllis,LindseyGrahamSC,3
KThomasEllis,RightSideOfThi1,4
KThomasEllis,StefTurtlemtn,2
KThomasEllis,wendy_resists,2
KThomasEllis,wlshlnr,2
KTuten,RepMTG,2
KWindness,SpiritLedWriter,1
K_Hua,BrendanKeefe,2
Kacolo18,FBI,1
Kacolo18,FBITampa,1
Kacolo18,YouTube,1
Kagwestcott,ABC,1
Kagwestcott,CBSNews,1
Kagwestcott,CNN,1
Kagwestcott,FoxNews,1
Kagwestcott,MSNBC,1
Kagwestcott,nbc,1
Kais3rd,kdnerak33,1
Kais3rd,punishtraitors,2
KalDhatt,NachevSiana,2
Kambrell,postandcourier,1
KappaSquid,AaronParnas,1
KarenCr32289150,GOP,1
KarenCr32289150,LeaderMcConnell,1
KarenCr32289150,MysterySolvent,2
KarenCr32289150,RandyRRQuaid,2
KarenFDuncan1,SpeakerPelosi,1
KarenKuzsel,joncoopertweets,2
KarenSa45622537,ACTBrigitte,1
KarenSa45622537,GovMikeHuckabee,1
KarenSa45622537,willchamberlain,1
KarenSantaFe,DrOz,2
KarenSantaFe,JillEHughes,2
KarenSantaFe,SkyNewsAust,3
KarenSantaFe,bungarsargon,2
KarenSantaFe,drebelo5,1
KarenSantaFe,naylor1up,2
KarenSantaFe,tomiahonen,2
KarenTalaski,mhdksafa,2
KarlaFisk,CalltoActivism,1
KarlaFisk,Jill_Jorgensen,1
KarlaLInestroz1,CarlosAlfonsoMD,1
KarlaLInestroz1,russcolombomd,1
KarlaLInestroz1,umiamimedicine,1
KarnasScott,Ford1950Ford,2
KarnasScott,NEWS_MAKER,1
KarnasScott,denslynne,1
KarynKnutson,MeghanMcCain,2
KatcLisa,TristanSnell,2
KateFangman,repmorgan,2
KathCantwell,BethMooreLPM,2
KatharineDell,JeffPassan,1
Kathlee14158387,metheridge,4
Kathlee54272830,frisky9,2
KathleenCross1,ReallyAmerican1,2
KathleenCross1,mmpadellan,1
KathleenEskrid3,RepMTG,2
KathleenEspita1,JoJoFromJerz,2
KathleenEspita1,MayoIsSpicyy,2
KathleenFromCLE,GrillosPickles,1
KathleenFromCLE,jmurffff,1
KathleenLeeLie1,RpsAgainstTrump,1
KathleenTittle,MayoIsSpicyy,2
Kathologist,Alan_Beard1,1
Kathologist,AranenZen,1
Kathologist,Biebert,1
Kathologist,CANADA566,1
Kathologist,ChaunceyGardner,1
Kathologist,DanielleTHR,1
Kathologist,DavidPForsyth,1
Kathologist,EdwardHubert4,1
Kathologist,FBaeyens,1
Kathologist,FarsalinosK,1
Kathologist,GoBeepUK,1
Kathologist,GrimmGreen,1
Kathologist,HansPeterAlbre1,1
Kathologist,Hello_Alex,1
Kathologist,Imaginary_Echo,1
Kathologist,LabworksVapes,1
Kathologist,Logan_Exhales,1
Kathologist,MalloryGates14,1
Kathologist,MarewaGlover,1
Kathologist,NannyFreeState,1
Kathologist,Noll_Marsh,1
Kathologist,PositiveEnerG,1
Kathologist,PruenRichard,1
Kathologist,Rawgster,1
Kathologist,SLW_F1,1
Kathologist,ScottEley1,1
Kathologist,SeismicPirate,1
Kathologist,StefanDidak,1
Kathologist,VapinGreek,1
Kathologist,ZachEvans79,1
Kathologist,alli_vapes,1
Kathologist,atrupar,1
Kathologist,benoit_durand,1
Kathologist,bk13051,1
Kathologist,cigarbabe2,2
Kathologist,drjoesDIYhealth,1
Kathologist,four4thefire,1
Kathologist,fumerolles_ch,1
Kathologist,gbentley1,1
Kathologist,gopaulblair,1
Kathologist,grayjaynine,1
Kathologist,imaracingmom,1
Kathologist,jgitchell,1
Kathologist,jourdan4real,1
Kathologist,lmstroud89,1
Kathologist,nynz67,1
Kathologist,panthernoster,1
Kathologist,pbusardo,1
Kathy28066,Jim_Jordan,2
Kathy28066,PattonWasBased,2
Kathy28066,newstem61,4
KathyCO05859483,AaronParnas,1
KathyCO05859483,MattPutorti,2
KathyCO05859483,duty2warn,2
KathyGrosskurth,BalogTambCPAs,2
KathyGrosskurth,THR,1
KathyGrosskurth,olivianj,1
KatiSullivan1,FINALLEVEL,1
KatieCollettTV,Beverly52636798,2
KatieCollettTV,David_Culver,3
KatieCollettTV,DonRobertsTV,3
KatieCollettTV,J_Wheeler_WAVY,1
KatieCollettTV,LavoyHarrell,3
KatieCollettTV,RumbleFM99,2
KatieCollettTV,WAVY_News,6
KatieCollettTV,david_piland,2
KatieCollettTV,mhatch1079,2
KatieCollettTV,nathan_wavy,1
KatieMox,KatieMox,1
Katie_Spain01,MayorLeeHarris,1
Katie_Spain01,SteveMulroy901,1
Katie_Spain01,tndp,2
KaufmanAbrams,19bucky65,1
KaufmanAbrams,AGodlyShepherd,1
KaufmanAbrams,ChuckCallesto,1
KaufmanAbrams,GaryFos22481,1
KaufmanAbrams,HillaryClinton,1
KaufmanAbrams,JoyAnnReid,1
KaufmanAbrams,RDiggs15,1
KaufmanAbrams,Weneedlasers,1
KaufmanAbrams,funder,1
KaufmanAbrams,rebellynn83,1
KaufmanAbrams,waryas_carol,1
Kausinkonfusion,thedailybeast,1
Kaxan_KXAN,BecomingKaxan,1
Kaxan_KXAN,KXAN_News,2
Kaxan_KXAN,KXAN_Weather,2
KayeSteinsapir,fluxcapacitor74,2
KayeSteinsapir,nbcsandiego,1
KaylaFishTV,FOXProvidence,1
KaylaFishTV,dnorth50,1
KaylaFishTV,wpri12,2
KaylaPekkala,CNBC,1
KaylerSmithTV,CoachStaugh,1
KaylerSmithTV,LOBOES,1
KaylerSmithTV,LoboesFootball,1
KaylinTrychon,WIRED,1
KaylinTrychon,github,1
KaylinTrychon,lilyhnewman,1
KaylinTrychon,projectsigstore,1
KeanuTrades,garyblack00,1
KeeleyFox29,FOX29philly,6
KeeleyFox29,KeeleyFox29,4
KeeleyFox29,PhillyPolice,9
KeeleyFox29,Popeyes,1
KeeleyFox29,SEPTA,3
KeenaMcGee,CManika_KXRB,1
KeenaMcGee,Ecnerwal23,1
KeenaMcGee,sidkid80,1
KeiferMA,ARLnowDOTcom,1
KeiferMA,ArlingtonSpurs,1
KeiferMA,irelands4courts,1
KeishawnAnderso,ChooseTherapy,1
KeishawnAnderso,DSTFWR,1
KeishawnAnderso,EndTheStigma,1
KeishawnAnderso,HazingHurtz,1
KeishawnAnderso,PreventHazing,1
KeishawnAnderso,againstsuicid,1
KeishawnAnderso,dstinc1913,1
KeithDa86499254,FoxNews,1
KeithDa86499254,NBCNews,2
KeithLavoie13,imillhiser,1
KeithLeck,ryanjreilly,1
KeithRosko,AP,1
Keith_Humphrey,POTUS,1
Keith_Humphrey,pastorday13,2
KelVarnsenVanD,AAHealth,1
KelleyKkregle,BSBreastCancer,2
KelleySmithWHNT,whnt,1
KellieDBrown1,cjp_still,1
KellieDBrown1,john_overholt,2
KellyByro,FoxNews,2
KellyByro,GregAbbott_TX,1
KellyByro,HawleyMO,2
KellyByro,ImTheRhino,2
KellyByro,IngrahamAngle,2
KellyByro,JesseBWatters,1
KellyByro,JudicialWatch,2
KellyByro,SenKevinCramer,2
KellyByro,TomFitton,1
KellyByro,bgmoore7,1
KellyByro,duckman1217,2
KellyByro,jesseprimetime,1
KellyByro,oliverdarcy,1
KellyKentCCUSD,BikeCulverCity,1
KellyKentCCUSD,CulverCityGov,1
KellySeidlitz,FoxNews,2
KellySeidlitz,GOPLeader,2
KellySeidlitz,seanhannity,1
KellyStrayer1,antifaoperative,2
KenHartWriter,boymonster,2
KenKraetzer,mi_jim,2
KenKraetzer,nypost,1
KenStachnik,musicboxtheatre,1
Ken_DowneyJr,AnthonyDiComo,1
Ken_DowneyJr,DaveMcNamee3000,2
Ken_DowneyJr,MLB_Barbarian,2
Ken_DowneyJr,SteveGelbs,1
Ken_DowneyJr,TooGooden17,1
KenardLevi,EurostarJustinp,2
Kencenterant2,DanRather,2
KendallCaroline,Jksummers87,1
KendallCaroline,shopeatsleep,2
KennKaufman,JudiciaryGOP,2
KennethLutz17,ACTBrigitte,1
KennethLutz17,FoxNews,1
KennethLutz17,GOP,1
KennethLutz17,NJMusicFun2,2
KennyHerbert2K,7blacklabs,1
KennyHerbert2K,Acyn,1
KennyHerbert2K,Clarja_wewon,1
KennyHerbert2K,ComSenseJunkie,2
KennyHerbert2K,GenericBologna,1
KennyHerbert2K,GqpSlayer,1
KennyHerbert2K,Jessyq1985,1
KennyHerbert2K,JudicialWatch,7
KennyHerbert2K,K4Mst3,1
KennyHerbert2K,KennyHerbert2K,2
KennyHerbert2K,LinkedHD,2
KennyHerbert2K,LisaMarieBoothe,2
KennyHerbert2K,MacFarlaneNews,1
KennyHerbert2K,NickyPappy,1
KennyHerbert2K,TomFitton,7
KennyHerbert2K,VanceRamsey4,2
KennyHerbert2K,YesItsM97576245,2
KennyHerbert2K,ZaleskiLuke,1
KennyHerbert2K,avman53,4
KennyHerbert2K,citygunz95,2
KennyHerbert2K,gail_stancombe,1
KennyHerbert2K,girl_patriotic,2
KennyHerbert2K,johnrich,1
KennyHerbert2K,pookeypies7,2
KennyHerbert2K,showmehorns,3
KennyHerbert2K,smdlmbok,2
KennyHerbert2K,stacyhrae,2
KennyHerbert2K,wpnexp,2
KennyWCarson,Jordanburks123,2
KennyWCarson,OleMissMBB,1
Kenny_Mayne,Mariners,1
Kenny_Mayne,kylegriffin1,1
KentrilBrand,BBCWorld,1
KentrilBrand,Positive_Call,2
KentrilBrand,thehill,1
KeriTombazian,jmdenouden,1
KeriTombazian,stormrobinson,2
KerriganMegank,AccountableGOP,3
KerriganMegank,bards_logic,5
KerriganMegank,jcfrandsen,4
KerryLeary,washingtonpost,1
KerryMcCormack1,CityofCleveland,1
KerryMcCormack1,mrcsh88,2
KerryMcCormack1,tgregger,1
Kesswylie,Kesswylie,1
KevinDistasio,GOP,1
KevinDistasio,newschannelnine,2
KevinDistasio,westonwamp,1
KevinDistasio,zachwamp,1
KevinFrye1,SaraElyse128,2
KevinJAbbott,magickingdom,1
KevinJHurley,KevinJHurley,1
KevinPWalling,ShannonBream,1
KevinPWalling,foxnewsnight,1
KevinP_71,CoachDrinkwitz,1
KevinPenner10,SharylAttkisson,1
KevinPenner10,SherylBecker,2
KevinPetschow,MLB,1
KevinRickard4,jenghizz,2
KevinSliter,Palegut,2
KevinSliter,SeanRossSapp,1
KevinTober94,Reuters,1
Kevin_Kinkead,AntifascistDOOP,2
Kevin_Kinkead,BenStandig,1
Kevin_Kinkead,BobWankelCB,2
Kevin_Kinkead,NFL_DovKleiman,1
Kevkellam,JBHuskers,1
Kevkellam,RyanJoh042016,2
KfwTn,JackEvans711,1
KfwTn,KfwTn,1
KhaosMajik,ABC,1
KhoraanE,hwloiza,1
KhoraanE,undeadmedia_,2
Kiera_Fitz14,BRedfern0716,2
Kiera_Fitz14,MorganWallen,1
KillerBebe,PaperGirlsPV,1
KillerBebe,PrimeVideo,1
KillerBebe,ThomasAEastman,2
Kim4Water,EENewsUpdates,1
Kim4Water,MWRDGC,1
KimATerry,Voix_Of_Reason,2
KimCrivello,LisaWBZ,1
KimCrivello,davidwade,1
KimCrivello,ericfisher,1
KimCrivello,wbz,1
KimCrivello,wbzweather,1
KimDallas180,Sen_JoeManchin,2
KimHaml10,RollingStone,1
KimMcauliffe4,FoxNews,1
KimMcauliffe4,JesseBWatters,1
KimMcauliffe4,mehdirhasan,2
KimMerritt_7,JohnMuirHS,1
Kim_Sue_DeMoss,HaloDeck2,2
Kim_Sue_DeMoss,IndivisibleAub,2
Kim_Sue_DeMoss,MSNBC,1
Kim_Sue_DeMoss,MissKitty6868,1
Kim_Sue_DeMoss,iamgabesanchez,2
KimmichLouise,atrupar,2
KimpsonForSC,POTUS,1
KingAaronVII,AppleNews,1
Kinger_DC,MickMulvaney,1
KinzleyBrown,Gosset41,1
KirkSkip,joncoopertweets,2
KishanForDC,SteadParkDC,1
KitsoMatlhape,KitsoMatlhape,1
KitsoMatlhape,PhenyoOaitse,2
KittyBhagat,DRoseDub,2
KittyBhagat,StevijoPayne,2
KittyBhagat,deefife3,2
KnHouston,JudiciaryGOP,2
KnakeMikayla,ngpreps,1
Knapsack,BBCBreaking,1
Kneeul,seanhannity,2
Knickanators,0oty_Mac,1
Knickanators,AngelBeingAngel,1
Knickanators,ArchangelReuel,1
Knickanators,BadBadLeroyBro7,1
Knickanators,CUFFEE__,1
Knickanators,Christian_J_D_M,1
Knickanators,Chuck1one,1
Knickanators,CokeButterCheez,1
Knickanators,DaBabyKnicks,1
Knickanators,DonaldP47082631,1
Knickanators,EdMemphisPimpin,1
Knickanators,FahimInsurance,1
Knickanators,Freekeith,1
Knickanators,GodSonRel,1
Knickanators,Iam_P45,1
Knickanators,Jaeisreal,1
Knickanators,KeepTomThibs,1
Knickanators,KnicksBig15,1
Knickanators,Knickstape2005,1
Knickanators,LegionOfKnicks,1
Knickanators,Lorul21,1
Knickanators,MikeK634,1
Knickanators,MindNy77,1
Knickanators,MoeKnicksTakes,1
Knickanators,Not47Buddz,1
Knickanators,PastorCoach917,1
Knickanators,RaphaelDiaz,1
Knickanators,Rick__War,1
Knickanators,Runs0nFumes,1
Knickanators,SellDaTeamDolan,2
Knickanators,Statspeg,1
Knickanators,TNMPodcast_,1
Knickanators,Trace_AVP,1
Knickanators,TruePG718,1
Knickanators,Woodshed_1914,1
Knickanators,YankeesKnicks99,1
Knickanators,_knicks1688,1
Knickanators,bmorelikestate,1
Knickanators,cjvangin,1
Knickanators,dj_tonyphoenix,1
Knickanators,eepdllc,1
Knickanators,eski225,1
Knickanators,knicks100aGM,1
Knickanators,leonrose_fan,1
Knickanators,net_steven,1
Knickanators,queens_dude,1
Knickanators,rahmmagick,1
Knickanators,the_process101,1
Knickanators,thelinefor2,1
Knickanators,victorlb03,1
KnopsKnotes,PantherLair,1
KnopsKnotes,Pitt_WRES,1
KnotMarshall,GOP,2
KnuppelRodney,CityOfLasVegas,1
KokiRiley,KokiRiley,1
KokiRiley,LonnPhillips,1
Koko05189023,BygoneRelic,2
Koko05189023,LindaHaleRCSD,1
Koko05189023,MayraFlores2022,1
Koko05189023,RonnyJacksonTX,2
Koko05189023,atrupar,2
Koko05189023,seanhannity,2
Kompressa,Bill55749773,1
Kompressa,DaltonEmahiser,1
Kompressa,anneholt,1
Kompressa,staarfish4421,1
Kompressa,yoruson56789,2
KoryB_Fit27,RexChapman,1
KoryB_Fit27,SamoaJoe,1
KotaSeitz,KotaSeitz,1
Kovachthinkfast,phuromnee,1
KratosPRT,kilmeade,1
KreamerforBoard,SecCardona,1
Kreeeve_,Keeppoundingtv,2
Kreeeve_,WBTV_News,1
Kreeeve_,idjmoore,1
KrisArmstrong1,kyleworrix,1
KrisChesshir,CGasparino,1
KrisChesshir,FBI,1
KrisChesshir,Judgenap,2
KrisChesshir,TheJusticeDept,1
KrisColvin,shannonrwatts,2
Krishan_A_Patel,MattGrossmann,2
KrishnanSrp,DDYadagiri,1
KrishnanSrp,DH_Telugu,1
KrishnanSrp,HiHyderabad,1
KrishnanSrp,News18Telugu,1
KrishnanSrp,NewsmeterTelugu,1
KrishnanSrp,TelanganaCOPs,1
KrishnanSrp,airnews_hyd,1
KrishnanSrp,its_KNK,2
KrishnanSrp,ntdailyonline,1
KrishnanSrp,oneindiatelugu,1
KrishnanSrp,tsrtcmdoffice,1
KrishnanSrp,way2_news,1
Kristaanngarvin,abc13houston,1
Kristen_Booth,joshbilicki,1
Kristenb23,HymesRenee,1
Kristenb23,JonRothstein,1
KristiMichiles,KleverVivian,2
KristiMichiles,sayitnspinit,1
KristyBMac,Jomboy_,1
KrystaPina_ksa,SupJaniceHahn,2
KubiasOswaldo,ClaudiaOrtizSV,1
KubiasOswaldo,emartinez202124,2
Kummernuss,douglaswatters,2
Kummernuss,tomkeene,1
KupferbergArts,QC_News,1
KurtRatliff,Blackmagic_News,1
KurtRatliff,callmerigdaddy,2
Kwgch,Sankei_news,1
KyleAMathews,HoganLovells,1
KyleAMathews,smmarotta,2
KyleBloomMedia,REBARIFFIC,1
KyleBloomMedia,TVDirectors,1
KyleBloomMedia,WAVY_News,1
KyleCar67844207,JC94826468,4
KyleCar67844207,Newsweek,2
KyleCar67844207,TheSkepticME,1
KyleJAndrews_,HomefieldApparl,1
KyleMartinPhD,Twitter,1
KyleMorgan_XOS,InsideTheLeague,1
KyleMorgan_XOS,KyleMorgan_XOS,1
Kyle_Ireton,AltAcChats,1
Kyle_Ireton,IO_Psych_ONE,2
Kyle_Ireton,Melterialsgal,2
Kyle_Ireton,Zeb_Larson,2
Kyle_Ireton,carlylogan26,2
Kyle_Ireton,dr_alphalyrae,2
Kyle_Matteson,GoodPostReilly,2
Kyle_Matteson,itsmattfred,1
KylerKenobi,inbleuwetrust,2
KylerKenobi,nickbot69,1
KyraKnox_,edithdrod,1
KyraKnox_,maria_mealla,1
KyraKnox_,sheistyler,1
L0rdMagnus,VGC_News,2
LABabiesNFT,PREMINT_NFT,1
LAGalaxy310,soccerdiva,1
LAKingsSteve,jlock4820,2
LAPDCARRANZA,FBILosAngeles,1
LAPDCARRANZA,USMarshalsHQ,1
LATrainer4U,ChristopherHahn,2
LAlupusLady,LupusResearch,3
LBNYPrincess,NickMayerik,2
LBertolett,SjamaanN,2
LDahlkemper,CassTannerCO,2
LDahlkemper,cityofarvada,1
LFair20,kylegriffin1,2
LGonTV,WTOC11,1
LHalfpop,RpsAgainstTrump,2
LILPhi3,Telegraph,1
LKusluski,CaseySHutch,1
LKusluski,catturd2,1
LLN_Jack,Surprise_PD,1
LModier,EdTufexis,2
LNKPeopleWatch,sherpaneil,2
LQuigley33,GerryCallahan,1
LQuigley33,willcain,1
LSUNanofab,dariogila,1
LSUTIGERS12345,MarshaBlackburn,3
LSU_Shawn,Brooksgrainger,1
LSU_Shawn,CoachBrianKelly,1
LSU_Shawn,WeAreNDFans,2
LSchmidtzMiller,muzenews,2
LSchmidtzMiller,nytimes,1
LStreny,FallonTonight,2
LStreny,jimmyfallon,1
LVBenchWarmers,BleacherReport,1
LVasque08215860,tedcruz,2
LWHensler3,ChadPergram,1
LWHensler3,jasonpuckett,1
LWHensler3,souzajen,2
LXJSmonk,CLASS_K12,2
L_e_y_d_y,AP,1
L_e_y_d_y,TheRealYQ,2
LaBelle50,SCmusic82,2
LaChicaDiezzz,Robtoremember,2
LaChicaDiezzz,VogueSpain,1
LaceyHouseGha,xlr_media,1
LaceyPaulus,HKNC_news,1
LaceyPaulus,UofNorthDakota,1
LachandaAlex,sweater_vests,2
LadyRocketSpace,GBSavant,3
LadyRocketSpace,TwitterSpaces,2
LadyZBW,pulte,2
Ladydi0000001,alivitali,1
LakerFan4ever87,ColinCowherd,1
LakerFan4ever87,FS1,1
LakerFan4ever87,FoxSportsRadio,1
LakerFan4ever87,iHeartRadio,1
LakerFan4ever87,undisputed,1
LakerFan4ever87,vdizzo_,2
LalaRamera,DailyLoud,1
LamarshaLewis,PageSix,2
LanceASchart,greggweiss,2
LanceandAlita,DanScavino,2
LanceandAlita,maricopacounty,1
Lanthonymorales,AVSunDevilFB,2
Lanthonymorales,AVUSD,1
Lanthonymorales,CampAVHS,1
Lanthonymorales,avhs_news,1
LarissaLiska,BarstoolMCHS57,1
LarissaLiska,CNeatherlin,1
LarissaLiska,KRIS6sports,1
LarissaLiska,MaryCarrollHigh,1
LarissaLiska,TheProgramCTFB,1
Larry2411516,BrittMorenoTV,2
Larry2411516,KXAN_News,1
LarryEW2,NinjaWarhol,2
LarryEW2,donwinslow,2
LarryEW2,newsmax,1
LarryKness,MacFarlaneNews,1
LarryKness,SamiScheetz,1
LarryKness,ddiamond,1
LarryMcVA,EliseStefanik,1
LarryMcVA,SteveSchmidtSES,2
LarryMillerTV,CBSNews,1
LarryMillerTV,wusa9,1
LassoThaMoon,Beautoxx_1,1
LassoThaMoon,NewbieHoward,1
LassoThaMoon,RealJakeRM,1
LassoThaMoon,SuperiorStacy,2
LassoThaMoon,clubbing_guy,1
LassoThaMoon,josephzeballos,1
LassoThaMoon,shawist,1
LastKing24_,GregABedard,1
LastKing24_,KingMik3yF,2
LastKing24_,LakeShowSeason,1
LastKing24_,VinoUncorked,2
LastKing24_,jovanbuha,1
LatinLegacy,VGC_News,2
LatonaJodi,HunnitJoey5,2
LatonaJodi,goad_solar,1
LatoyaNews3LV,DrewBarrymore,2
LatoyaNews3LV,aCupcakeBlonde,1
LatoyaNews3LV,wfaa,1
Latrice32135979,dallas,1
Laughingmichell,FoxNews,2
Laughingmichell,improvethenews,2
Laughingmichell,politvidchannel,2
LauraDo01745421,BlackArbitrator,2
LauraL61,MikeC22453774,1
LauraL61,atrupar,2
LauraL61,nathaliejacoby1,2
LaurelEganKenny,SenWarren,1
LaurelEganKenny,WhiteHouse,1
LaurelEganKenny,ewarren,1
LaurenHillmer,washingtonpost,1
LaurenceTobias1,BrittMorenoTV,2
LaurenceTobias1,Davidtweets13,2
LaurenceTobias1,JJohnsonLaw,2
LaurenceTobias1,KXAN_News,1
LaurenceWHolmes,KristaCBS2,1
LaurenceWHolmes,WGNNews,1
LaurenceWHolmes,phil_rosenthal,2
Laurieluvsmolly,RonFilipkowski,2
Laurieluvsmolly,robbystarbuck,1
LavelleGerald,DanRather,1
LavelleGerald,clamsroll,2
LawMag214,DallasISDSupt,1
LawMag214,dallasschools,1
Lawrenc00642407,MeidasTouch,1
Lawson_TV,sgiggyTV,1
LeaA15,KatieP1120,1
Leadershipblend,GeraldineMoriba,1
Leadershipblend,theGrio,1
Leadershipblend,thegrioblkpods,1
LeagueFML,R1ckyRoss88,1
LeagueFML,RedRyder,1
LeagueFML,aarora83,1
LeagueFML,jloude,1
LeahWx11,JuliaAveryTV,1
LeahWx11,KMOV,1
LeannaPearce,jordanalipscomb,1
Lectriclib,WIBC_EricBerman,2
Lee4Pete,Newsweek,2
Lee4Pete,jnonyc1,2
LeeMart45282246,DC_DeWitt,2
LeePastrama,Michelle60711,1
LeePastrama,kron4news,1
LeeRedman83,Davis1970T,2
LeeRedman83,FoxNews,1
LeeRedman83,SkiFamVT,1
LeeRobin19,DanRather,2
LeeWallace46,SpeakerPelosi,2
Leffingwell,DarrellIssa,2
LegendTill,nick_underhill,4
LegendaryLarry3,Variety,1
LegitAidanL,LegitAidanL,1
LeinoPaul,Bluertwo,2
LelaFierce,WayneInDaWater,2
LeleLelesavage,kylegriffin1,2
LeleLelesavage,tjbogart33,1
LenaBlietz,IrishMirror,1
LenaHowland,JeffAckermann,1
LenaHowland,abc7newsbayarea,2
LennyWh76596800,HarleyBendaWBOY,2
Leo_JBSmith,SteveOnSpeed,2
Lertyssb,influnnt,2
LesaPamplin,Backstorymom1,2
LesaPamplin,atrupar,2
LesaPamplin,coreybking,2
LesaPamplin,lawalazu,2
LesaPamplin,sherylkayed,1
LeslieFarrell,mcclellantv,2
LeslieLLarge71,AllStar75330622,2
LeslieLLarge71,FoxNews,1
LeslieLLarge71,LaBoomer68,4
LeslieLLarge71,ThisIsKyleR,2
LeslieLNavarro,FOX10Phoenix,2
LeslieLNavarro,peoplesearches,1
LetFuryHaveThe1,TansuYegen,1
LetFuryHaveThe1,igorbobic,1
LetMualTellit,HogsHaven,1
LetMualTellit,SBNation,1
LetMualTellit,TraporDivePod,1
LetsGoSUP,GOPLeader,2
LetsStopAIDS,XtraMagazine,2
LeviPeckenpaugh,NBCSWhiteSox,1
LevittTulie5,LevittTulie5,1
LevonHughey,ABC,1
LevonHughey,marca,1
LewisOsman5,JWoolard01,2
LewisOsman5,MiaFarrow,3
LewisOsman5,Mike_Pence,3
LewisOsman5,PhyddleDD,2
LezleMMH,ABC,1
LezleMMH,AMErikaNGIRLLL,1
LezleMMH,AP,1
LezleMMH,BBCBreaking,1
LezleMMH,CBS,1
LezleMMH,CNN,1
LezleMMH,CreasonJana,2
LezleMMH,FoxNews,1
LezleMMH,MSNBC,1
LezleMMH,NPR,1
LezleMMH,OANN,1
LezleMMH,Reuters,1
LezleMMH,TheJusticeDept,1
LezleMMH,WSJ,1
LezleMMH,WhiteHouse,1
LezleMMH,catturd2,1
LezleMMH,maddow,1
LezleMMH,nbc,1
LezleMMH,newsmax,1
LezleMMH,nytimes,1
LibSCunningham,newsandtribune,1
LibbionFOX7,AdaleighonFox7,1
LibbionFOX7,WalkerATX,2
LiberalMike62,FoxNews,2
LiberalMike62,PolitixVoice,1
LiberalMike62,SaveAmerica206,2
LiberalMike62,TomiLahren,2
LibertarianPros,OdyseeTeam,1
LibertarianPros,PodcastAddict,1
LibertyAndFree4,FoxNews,1
LibertyAndFree4,Jim_Jordan,9
LibertyAndFree4,LouDobbs,2
LibertyAndFree4,SenTedCruz,20
LibertyAndFree4,SenatorSinema,1
LibertyAndFree4,WaysandMeansGOP,2
LibertyAndFree4,foxnewsalert,1
LibertyAndFree4,johncusack,10
LibertyAndFree4,marcorubio,20
LibertyAndFree4,nypost,2
Life2Skeptic,MattGertz,2
Life2Skeptic,NoahAFrank,4
Life2Skeptic,mirandadevine,2
LifeBoy79,RepMTG,1
LifesADance44,GMA,1
LilFrankSaint,JadaJamiaa,2
LilFrankSaint,_Dayeeee,1
LilTayOTH,doublee_L,2
LilacRealty,CLTlately,1
LilacRealty,Charlottgotalot,1
LilacRealty,FITP,3
LilacRealty,Queen_City_News,1
LilacRealty,axioscharlotte,1
LilacRealty,cltiscreative,1
LilacRealty,eatdrinkclt,1
LilacRealty,exploreclt,1
LilacRealty,qcexclusive,1
LilacRealty,scoopcharlotte,1
LilacRealty,yelpcharlotte,1
LiliJAzrael,TatianaR312,1
LiliJAzrael,What46HasDone,1
LilsG31,kylegriffin1,1
LindaFr25849909,OccupyDemocrats,2
LindaHa84406142,davidtennant1UK,1
LindaHa84406142,davidtennantUK1,2
LindaHa95954556,MichaelCohen212,3
LindaHa95954556,OceanGirl790,4
LindaHa95954556,Qsuzy,2
LindaHa95954556,RSDerek7,1
LindaHa95954556,Tee62253,1
LindaMSykes2,BabyRaccoon91,2
LindaMSykes2,OccupyDemocrats,1
LindaTu79950678,aintscarylarry,1
LindaTu79950678,joncoopertweets,1
Lindasantangel1,CBSMornings,2
Lindasantangel1,NRO,2
Lindasantangel1,isaac_schorr,1
Lindsay1218,ninaturner,2
Linebackr20,raekennedy_,2
LionNtheMidwest,RepThomasMassie,1
LipowskiBlaze,DanRather,2
Lipsle2,K_00187,1
Lipsle2,Met_CindyFitz,2
Lipsle2,Wxdavidw,1
Lipsle2,marciiiee,2
Lisa0822,FBI,1
Lisa0822,MeidasTouch,1
Lisa0822,MichaelCohen212,2
LisaAnnTime,CBS6,1
LisaAnnTime,RigganRVA,1
LisaAnnTime,jonahholland,1
LisaAnnTime,throwingutah,2
LisaDenise54,MysterySolvent,2
LisaRaymondAZ,TimMurtaugh,2
LisaRaymondAZ,TimRunsHisMouth,2
LisaSuhrAZ,GOP,1
LisaSuhrAZ,albertksfong1,2
LisaSullygirl27,LisaSullygirl27,1
LisaSullygirl27,RonnyJacksonTX,1
Lisa_Fielding,BeauDuran,1
Lisa_Fielding,CiscoCotto,2
Lisa_Fielding,Cubs,1
Lisa_Fielding,RobHartWBBM,1
Lisa_Fielding,WBBMNewsradio,1
Lisa_Fielding,WBBMRachel,1
Lisaaif2,JackPosobiec,1
Lisaaif2,Lisaaif2,1
Lisaaif2,MarkCOL46789178,2
Lisaaif2,POTUS,1
Lisaaif2,RichardGrenell,1
Lisaaif2,amyklobuchar,1
Lisaaif2,marcorubio,2
Lisapisa921,ImYourNanaNow,1
Lisapisa921,momebie,2
LithiumPodcast,fgroyon,1
LittleG71757190,AttorneyCrump,1
LittleNickynj,SeanRossSapp,1
LittleOlMe97,Jerusalem_Post,1
LittleOlMe97,axios,1
Little_Red311,Rheatheylia,1
Little_Red311,ol_smaug,1
Little_Red311,rpginabox,1
Littlehavanarep,Artnoriega5,1
Littlehavanarep,BillyCorben,2
Littlehavanarep,CityofMiami,1
Littlehavanarep,FrancisSuarez,1
Littlehavanarep,JoeCarolloNow,1
Littlehavanarep,Manolo4Miami,1
Littlehavanarep,VickyMendezEsq,1
Littlehavanarep,alexDLPmiami,1
Littlehavanarep,kenforflorida,1
Littlehavanarep,vkocfl,1
LiveinLoveNH,newhampshirecom,2
LivitUpLeo,FernandoAmandi,1
LivitUpLeo,josh_hammer,2
LizCrawfordWTSP,FBI,1
LizHighleyman,EnemyInAState,1
LizHighleyman,joansmith58,2
LizWard37251359,lookatthelogo,2
LizWard37251359,miss_sparkles11,2
Lizabitch19,JustCruzinnnn,1
Lizabitch19,Lt_Cajun,2
Lizabitch19,ariivory,1
Lizenby,FlorenceWaedon,1
LkGrand,jesseprimetime,1
LlAT0BlN,AdamChodak,1
LlAT0BlN,News_8,1
Lmcolm,Iberia,1
Lmcolm,Iberia_en,1
Lmcolm,Lmcolm,1
LockeEnder,Sean_Munger,2
Logan_Maddox1,GavinBookerPxP,2
Logan_Maddox1,MtnCoastNetwork,1
Logan_Maddox1,PCPatriotsports,1
LongRic51437587,bennyjohnson,1
Lonnie_Walker,sayitnspinit,2
Lonnie_Walker,thomas_garrard,2
Loraine58245349,tweetmommybop,1
LordKirby,ChickfilA,1
LordNebbs,WeirdMedieval,1
LordNebbs,notdeadyet161,2
LordNebbs,philvischer,1
Loretta89619641,David_Culver,1
Loretta89619641,DonRobertsTV,1
Loretta89619641,KatieCollettTV,2
Loretta89619641,LavoyHarrell,1
Loretta89619641,WAVY_News,1
LoriB0613,Debgolf2,2
LoriB0613,FoxNews,2
LoriB0613,NC_Governor,1
LorlopVzla,MacFarlaneNews,2
LosInLV,Dr_R_Strange,2
Los_972,OccupyDemocrats,2
Los_972,StephenAtHome,1
Los_972,nestordamus6,2
LostDodgers,MLBONFAX,1
LostDodgers,SInow,1
LostDodgers,SolomonBates_,1
LostDodgers,sumpedwards53,2
LoudMarlinsFan,LoudMarlinsFan,1
Loudmouthkid62,TamaraLush,2
LouiesGlekas,GeorgeTakei,1
LouiesGlekas,JoJoFromJerz,1
LouiesGlekas,KamalaHarris,1
LouiesGlekas,OccupyDemocrats,1
LouiesGlekas,SykesCharlie,1
LouiesGlekas,atrupar,1
LouiesGlekas,kylegriffin1,1
LouiesGlekas,mmpadellan,2
LouiseF34217400,LouiseF34217400,1
LouiseF34217400,TonyHussein4,1
Louise_Hickson,ErolOzmeral,1
Louise_Hickson,hlh1,2
Louise_Hickson,kathrynbwiseman,1
Louise_Hickson,nelso477,2
LoveAmazinRadio,Iamjaylam2,2
LoyalLeoPride86,IJagruti,2
LoyalLeoPride86,SunnyvaleDPS,1
LuchiTheDesignr,2briezy,2
LuchiTheDesignr,_justkimberlyy,2
LuchiTheDesignr,bigbodybae,1
LuciaMarie87,POTUS,2
LuciousSmoothy,SAReport,1
LuisoElJoy,joss_berry,2
LunaticFringer,LivingBlueTX,1
LunchBoxFR,ARealNewsJunkie,2
LunchBoxFR,RepMTG,1
LuxEventsVA,massresort,1
LyleMultimedia,NPRWeekend,1
LyleMultimedia,nepublicmedia,1
LyleMultimedia,onthemedia,1
LyleMultimedia,waitwait,1
LyndaObst,JackPosobiec,1
LyndaObst,MarkBrokeIt,2
LyndaObst,NellSco,1
LyndaObst,kelliwardaz,1
LyndaObst,nytimes,1
LyndaObst,toddalcott,2
LyndaStarrMusic,angelayee,1
LynfordTweets,ScarredForLife2,1
LynfordTweets,soullessparty,2
LynleeGThorne,RuralGroundGame,1
LynnHanes6,Phil_Lewis_,2
LynnRagland6,davenewworld_2,1
LynnRagland6,gtconway3d,1
LynnRagland6,realTuckFrumper,2
LynneKLynch1,GEnrightWHIO,1
LynneKLynch1,GreeneCountyOH,1
LynneKLynch1,KZontiniWHIO,1
LynneKLynch1,LPerryWHIO,1
LynneOtting,POTUS,2
Lynx_Savaged,RepMTG,2
LyricLyz,GSIG_AEJMC,1
LyricLyz,HomoudAlkhater,1
M01328126Cheryl,Jim_Jordan,2
MA88ARD,barstoolsports,1
MAGAmanxxx,AP,1
MAGAmanxxx,CNNPolitics,1
MAGAmanxxx,DonaldJTrumpJr,1
MAGAmanxxx,GovRonDeSantis,1
MAGAmanxxx,Jim_Jordan,1
MAGAmanxxx,JordanBrace8,1
MAGAmanxxx,LeaderMcConnell,1
MAGAmanxxx,RepMTG,1
MAGAmanxxx,TheJusticeDept,1
MAGAmanxxx,laurenboebert,1
MAGAmanxxx,marcmolinaro,1
MAGAmanxxx,rob4ny,1
MARCaENRIQUEZ,FoxNews,1
MARIADESCHAMP,mallofamerica,1
MATRUITT8,thehill,2
MAYDAYLUH,chq,1
MBRTampa,AndrewWarrenFL,1
MBRTampa,JPHodlTTM,2
MBRTampa,KevinCate,1
MBRTampa,NikkiFried,1
MBockart,MBockart,1
MCBStJohn,bennyjohnson,2
MCC_History_,TFitz_Esquire,1
MCEmory,googlenews,1
MCHenry58,ItsAlexLuckey,1
MCHenry58,KLUV987,1
MCHenry58,KLUVMiles,1
MCHenry58,kluvrebekah,2
MCWellsPhoto,NateInSports,2
MC_HRC,MC_HRC,1
MCroce_MacroFin,toniwhited,2
MDAnderson314,RepCori,3
MDCPSSci,MDCPSAcademics,1
MDCPSSci,MDCPSSci,1
MDCounties,Conduit_St_Pod,2
MD_LeBeau,CNBCnow,1
MELandolfi,BuzzFeed,1
MFerksnerder,nathaliejacoby1,2
MFishers96,ABC,1
MGardnerSports,JFowlerESPN,1
MGeraldo,mntrueblue,2
MHershgordon,NHLBruins,1
MIBearFan,highbrow_nobrow,2
MIBearFan,lauferlaw,1
MISTER___A____7,MISTER___A____7,2
MIke_Dragich,MackenzieARohde,2
MImiGr33n3,ellsmxy,1
MJA_DHO,Rainmaker1973,1
MJHNewstead2SF,kilmeade,2
MKA__LA,JalsaConnect,1
MKennific,barstoolsports,2
MKtWheat,BryantSoftball,1
MMasonDCroz,DNicholsAuthor,1
MNJackFlash,kare11,1
MNKJr_,Chim_zuroke,1
MOBY_N1CK,POTUS,1
MPBthe3,cnnbrk,1
MPORielly,WifiForward,1
MPW_CA,JordanCruzPro,1
MPW_CA,TheHopsSays,1
MRCeagle,Blooloop,2
MRJIVORY,sportsnfoods,1
MRMasferrer,MRMasferrer,1
MRMasferrer,NHC_Atlantic,1
MRPLucero,DemocraticDaisy,1
MRPLucero,Ronald__H,2
MRodDC,MRodDC,1
MSCostantini,HoodMexihcatl,1
MSCostantini,anaifrs,2
MSFantauzzo,TrevShhh,2
MSNinATX,1Sandy_N_Austin,1
MSNinATX,BetoORourke,1
MSNinATX,DATravisCounty,2
MSNinATX,DNC,1
MSNinATX,GovAbbott,1
MSNinATX,JosePGarza,2
MSNinATX,KVUE,1
MSNinATX,KXAN_News,8
MSNinATX,MayorAdler,3
MSNinATX,RescueATX,2
MSNinATX,StuckinATX,2
MSNinATX,TravisCountyTX,2
MSNinATX,aatw1969,1
MSNinATX,austintexasgov,1
MSNinATX,cbsaustin,1
MSNinATX,fox7austin,1
MSNinATX,georgesoros,1
MSnegovaya,MichalSmetana3,1
MStorm2016,TheCarlosPena,1
MStorm2016,alexavega,1
MTNVB1,janninereid1,2
MVGWADZPHD,NYUSilver,1
MVGWADZPHD,NorwoodNews,1
MVGutierrezMD,MVGutierrezMD,1
MVLibraryCommon,SeattleFdn,1
MVLibraryCommon,SecretaryPete,1
MVLibraryCommon,USDOT,1
MVLibraryCommon,UndergroundinWA,2
MWG5150,Thomas_Carrieri,2
MWKronenberg,snyjets,1
MWash90,dark_klay,1
MWash90,jemelehill,1
MWash90,tidofourforty,2
MWash90,vinnymac33,1
MWhicker03,TimSullivan714,2
M_Roberts180,RichCimini,2
MaannostaShines,BigToofedBlonde,2
MacBoroBoi,Payroll__3,1
MacWopo,Caedeezy,1
Macalino11,BreitbartNews,1
Macalino11,FOX29philly,1
Macalino11,FoxNews,2
Macalino11,KeeleyFox29,2
Macalino11,USAGirl47,2
Macalino11,lisachristinect,1
Macalino11,nytimes,1
Macalino11,seanhannity,2
Macalino11,southsher,2
MackXMcMillan,JustV187,2
Mackdragon7,Grumpy2APatriot,2
Mackdragon7,davidmweissman,1
MackinApril,metheridge,2
MadGoodKS,knickzfeed,2
MaddieOrquiz,michalakAPES,2
MadisonCrossley,nypost,1
Madsonovich,VGC_News,2
MaeSChaplin,HMSTerror_model,1
MaerRoshan,FoxNews,2
MaggieKent6abc,6abc,1
MaggieKent6abc,BGallagherTV,1
MaggieMarshTN,MayorTimKelly,1
MaggieRicker,Angry_Staffer,1
MaggieRicker,SpiroAgnewGhost,1
MaggieRicker,arlojones26,2
MaggieRicker,yogi49948,1
MagicCircleRWC,scottbraddock,2
MaheshNYCTO,Acyn,1
Mailbulb,Mailbulb,1
MajesticResists,FoxNews,2
MajesticResists,MailOnline,1
Mak_milla16,CamGaskinsTV,2
Mak_milla16,WBTV_News,1
MakeMyComicRare,CNN,1
MakeathEdmund,NFL_DovKleiman,1
MalaDorito,BrianKarem,1
MalcolllmL,Acyn,1
MaleehaReports,MarkeshiaonTV,3
MalikMurad9,shazbkhanzdaGEO,2
Malinasaval,HenMazzig,2
MalindaAnnHill,cathyde,2
MaliqueRankin,LevinsReports,1
Maloney4Nassau,BillOReilly,1
Maloney4Nassau,FoxNews,1
Maloney4Nassau,atrupar,1
Maloney4Nassau,gregkellyusa,1
Maloney4Nassau,kilmeade,2
Maloney4Nassau,seanhannity,1
MalyndaAC,Marianne_Denton,2
MamaTorment,itskwissy,2
MamaTorment,version1gg,1
MandelBen,CALSTART,1
MandelBen,MTA,1
MandelBen,SenSchumer,2
ManicPixie50,JoelMartinRubin,2
ManicPixie50,briantylercohen,2
ManicPixie50,joncoopertweets,1
ManicPixie50,katiephangshow,1
Manijuanaaaaa,RuggedBambino,1
Mannabee,LilySimpson1312,1
MannoiaChris,DanRather,1
MannyCaRepublic,AngryFleas,1
MannyCaRepublic,BluesElmwood,1
MannyCaRepublic,DineshDSouza,1
MannyCaRepublic,Erik75071631,1
MannyCaRepublic,Hirdman,1
MannyCaRepublic,Jules31415,1
MannyCaRepublic,MaricopaVote,1
MannyCaRepublic,Maxamegalon2000,1
MannyCaRepublic,PogueMoran,1
MannyCaRepublic,Sasquatch4eva,1
MannyCaRepublic,TheHistorian19,2
MannyCaRepublic,deanandersonnyc,2
MannyCaRepublic,everclay1,1
MannyCaRepublic,jongavin021,1
MannyCaRepublic,nichpic,1
MannyCaRepublic,pissed_d,1
MannyCaRepublic,teamphil,1
ManuelM00904542,LaPlana_news,2
Manupellon,jtorresromero,2
MarcOfBevHills,CNN,1
MarcOfBevHills,NBCNews,1
MarcWYFFNews4,BruceFeldmanCFB,1
MarcYoungs,FCC,1
MarcYoungs,KPRCradio,1
Marc_Prada,asIiceofhistory,1
MarciRubinN12,LaurenDue12,1
MarciRubinN12,roxanneevans12,1
MarciaCaro2,JoJoFromJerz,2
MarciaCaro2,NStoolfire,2
Marco62834872,NoLieWithBTC,2
Marcodeangelo7,clarencehilljr,2
MarcosPena1961,Denise81011983,2
MarcosPena1961,LaZmutt,1
MarcosPena1961,mazemoore,1
MargaretGlancey,TomFitton,2
MargieMinutell3,BaddCompani,2
MargieMinutell3,Beans2Nuts,1
MargieMinutell3,DebraTdmbg,1
MargieMinutell3,IAPonomarenko,1
MargieMinutell3,Neil_Irwin,2
MargieMinutell3,Politidope,3
MargieMinutell3,drsajumathew,2
MargieMinutell3,marynlm,1
MargieMinutell3,raefordjban,2
MargieMinutell3,zeitgeist8888,2
Mari1712Lecoq,Woodard4Kansas,2
Mari1712Lecoq,kachelme1,2
Mari1712Lecoq,kilmeade,1
Maria34731784,YouTube,1
Maria58461446,LittleMamaKin,1
Maria58461446,RepSwalwell,1
Maria58461446,WGhd76,2
MariaSB85NYY,JoeSheedy91,2
MariaSaramago14,MuskUniversity,2
MariaSteier,PalmerReport,2
MariamaJames,JCColtin,1
MarieBGee,MissesDread,2
Marielena_TV,ArmaniHinesTV,2
Marielena_TV,CianoTorres,2
Marielena_TV,CourtneyABanks,2
Marielena_TV,Kevin_Petrochko,2
Marielena_TV,REBARIFFIC,2
Marielena_TV,TomWAVYTV,2
Marielena_TV,WAVY_News,9
Marielena_TV,tneverready,2
Marielena_TV,triplecrwn,2
Mariella_SF94,ResisterForever,2
Mariella_SF94,reaIDonTrumpI,2
Marilyn39400506,GOPLeader,1
Marilyn39400506,JRosengard,2
Marilyn39400506,RpsAgainstTrump,3
Marilyn39400506,jgcrawfish,2
Marine1279,FAUAthletics,1
Marine1279,FAUBaseball,1
Marine1279,FAUCoachMac,1
Marine1279,FAUFootball,1
Marine1279,FAU_Owls_Nest,1
Marine1279,FAUpresident,1
Marine1279,FloridaAtlantic,1
Marine1279,Florida_Owl,1
Marine1279,FrankJForte,1
Marine1279,JackWhidden3,1
Marine1279,KLV1063,1
Marine1279,KVJShow,1
Marine1279,KrisBartels,1
Marine1279,KrisRWall,1
Marine1279,Marine1279,1
Marine1279,MarkNoll18,1
Marine1279,PaulSilanoJr,1
Marine1279,insidetheburrow,1
Marine1279,kevinrolston,1
MarioAndersonTV,JoeRagusa,1
MarioAndersonTV,MayorGorton,1
MarioAndersonTV,SpectrumNews1KY,1
MarioAndersonTV,UKYpres,1
MarioLaganaIII,Taalib_905,2
Maripuerta,maddow,1
Marisa_Ingemi,PopCrave,1
MaritsaGeorgiou,coachbobgreen,2
MaritzaTravanti,MonroviaSupt,1
Mark1969amx,joebonsall,2
Mark215Oliveras,Bdubs88,1
Mark215Oliveras,BlackFlagMatter,1
Mark215Oliveras,DGIveyNASCARFan,1
Mark215Oliveras,DannyBTalks,1
Mark215Oliveras,EricEstepp17,1
Mark215Oliveras,FlyGuyOnly773,1
Mark215Oliveras,GRoddy3x,1
Mark215Oliveras,GaboxRox15,1
Mark215Oliveras,JettMDK,1
Mark215Oliveras,KGonYT,1
Mark215Oliveras,NoahGragson,3
Mark215Oliveras,RealRadman,1
Mark215Oliveras,Sarend09,1
Mark215Oliveras,ToxicFungi13,1
Mark215Oliveras,WhatiFRacing,1
Mark215Oliveras,YaBoiDenny24,1
Mark215Oliveras,alannadeau2016,1
Mark215Oliveras,joe_srigley,1
Mark215Oliveras,schildhoused,1
Mark215Oliveras,tydillon,1
Mark215Oliveras,xdrey24x,1
MarkAFredrick1,BookerSparticus,2
MarkAFredrick1,GaryAPatriot,1
MarkAFredrick1,HARRISISAHOE,2
MarkAFredrick1,ProudElephantUS,2
MarkAFredrick1,brithume,1
MarkAFredrick1,kathycalitri,2
MarkAFredrick1,sally_tanner,2
MarkArmour04,Kelseyplum10,2
MarkBare54,WajahatAli,2
MarkCHealey,DanGraca,2
MarkC_RVA,Metstradamus,2
MarkCauley,MarkCauley,1
MarkCauley,gregthomas22,1
MarkDavidAnder9,FoxNews,2
MarkDavidAnder9,KaylaChowShow,2
MarkDavidAnder9,MayraFlores2022,1
MarkDavidAnder9,laurenboebert,2
MarkFruitt1,bennyjohnson,2
MarkHainds,yogachristie,2
MarkJEngleson,MarkJEngleson,1
MarkJEngleson,gretchenpeters,1
MarkJEngleson,kjhealy,2
MarkLevineNYC,ReuvenBlau,1
MarkMosesShow,SportsRadio1560,1
MarkOwe19668251,DrWernerKlopek,2
MarkOwe19668251,ksorbs,1
MarkPal92948749,newsmax,2
MarkSelzer,BarackObama,1
MarkSelzer,JMJLaurent,2
MarkSuter19,wahlstedt007,2
MarkWilsonAnne2,OmarRiverosays,1
Markautoaxess,newsmax,2
MarshMeileo,valarynn,2
MarshaCollier,AlHopper_,1
MarshaCollier,BoConceptH,1
MarshaCollier,BoConceptHHaF,1
MarshaCollier,ButtonsThoughts,1
MarshaCollier,Canuck289,2
MarshaCollier,ChoiceZnewZ,1
MarshaCollier,Gabriele_Corno,1
MarshaCollier,HannoverStyle,1
MarshaCollier,InaRebma,1
MarshaCollier,JackWagner54,1
MarshaCollier,Lizzie_McD,1
MarshaCollier,MeldrumMarjorie,1
MarshaCollier,MeloniFulvio,1
MarshaCollier,OnlinePRAgentur,1
MarshaCollier,OnlinePRManager,1
MarshaCollier,OrcaBC101,1
MarshaCollier,SusanGilbert,1
MarshaCollier,TW2CayC,1
MarshaCollier,TopsyFarms,1
MarshaCollier,UBtalkin,1
MarshaCollier,bc_news_addict,1
MarshaCollier,fmpreuss,1
MarshaCollier,jandis_price,1
MarshaCollier,kcorr54,1
MarshaCollier,klarheit,2
MarshaCollier,marketing_push,1
MarshaCollier,maxOz,1
MarshaCollier,news_brand,1
MarshaCollier,palmiyedeutsch1,1
MarshaCollier,realTweepcrew,1
Marshal16597747,FoxNews,1
Marshal16597747,RandyBuckel,2
MarshallScottOK,NFL,1
Marteljr,WFAN660,1
Martelmama,BeggsSchool,1
Martelmama,Deviousampedup,2
Martelmama,RedMartel11,1
MarthaH34307861,deidrebehar,2
MarthaKoepper,Dassom15,2
MarthaKoepper,IngrahamAngle,1
MarthaKoepper,NBCNews,1
MartyIrby,AWAction_News,2
MartyIrby,TheHumaneCenter,1
MartyIrby,hisa_us,1
MartyIrby,its_jessi_grace,1
MartyIrby,joegorajec,1
MartyIrby,natashadolezal,1
MartyIrby,paulickreport,1
MartyIrby,raypaulick,1
MartyLenz_KOA,RadioFreeTom,2
MartyLenz_KOA,TheAtlantic,1
Marty_OBrien,Daughtry_News,1
Marty_OBrien,TulalipResort,1
MarvinIsNotDyin,BaddCompani,1
MarvinIsNotDyin,Lu7Lew,2
MaryAnn26920610,StormMela,1
MaryBar63953222,ewarren,3
MaryCDurham51,FBI,1
MaryCDurham51,foxandfriends,1
MaryCDurham51,realTuckFrumper,2
MaryKCaffrey,HonestLarry1,1
MaryMogrizzle2,FoxNews,2
MarySco81225721,BillClinton,2
MarySco81225721,BriteDaizAhead,1
MarySco81225721,OccupyDemocrats,2
MarySco81225721,POTUS,1
MarySco81225721,lavern_spicer,2
MarySco81225721,nathaliejacoby1,2
MaryVanGorder1,TheNotoriousBBV,1
Mary_Wasson,SpectrumNews1TX,1
Mary_Wasson,toddboat,1
MaryannDonie,johnszim,2
Marz47900337,latimes,1
MasconceptArt,Colts,1
MasconceptArt,McDonalds,1
MaskedToppin,CROD_JR,1
MaskedToppin,UKFootball,1
MaskedToppin,will_levis,1
MasonGinsberg,FoxNews,1
MasonLakePhoto,GoodElija,2
Mast3r0fpupp3ts,CR7DondEsta,2
Mast3r0fpupp3ts,stavfps,1
MatatanAzul,ESPNStatsInfo,2
Matbuk3D,cwt_news,2
MattATX81,KXAN_News,2
MattATX81,PalantirTech,1
MattArchambeau1,anietor,2
MattDeBlasi,atrupar,1
MattLubisich,HRCaz,1
MattLubisich,bridgetsharpeAZ,2
MattMarousek,TheRealMizVic,2
MattMarousek,glennkirschner2,1
MattMcCollum68,DrOz,1
MattMcCollum68,JacquiHeinrich,1
MattMcCollum68,KgMirth,2
MattMcCollum68,MarkSZaidEsq,1
MattMcCollum68,MrsThunder53,1
MattMcCollum68,PorkArena,2
MattMcCollum68,Shanibanini,1
MattMcCollum68,Skepmi,1
MattMcCollum68,lepke2112,2
MattMcCollum68,positiv44789159,1
MattMcCollum68,robhanjr,1
MattOtstot,HISTORY,1
MattOtstot,KMJNOW,1
MattRegan10,kilmeade,2
MattSchaefer36,MattCarp13,1
MattSchaefer36,Yankees,1
MattSugam,GothamFC,1
MattSugam,NYGiants,1
MattThomasNews,RTDNA,1
MattThomasNews,wfaa,1
Matt_Kroschel,HendricksGlenn,2
Matt_Kroschel,That_MarcC,2
Matt_Kroschel,WAAYTV,1
Matt_Leclercq,HEB,1
Matt_Littlejohn,P_McCulloughMD,1
Matt_Littlejohn,UNC,1
Matt_Wakefield,YankeefaninTenn,2
Matt_Wakefield,susanmariie,1
Matthew49200183,Acyn,2
Matthew49200183,OliviaTroye,2
Matthew49200183,RonFilipkowski,2
Matthew49200183,duty2warn,2
Matthew49200183,joncoopertweets,2
Matthew49200183,mmpadellan,2
Matthew49200183,nytimes,2
MatthewHedges,Kaleidoscope_T,1
MatthewKelsoDVM,NotesFromAVet,2
MatthewKelsoDVM,pantherabella,1
MatthewRChizek,IowaSticks,1
MatthewTabeek,Panthers,2
MatthewTelles,CNBC,1
MatthewTelles,Instacart,1
MatthewTelles,MarketWatch,1
MatthewTelles,TechCrunch,1
MatthewTelles,VICE,1
MatthewTelles,emilychangtv,1
MatthewTelles,jackiedavalos1,1
Matthewnkc74,AlyxSacksKCCI,2
MattooLab,BrodskyIgor,1
MattooLab,SunnyShinLab,2
MattooLab,pennvet,1
MattyDorf,RichardHedstro7,2
MattyNoontime,MattNavarra,2
Mattysquerades,Mattysquerades,1
MaupinRobin,U_MustFight,2
MaupinRobin,VRWCTexan,1
MaupinRobin,brownitsdown761,2
MaupinRobin,marklevinshow,1
MaureenHSulliv2,Ein_news,1
Maurice46478372,Angry_Staffer,2
Maurice46478372,DemocracyDocket,2
Maurice46478372,Emywinst,4
Maurice46478372,FBananny,2
Maurice46478372,FactsATruth,2
Maurice46478372,Maurice46478372,1
Maurice46478372,PamKeithFL,2
Maurice46478372,TheRickWilson,2
Maurice46478372,carolynchris,2
Maurice46478372,gregory_scepi,2
Maurice46478372,kilmeade,1
Maurice46478372,pdoocy,1
Maurice46478372,rhonda_harbison,2
Maurice46478372,theMRC,2
Maverick1914,SalVetriDFS,1
MaxDarrowTV,KPIXtv,1
MaxJSEsq,TDOnline,1
MaxJSEsq,WCTV,1
MaximilianRazo,petestrzok,1
Maxxsamgabe1,LenMichaelWOR,2
Maxxsamgabe1,RobAstorino,1
MaybellRomero,fodderyfodder,2
Maybow18,bennyjohnson,1
MayerFertig,AkivaMCohen,3
MayerFertig,MayerFertig,1
MayhemLikeMe1,YouTube,1
MayorBrodeur,coach_manfredi,1
MayorJoePetty,JStein_WaPo,1
MayorJoePetty,SenMarkey,1
MayorWolcott,felonytrump,1
MayorWolcott,kilmeade,2
Mbcandlemom,Jake_Stalsitz86,2
Mbeezyreturns,RailRidersTT,1
Mbridget21,KatherineDeves_,2
McChicken32,bobpockrass,2
McCullough5811,FoxNews,1
McCullough5811,TulsiGabbard,4
McCullough5811,doubleA32,2
McCullough5811,kande202,2
McCullough5811,tigger1972,1
McCutcheonSays,StudyReligion,2
McDougallMartha,29_chubbyAmelia,2
McLHope,nightengalejr,1
McNally4Indiana,GovHolcomb,1
McclayStu,RicardoCrainium,2
McclourBurr,PaulStanleyLive,2
McclourLori,CNN,2
McgovernToren,FoxNews,1
MdpRural,AGKarlRacine,1
MdpRural,Conlinforstate,1
MdpRural,SenStabenow,1
Mdtiemann64,ARRIChannel,1
Mdtiemann64,Blackmagic_News,1
Mdtiemann64,RED_Cinema,1
Mdtiemann64,UNCSchoolofArts,1
MeatSeuss,BirkMatt,1
MeatSeuss,PurpleKoolaid70,2
MeatSeuss,matthewkrier,2
MeatSeuss,xtina1229,1
Meatwadd2,BravesOnBally,1
MediaByAP,MileHighSports,1
MediagirlDc,Stonedlife73,2
MediagirlDc,egavactip,1
Medic128097,WBTV_News,2
MeeeeCclure,EJpineapplSLICE,2
MeekiLove04,TiffClina,1
MeekiLove04,cjgproduxions,2
MeekiLove04,twelvenot12,1
Megan0903,WeWatchedAMovie,1
MeganGohl1982,AJHilton_News,2
MeganGohl1982,WCCO,1
MeganMrub23,GovWhitmer,2
MeganMrub23,UMich,1
MeganReynatv,TommyBattle,1
MegganAnderson,MegganAnderson,1
MegganAnderson,peta,1
Meidas_Geri,GregAbbott_TX,1
Meinknoxville,nathaliejacoby1,2
Mel_On_Melville,Jed_Lowrie,1
Melanchthon61,JoeBiden,2
MelanieLynneN,KleinschmidtJD,1
Melaniegreen411,_EthanGrey,1
MelindaJaneOwe2,YouTube,1
MelissaCulross,Castro_Theatre,1
MelissaCulross,sfchronicle,1
MelissaKXLY4,NiaWong,1
Melissafordacts,SamanthaBarks,1
Mellowmom50,BCFanSite,1
Mellowmom50,PrimeVideo,1
Mellowmom50,SarahNilestar,1
Mellowmom50,Spotless_CANAL,1
Mellowmom50,brendancoyle99,1
MeltonTalks,TheDaleJackson,1
MeltonTalks,realtalk995,1
Mendozaj_87,MikeFrancesa,1
MercurialBianca,MTV,1
MesaValerie,OccupyDemocrats,2
MesaValerie,TheCharlieGirl,2
MesaValerie,rebeccaslake,1
Meshuga07,damnthing9999,2
Metis65,GavinNewsom,1
Metis65,KevinKileyCA,2
MetroGram,tomiahonen,2
Mewtwo_too,VancityReynolds,1
MexicanPotro,BostonGlobe,2
MexicanPotro,SomervilleChamb,1
MeximusPR1M3,DineshDSouza,2
Mezikenyc,Mufaz_El,2
Mezikenyc,brigidbergin,1
Mezikenyc,middleburgher,2
Mezikenyc,wallstmemes,1
Mfranknfl,AroundTheNFL,1
Mfranknfl,JordanRaanan,1
Mhogan1943,News_Dr252,4
MiamiErikC,PatrickRuffini,2
Micah_Escobedo,DougJBalloon,1
Micah_Escobedo,samstein,1
Michael11_11,RonnyJacksonTX,1
Michael11_11,fas_mary,1
Michael11_11,unusual_whales,1
Michael47843354,SkyNews,2
Michael65714379,cher,3
Michael65714379,ksorbs,2
Michael76033841,alfranken,2
Michael83169843,Acyn,2
Michael83169843,briantylercohen,2
Michael83169843,kilmeade,1
Michael83169843,tyharbs,1
Michael89644270,CMerandi,1
Michael99047479,WWG,1
MichaelAAlaniz,FoxNews,1
MichaelAAlaniz,GOP,1
MichaelBouford,IlhanMN,2
MichaelBouford,Periodic118_294,4
MichaelCaffey,grahamwire,2
MichaelDesposi8,LeadStoriesCom,2
MichaelDesposi8,VerifyThis,2
MichaelDesposi8,akarl_smith,1
MichaelEWebber,DavidBLowry,2
MichaelEWebber,JesseJenkins,1
MichaelEstimeWX,BrigitMahoneyTV,1
MichaelEstimeWX,foxweather,1
MichaelGuilfor9,FoxNews,2
MichaelJHarder,AuronMacintyre,1
MichaelJHarder,Midwesterngal51,2
MichaelJHarris9,KLocherie,2
MichaelLambPA,washingtonpost,1
MichaelMartinGR,FOX17,1
MichaelMartinGR,MichaelMartinGR,1
MichaelMortime7,News_Dr252,2
MichaelMortime7,paramountplus,1
MichaelMortime7,peacockTV,1
MichaelPWomack,DougJBalloon,1
MichaelSeley,dadakim,2
Michael_2Clutch,JDWilliams23,2
Michael_2Clutch,JmuDukes4Life,1
Michael_2Clutch,fleischman_noah,1
Michael_X_Jin,GrahamKeirMD,1
Michaeldelphia,CecilyTynan,2
Michaeljohnlea,Acyn,2
Michaeljohnlea,aliciasadowski6,1
MichalHigdon,BArndt_News,2
MichalHigdon,CameronBoppTV,3
MichalHigdon,WhitakerPhotos,3
MichelChaires,FoxNews,2
MichelChaires,JESSEWATTERS,1
MichelChaires,RealLyndaCarter,2
MicheleFee11,AETV,1
MicheleFee11,KipperMac1,2
MichelleAMilew,CNN,1
MichelleHacket4,GuyBensonShow,1
MichelleHacket4,LeaderMcConnell,2
MichelleHietpa3,FoxNews,1
MichelleHietpa3,TwitterSafety,1
MichelleHietpa3,ggreenwald,2
MichelleHietpa3,maddow,1
MichelleRobs8,WCTV,1
MichelleWolfTV,MichelleWolfTV,6
MichelleWolfTV,WAVY_News,9
MichelleWolfTV,_cjg1124,1
MichelleWolfTV,laurynmossWAVY,1
MichiganPop,JohnLegere,1
MickBaileyII,IngrahamAngle,4
MickBaileyII,TomiLahren,2
MickBaileyII,washingtonpost,2
MidtownCoffee,RealKyleMorris,2
MidtownCoffee,baronofbarons,4
MightyMike1313,OrlandoCitySC,1
MiguezMatt,RossDellenger,1
MikeBorses,ZackBornstein,2
MikeBrumageMD,DashDobrofsky,2
MikeConnollyMA,MassDCR,1
MikeDav03929963,Eddieonfox,1
MikeDav03929963,benmaller,1
MikeDav03929963,raider_rob24,1
MikeDav03929963,uhbroncofan,1
MikeDonaghy7,FoxNews,1
MikeDonaghy7,Grendel831,1
MikeDonaghy7,RoyalPurple777,1
MikeDonaghy7,TulsiGabbard,1
MikeDonaghy7,junoromanqueen,2
MikeDonaghy7,publiusparadox,1
MikeDrewWhat,MikeDrewWhat,1
MikeDrewWhat,e_blyler,2
MikeDrewWhat,inthehands,1
MikeDrewWhat,prchovanec,1
MikeDrewWhat,trumwill,2
MikeDury,DanRather,1
MikeDury,MikeDury,1
MikeDury,POTUS,1
MikeDury,Sen_JoeManchin,1
MikeDury,igorbobic,1
MikeEmanuelFox,DougHeye,1
MikeEmanuelFox,MoElleithee,1
MikeEmanuelFox,RepAshleyHinson,1
MikeEmanuelFox,aishahhasnie,1
MikeEmanuelFox,fran_chambers,1
MikeGallo24,laurenboebert,1
MikeGilbert311,JD_Oliva,2
MikeGolf86,BarbraStreisand,1
MikeGolf86,GasBuddyGuy,1
MikeGolf86,OccupyDemocrats,1
MikeHardin63,libsoftiktok,2
MikeKory3,DNC,1
MikeKory3,JoeBiden,1
MikeKory3,thehill,2
MikeMabee,NYSCivilService,1
MikeMabee,NYSUniversityPD,1
MikeMabee,SUNY,1
MikeMabee,UAlbanyCEAS,1
MikeMabee,ualbany,1
MikeMatthewsua,NEWS_MAKER,1
MikeMatthewsua,jack,2
MikeOles3,dsamuelsohn,1
MikePettigano,MikePettigano,1
MikeR5577,11W,1
MikeSHubbard,NaegelTracker,2
MikeSHubbard,hochman,1
MikeSafo,MichiganYankees,1
MikeSchuler,WWATMD,1
MikeSchuler,johnkonrad,2
MikeSim35989497,donwinslow,2
MikeSington,mackennastern,2
MikeSlamer,chris_neto,2
MikeSmigiel,AaronParnas,2
MikeSmigiel,RealCandaceO,2
MikeSmigiel,TwoAForever,1
MikeTRose,MikeTRose,1
MikeTRose,daringfireball,1
MikeTrentalange,Morning_Joe,1
MikeVanDervort,ConSelfOwns,1
MikeVanDervort,TheJaneAdora,2
MikeX63489434,Awesome26340342,1
MikeX63489434,Coffeeclutch20,1
MikeX63489434,FoxNews,1
MikeX63489434,GouriPothini,1
MikeX63489434,Hiiamhanson,2
MikeX63489434,MSNBC,1
MikeX63489434,MarioInBila_,2
MikeX63489434,Scott64258684,1
MikeX63489434,Velvetjones841,2
MikeX63489434,bennyjohnson,1
MikeX63489434,happycrazytown,1
MikeX63489434,newtgingrich,1
MikeX63489434,tedcruz,1
MikeX63489434,totlxs,1
MikeX63489434,yousillysheep,2
Mike_A_Borland,ChuckGrassley,1
Mike_A_Borland,JacquiHeinrich,1
Mike_Gee_99,PiscesHorizons,2
Mike_Gee_99,mkkraemer,1
Mike_MREA,MNRuralElectric,1
Mike_MREA,MN_PUC,1
MikethePoeTLA,monaeatsLA,2
Mikey02805872,Mikey02805872,1
MikeyCee24,WaffleHouse,1
MikeyCee24,barstoolsports,1
MikeyCee24,bklynjoker90,1
Mikeywittik,KSI,2
Miko00619,TheDailyShow,1
MileSplitAZ,ZachAlvira,1
MilesPomper,walberque,2
MilkyDan2201,WestHam,1
MillardFillmor1,BeschlossDC,2
MillerSciTeach,MillerSciTeach,1
MillicentCunn11,J_fassler,2
MillicentCunn11,truthbetold_kam,1
MimiRitZ244,BreakingSkagit,1
MimiRitZ244,ErinMayovsky,1
MimiRitZ244,KING5Seattle,1
MimiRitZ244,KING5unit11,1
MimiRitZ244,KSeattleWeather,1
MimiRitZ244,MimiRitZ244,1
MimiRitZ244,NWSSeattle,1
MimiRitZ244,NikonUSA,1
MimiRitZ244,RandySmall,1
MimiRitZ244,Rebecca_Weather,1
MimiRitZ244,ScottSeattleWx,1
MimiRitZ244,ShannonODKOMO,1
MimiRitZ244,ThePhotoHour,1
MimiRitZ244,fox13seattle,1
MimiRitZ244,weatherchaser5,1
MimiRitZ244,whatcom_news,1
MimiRitZ244,wheeler244,1
MinaJBlazy,Clubhouse,2
MindFreaker94,ABC,1
MindFreaker94,DavidMuir,1
MindyRosier,RollingStone,1
MinnesoTristan,buttigiegwins,2
MinterPete,nathaliejacoby1,2
MischievousLiz,13molon,1
MischievousLiz,Boomr1222,1
MischievousLiz,BradADavis3,1
MischievousLiz,Carolyn143413,1
MischievousLiz,Chopstress,1
MischievousLiz,DMcDMuffin,1
MischievousLiz,DannahIvester,1
MischievousLiz,DatoFreddy,1
MischievousLiz,FireBallNPizza,1
MischievousLiz,HappyClam,1
MischievousLiz,Houlasrule2,1
MischievousLiz,JeffandJax1964,1
MischievousLiz,JohnPot259,1
MischievousLiz,MoooPapa,2
MischievousLiz,OGJavaB1,1
MischievousLiz,PaulConservativ,1
MischievousLiz,QT4USATRUMP,1
MischievousLiz,QTWIQ1,1
MischievousLiz,RyderLong7,1
MischievousLiz,ShanPatriot,1
MischievousLiz,SlySkippy,1
MischievousLiz,Sweet_Mornings,1
MischievousLiz,Tami28937663,1
MischievousLiz,TimCamp03,1
MischievousLiz,Traces_Place,1
MischievousLiz,WhalenMona,1
MischievousLiz,cali_beachangel,1
MischievousLiz,june9042,1
MischievousLiz,mayalates,1
MischievousLiz,moorela66180327,1
MischievousLiz,nc_diditagain17,1
MischievousLiz,poggydoggy,1
MischievousLiz,qfd_bruce,1
MischievousLiz,re4joe,1
MischievousLiz,redangel64,1
MischievousLiz,ruthless_68GTX,1
MischievousLiz,s1_sparrow,1
MischievousLiz,samz_88_,1
MischievousLiz,shana0326,1
MischievousLiz,slimefin,1
MischievousLiz,smrose29,1
MishaVanMollusq,Acyn,2
MishaVanMollusq,FactsATruth,2
MishaVanMollusq,HNTurtledove,2
MishaVanMollusq,LauraJedeed,2
MishaVanMollusq,ManMadeMoon,2
MishaVanMollusq,Stonekettle,1
MissAmyLynn124,Clari4Perez,2
MissAmyLynn124,GOTCITYTEA,1
MissAmyLynn124,adrianasreport,1
MissAwood,minaleenyc,2
MissusZumwalt,KarelBaayen,2
MissusZumwalt,devgru1980mi,1
MisterJImB_920,BigPoppaPringle,1
MisterJImB_920,DeathOfWrestlin,2
MisterJImB_920,IAmJericho,1
Mistress_Jan,EarlOfEnough,2
MistyGedlinske,MistyGedlinske,1
Mitanotec,kilmeade,2
MitchEverett2,FoxNews,2
Mjanzalone,AP,2
Mjanzalone,BBCBreaking,2
Mjanzalone,BobbyRosati,2
Mjanzalone,BusinessInsider,1
Mjanzalone,MeyersMusings,4
Mjanzalone,NPR,2
Mjanzalone,Reuters,2
Mjanzalone,cspan,2
Mjanzalone,propublica,2
MkPaxson,Hakeemx3,1
MkPaxson,RMGaustad,2
Mkendel17,AshaRangappa_,2
Mktmo_ap,ShultzEric,1
Mmac13Lady,MarkHamill,2
MoBreezy213,JamaalBowmanNY,1
MoBreezy213,LegislatorGashi,1
MoBreezy213,rafaelshimunov,2
MobILLionaire_,mymixtapez,1
Moe6660001,Acyn,1
Moe6660001,Funisfunfornow,1
Moe6660001,SusanWi31620743,2
Mohamed94361366,CMraffko,1
Mohamed94361366,imminent_news,2
MollRob1,padresfangirl,2
MollyWood328,MollyWood328,1
MollyWood328,OccupyDemocrats,2
MollyWood328,SperkinsOH,2
MollyWood328,markghost45,1
MomPerinyon,Urbanartist2,2
MomPerinyon,atrupar,2
MomPerinyon,lifetimetv,1
MonDiazMeekTV,KRBCnews,1
Mondakwe,Acyn,2
Mondakwe,JennaEllisEsq,1
Mondakwe,MattochM,1
Mondakwe,piyushmittal,2
MongoSlade64,Don_Quesadilla,3
MongoSlade64,_hanniba1_,6
MonicaMaldorad3,garci32,2
MonicaMaldorad3,zg4ever,1
MontanaDan30,TheJusticeDept,1
MontanaDan30,Ty___Webb,1
MontanaDan30,ckb702000,2
MontanaDan30,fncktheGOP,1
MontanaDan30,johnnysaygo,2
MontgomeryBook,BookBabyShop,1
MontgomeryBook,Jay_HorwitzPR,1
MontgomeryBook,baseballhall,1
MontgomeryBook,jeffpearlman,1
MontgomeryBook,martyappelnyy,1
MontgomeryBook,mcuddy23,1
MontyDavisKC,Nuce923,2
MontyDavisKC,RonFilipkowski,1
MooRandaa,Sydnert_,2
MoonShakeLA,ByronYork,1
MoonShakeLA,Hutchbunch1000,2
MoonShakeLA,Suzan999999,1
MoosepupJGR2019,GasBuddyGuy,2
MoosepupJGR2019,JoeyGaseRacing,2
MoosepupJGR2019,kylegriffin1,1
MoosepupJGR2019,momsresistnow,2
MootePoints,LineCreekBrew,1
MoralesInDenver,DenverGazette,1
MoreBoogirl2,JustMyOpinions4,2
MoreBoogirl2,SenSchumer,1
MoreBoogirl2,UrbanAchievr,2
MoreBoogirl2,thehill,1
MoreBoogirl2,timfris,1
MorganHutchiMD,JeffersonUniv,1
MorganHutchiMD,NBCPhiladelphia,1
MorganHutchiMD,RosemaryConnors,1
MorganWardNews,Local12,1
Morgan_Hughes,ChrisAitch_,2
MorissaSchwartz,JaniceHuff4ny,1
MorningHangover,MorningHangover,1
MorpheusDegen,MorpheusDegen,1
Mossquatch,AvenuePubNOLA,2
Mossquatch,diabsoule,1
Mostrim55,CBSMornings,1
MotherRiverZen,EthanObama,1
MotherSquid,AdamParkhomenko,1
MotherSquid,JAstford,1
MotherSquid,Lazulioness,2
MotherSquid,MichaelArt123,1
MotherSquid,NWsalmonwatcher,1
MotherSquid,jeffrey48402019,2
MotherSquid,mmfa,1
MotherSquid,ndrew_lawrence,1
MotherSquid,wordsanddeeds2,2
Mothernucker22,BetterCallSaul,1
Mothernucker22,CHEK_News,1
Mothernucker22,CHEK_media,1
Mothernucker22,DhaliwalSports,1
Mothernucker22,DonTaylor5,2
Mothernucker22,DonnieandDhali,1
Mothernucker22,RJHenderson7,1
Mothernucker22,TheBearFX,1
Mothernucker22,Yellowstone,1
Moviegino,heidenreiter,2
Mr410215,BdollChair,1
Mr410215,KKSharkey57,2
Mr410215,bubbaprog,1
Mr410215,pixiedust67,1
MrAddicted2Dirt,4DannySmith,1
MrAri4you,DonaldJTrumpJr,2
MrAri4you,RepMTG,2
MrBillySpicer,CNBC,1
MrCaryGC,FOX59,1
MrCaryGC,WISH_TV,1
MrCaryGC,wrtv,1
MrCbioteacher,MrCbioteacher,1
MrCbioteacher,mmpadellan,1
MrChasebooth,DAJustAsking,2
MrChasebooth,DMR1911,1
MrChasebooth,KaranoirN,1
MrChasebooth,LqLana,1
MrChasebooth,NW_StayDet,1
MrChasebooth,Road25th,1
MrChasebooth,Turner_1603,1
MrChasebooth,john_b_ill,1
MrChasebooth,original1ny,1
MrChasebooth,stillwaters_813,1
MrChrisBits,247Sports,1
MrDelicious13,MrDelicious13,1
MrDonnellyAZ,Jomboy_,2
MrEAnders,GaylyDreadful,1
MrEAnders,strangeharbors,2
MrEdwardsIsIn,CallyGingrich,2
MrEdwardsIsIn,MarshaBlackburn,2
MrEdwardsIsIn,newtgingrich,1
MrEschatologist,ChrisMurphyCT,1
MrFaith_OvrFear,msgreeneyes216,2
MrFarmahini,verge,1
MrGreen96385653,AndrewDCGE,8
MrGreen96385653,NancyEl35569650,2
MrGreen96385653,RepMTG,4
MrGreen96385653,SRSparks04,1
MrGreen96385653,atrupar,1
MrHart__,MrHart__,1
MrJack83032666,DemGovs,1
MrJack83032666,MeidasTouch,2
MrJack83032666,POTUS,1
MrJack83032666,mariana057,2
MrJoseArteaga,CoachBMidkiff,2
MrM278,BrosLog,1
MrM278,HausOfBerdo,1
MrM278,John_M_Clark,2
MrM278,JurassicParkTho,1
MrM278,MSNBC,1
MrM278,MatTheExBot,2
MrM278,parachiYT,1
MrM278,rafaeldiscorda,1
MrMagness,CNN,1
MrMattPatterson,T_FUTURIST,2
MrMattPatterson,cindyhelene,1
MrMostafles,ChrisCCH_,1
MrPresidentTy,CBSNews,1
MrProsserLISD,RYHTexas,1
MrRory,LeslieSeery,2
MrRory,Phil_Argenti,1
MrRyanBallard,coachmsoukup,1
MrRyanBallard,mbailey927,2
MrTJTurner,NikRettingerWI,1
MrTJTurner,Rick_Loughery,1
MrTimGrubbs,Bechtold5,1
MrTimGrubbs,StPaulSaints,1
MrTimGrubbs,WindSurgeICT,1
MrTimGrubbs,chrisw316,1
MrVickTattoo,blkwidowsx,1
MrWells2011,capitalweather,1
MrWells2011,spectee_news,4
MrWharton,WolfordAmelia,2
MrWorkrate,MrWorkrate,1
MrboomstickXL,BondSarah_Bond,1
MrboomstickXL,Colteastwood,1
MrboomstickXL,CrazyLuiGaming,1
MrboomstickXL,DoyleAndre,1
MrboomstickXL,FunSpeculation,1
MrboomstickXL,Icy_Thumbs,1
MrboomstickXL,Jedi_Beats_Tank,1
MrboomstickXL,JezCorden,1
MrboomstickXL,PlayStation,2
MrboomstickXL,PongSoul,1
MrboomstickXL,Rand_al_Thor_19,1
MrboomstickXL,Rotmm,1
MrboomstickXL,Spitfire_Spud,2
MrboomstickXL,Xbox,2
MrboomstickXL,XboxGamePass,1
MrboomstickXL,XboxJesus87,1
MrboomstickXL,XboxP3,1
MrboomstickXL,XcloudTimdog,1
MrboomstickXL,aarongreenberg,1
MrboomstickXL,majornelson,1
MrboomstickXL,mutha_one,1
MrbtfbRossi,OccupyDemocrats,2
MrbtfbRossi,Pebric1,4
MrbtfbRossi,Terryle57170741,2
MrbtfbRossi,ZeldaZink,2
MrbtfbRossi,escapemill,2
MrsFernandez77,KUTV2News,1
MrsRachelBison,CNMsocal,2
MrsRachelBison,HollyJMitchell,1
MrsRachelBison,SheilaKuehl,1
MsAmberChandler,kmclyons,1
MsCapone25,RealDLHughley,1
MsCapone25,billboard,1
MsR_Bmore,canva,1
MsSophiaLilly,fox35orlando,2
Ms_ShanahB,ABC,1
Ms_ShanahB,CBSNews,1
Ms_ShanahB,CNN,1
Ms_ShanahB,FoxNews,1
Ms_ShanahB,JaymalGreen,1
Ms_ShanahB,MSNBC,1
Ms_ShanahB,NBCNews,1
Ms_Sicily,SamSamDorf,2
Mschade2020,tedcruz,2
Msummerslowe,DrRobThompson,2
MtbHi,lospilares11,2
MuktaANC,ANC1A,2
MuktaANC,FRESHFARMCoHi,2
MuktaANC,Killmoenews1,2
MunroMcLaren,wcax,1
MurphAdams,TikotheShihTzu,2
MurrMarie,seanjamesdesign,2
MusicReviewer7,nytimes,1
Mustaine3651,Beardaknowledge,1
Mustaine3651,DSM_Media,2
Mustaine3651,cahtahhaht79,1
Mwilburn123,H_Grove,1
Mwilburn123,Lawlorbrendans,2
Mwilburn123,LurkerBored,2
Mwilburn123,Mwilburn123,1
Mwilburn123,TheStalwart,2
Mwilburn123,darreldrowland,1
Mx_Defying,Mx_Defying,1
MySwanson02,BeschlossDC,2
MyTop5Comics,SonicMovie,1
MylesPynchon,SFCGuild,1
MylesPynchon,dustingardiner,2
MylesPynchon,meganrcassidy,1
MylesPynchon,nhanson_reports,1
MylesPynchon,sfchronicle,1
Mynameisdhvl,jehanh4,2
Mynameisdhvl,kfranz2,1
Mynameisdhvl,nytimes,1
Mynameisdhvl,wadewoodworker,1
MysteriousJax,LASparks,1
MzShepardallday,Mike_55_Scott,2
N4JAW,W8TAU,2
NABJSports,MJAcostaTV,1
NAORCA12,Ocala_News,1
NCNewsWorks,JessicaHuseman,1
NCNewsWorks,VotebeatUS,1
NCNewsWorks,billthethird,1
NCNewsWorks,indyweek,1
NCNewsWorks,thewritefolks,1
NCalebWard,davidhuey,2
NClose13,YouTube,1
NDBThing1,FoxNews,1
NDBThing1,uihealthcare,2
NERDYXNiNJA,FT__Trading,2
NEUndead,clanhubgg,1
NEpats86,FoxNews,3
NEpats86,POTUS,1
NEpats86,prattprattpratt,1
NFBDallas,NFB_voice,1
NFLHatesCLE,ProFootballTalk,1
NFLHatesCLE,pragmatist2598,2
NG_NewGuy,CityRochesterNY,1
NG_NewGuy,News_8,6
NG_NewGuy,NorthWinton,1
NICMAG213,BLCKPRVLG,1
NICMAG213,DonaldR_DeChico,1
NICMAG213,MorrisGE3,2
NOLAFloods,LadyJustice6910,2
NOLAHistoryGuy,benestes,2
NPetallides,TDANetwork,1
NSACTION_US,AsmLuzRivas,1
NSACTION_US,BenAllenCA,1
NSACTION_US,CaWaterBoards,1
NSACTION_US,CherylAuger3,1
NSACTION_US,LAWaterkeeper,1
NSACTION_US,Novelis,1
NSACTION_US,PadleOutPlastic,2
NSACTION_US,SierraClubCA,1
NSACTION_US,WasteCounter,1
NSACTION_US,cawrecycles,1
NSACTION_US,greenpeaceusa,1
NSACTION_US,latimes,1
NSACTION_US,sacbee_news,1
NSurf904,ActionNewsJax,1
NSurf904,BooBoo_Thiccums,2
NSurf904,ByzGeneral,1
NSurf904,conzimp,2
NWFNole,CBSMornings,1
NWFoutdoors,southeast_ak_cc,1
NWV_MayorGregg,MrMow,1
NWV_MayorGregg,NG_NewGuy,2
NWV_MayorGregg,News_8,1
NWV_MayorGregg,NorthWinton,1
NWahlScouting,JaxonSmolik,2
NWahlScouting,PrepRedzoneIA,1
NYCFirm,NPR,2
NYCJulieNYC,AP,1
NYCKING,lentzadam533,2
NYCMagaGuy,BryanDBender,2
NYCMagaGuy,Jason,2
NYCMagaGuy,MaddowBlog,2
NYCMagaGuy,bgmasters,1
NYCMagaGuy,maddow,3
NYCsporty,SNYtv,1
NYGiantsRobert,EricTrump,1
NYIslandersFan,NYIslanders,1
NYIslandersFan,conti129,2
NYJets_SitRep,NYJets_MikeyJ,2
NYJets_SitRep,ZachWilson,4
NYJets_SitRep,jetstateofmind,2
NYJets_SitRep,nyjets,2
NYJets_SitRep,snyjets,1
NYScorpion22,BernardGoldberg,3
NYScorpion22,Liz_Cheney,1
NYScorpion22,NYScorpion22,3
NabilaKhawaja,fille__positive,1
Nacho__ONE,CreepsOne_,1
NadiaYChambers,LisaDNews,1
NadiaforNassau,NassauDemWomen,1
NadleyBryan,AmbJohnBolton,1
NadleyBryan,AndrewFeinberg,2
NanaRose2018,BECommander11,1
NanaRose2018,IngrahamAngle,2
NanaRose2018,fox,1
NanaSueSpeaks,RonFilipkowski,1
NanaSueSpeaks,TonyC_007,1
NanaSueSpeaks,jhwilber48,2
NancyJLevine,AmyDoghouse,1
NancyJLevine,StarofIslay,1
NancyK02781785,LisaMarieBoothe,2
NancyLa67838601,AriMelber,2
NancyLa67838601,GeorgeTakei,2
NancyLa67838601,Rwklein5,2
NancyLa67838601,euobs,3
NancyLa67838601,jensstoltenberg,2
NancyLa67838601,robreiner,2
NancyPluskis,ananavarro,2
Nanikins123,OccupyDemocrats,2
NanosauR,sfchronicle,1
NaplesBeachGuy,pnjaban,2
NaqiyFL,MikeBradleyMKE,1
NaqiyFL,PlanningAutumn,2
Nasdaq_Daniel,Mrsbigbanks_,2
NatalieBergman,Batgirl,1
NatalieHee,ShermanDesselle,1
NatalieforNC,MacksPower,1
NatalieforNC,kaylayoungforwv,2
NatashaPJones,Coach_Hauck,1
NatashaPJones,GrizCoachGreen,1
NatashaPJones,KeatonJ_3,1
NatashaPJones,MontanaGrizFB,1
NatashaPJones,SliterGage,2
NateGWalla,Yakima_Herald,3
NateHood257,MadKing1981,1
NateHood257,WONF4W,1
NathalieVeraTV,NAHJ,1
NathanDThompson,FOX23,1
NativeGeronimo,HuffPost,1
NativeGeronimo,marcorubio,1
NativeGeronimo,travisakers,2
NativeSonn,BretBaier,1
NativeSonn,JohnJHarwood,1
NativeSonn,KlasfeldReports,1
NativeSonn,TheLifeofSally,2
NavDan87,BinxBolling2021,2
NavDan87,GOP,1
NavDan87,KariLake,1
NavDan87,harrylitman,2
NavDan87,robreiner,1
NaylorFran,AtlCityBoy,2
NaylorFran,CorkYou,2
NaylorFran,FoxNews,2
NaylorFran,POTUS,1
NaylorFran,RepSwalwell,2
NaylorFran,ThomasJankow,2
NaylorFran,mikepompeo,1
Nbitcoinwetrust,Zozo_Robo,2
Nbitcoinwetrust,_TightenUp_,1
Nbitcoinwetrust,shenanigans052,1
Nbitcoinwetrust,stillgray,1
Ncreature29,DeeMeow3,1
NeaZyThePrince,ATLUncensored,1
NealPierson,SonnyBunch,2
NebraskaFreedom,ChrisDunkerLJS,2
NedaNews8,CBS8,4
NedaNews8,EppigBrewing,1
NedaNews8,SDBeerNews,1
NedaNews8,thinkchulavista,1
NeilRya27642087,GroverNorquist,2
Nell_BTP,Commanders,1
Nell_BTP,EricFlackTV,1
NellieAbigail,StevenBeschloss,2
NellieAbigail,kayleighmcenany,2
Neoavatara,Neoavatara,1
Neoavatara,StevenSingiser,2
Neoavatara,ZekeJMiller,1
Neoavatara,nytimes,1
NerdyAlh85,JuddWinick,1
NerdyAlh85,Philjimeneznyc,1
NerdyAlh85,georgepereznet,1
NerdyCyn,colbertlateshow,1
NestElliott,RepSwalwell,2
NeuseNews,BJMurphy360,1
NeuseNews,neusenewssports,2
NewJerseyIsrael,GovMurphy,1
NewJerseyIsrael,NJGov,1
NewMurphyLaw,JortsTheCat,2
NewsFletch,AP,1
NewsGuyGreg,NEWS,2
NewsGuyGreg,Tudd_Gurley,4
NewsJValencia,AshleyFosterTV,1
NewsProvidence,wpro,1
NiaBender,spectee_news,4
NiaBender,y,2
NialaBoodhoo,axios,1
NialaBoodhoo,sarafischer,1
NicBrentUKCG,UKinFlorida,2
NicBrentUKCG,karlbrent,1
NicRossCin,FloGrappling,2
NiceDrewishFela,FoxNews,6
NicholsPrez,Nichols_College,1
NicholsPrez,SpecNews1Worc,1
NicholsPrez,WBJournal,1
NicholsPrez,telegramdotcom,1
NicholsPrez,townofdudley,1
Nick1112,AriFleischer,2
NickCarboniWCNC,BenStandig,1
NickDianni,IFTVofficial,1
NickDod36229433,ShortDaPos,2
NickLongrich,NickLongrich,1
NickLongrich,dctrjack,1
NickP9927,bennyjohnson,2
NickWRDW,CamGaskinsTV,2
NickWRDW,WBTV_News,1
Nick_Mingo,TheIrishOBrien,2
Nick__grafton,HotFreestyle,1
Nicodemooo,ChelseaFC,1
NicolaMac,FirstTechFed,2
NicolaMac,amandabennett72,2
NicoleC90333827,bts_bighit,1
NicoleC90333827,nyaguthu,2
NicoleC90333827,sceneryfortae,1
NicoleC90333827,sheokjinnies,1
NicoleZiege,PCMyrtleBeach,2
NikoMejia6,RepSwalwell,1
NikoSoSuavee,JosephAHastings,1
NikolayTachSci,OracleNoSQL,1
NikolayTachSci,dbeaver_news,2
NikolayTachSci,oraclesqlcl,1
NikolayTachSci,pgconfnyc,1
NikolayTachSci,shipilev,1
NikolayTachSci,thatjeffsmith,1
NimbusHex,Windows,1
NimerSports,VGKHatGirlLogan,1
NimerSports,m_dan25,1
NinaForPLACE,__JimEyre__,1
NinoBrown_T2T,BrookeKromer,2
NinoBrown_T2T,TheDraftNetwork,1
NinoBrown_T2T,ToiletsToTitles,1
NisewongerAV,LuPlayground,1
NisewongerAV,UNG_News,1
NiseyDsk,APFactCheck,1
NiseyDsk,MarshaBlackburn,1
NiseyDsk,OUFootball2008,2
NiseyDsk,Scottreadsbooks,1
NiseyDsk,funtapaz,2
NishScott_Ham,WSJ,1
NjCynthia,OmarRiverosays,2
NkosiDwight,AtlantaHawksSN,2
NoLimitsCharter,DwayneMcguire3,2
NoMoreCursive,nflrums,2
NoRightWing,DarylJay62,1
NoRightWing,joncoopertweets,1
NoRightWing,jonsabbah,2
NoShameInKC,Always,1
NoShameInKC,Walmart,1
NoWaveCoffee,SFGate,1
NoahGG01,craziestdoes,2
NobdyPrayin4me,JoyTaylorTalks,1
NolAguys,WWLTV,1
NolAguys,_ipno_,1
NomadTommyb,InfamousLucia,2
NomadTommyb,cj_wentz,1
NomadicDivision,NomadicDivision,1
NomadicProle,brithume,2
NomadicProle,seanhannity,2
Nombe,IGD_News,2
Nombe,Slingshotnews,1
Nombe,TANCBay,1
Nombe,defendppark,1
Nombe,threadreaderapp,1
Noone86595893,TheInsiderPaper,2
NoraFarr,POTUS,1
NoraFarr,VP,1
Noriega_Edith,CDRadnovich,1
NormaNjean1219,Emsrsue,1
NormaNjean1219,MalBJones,1
NormaNjean1219,YouTube,1
NormaNjean1219,jpavlovic801,1
NormaNjean1219,stefaniemkenyon,1
Norris1870Frank,AnnaWintour4,1
NortonNyc,57GoldTopLP,3
NortonNyc,ChandraLondenb1,2
NortonNyc,FruitKace,2
NortonNyc,GEORGE1984WELL1,4
NortonNyc,JawnMeme,3
NortonNyc,MariaEastCoast6,1
NortonNyc,NortonNyc,1
NortonNyc,RickBeyer2,4
NortonNyc,catturd2,4
NorwoodJohn,Norwood4Iowa,1
NotAnExpert_but,kilmeade,1
NotDaveJohnson,seanhannity,1
NotherBrother,HannahEBeachler,2
NotherBrother,WeekesPrincess,1
NotoriousRGA,6thandjumppod,1
NotoriousRGA,TMZ,1
Nowist,IngrahamAngle,1
Nowist,atrupar,1
Nowist,jkbjournalist,2
Noz8504,DustinNosler,1
NurseKortney,unrooolie,2
NycPotus,AVindman,1
Nycrocks4,AnnyB1021,1
Nycrocks4,FluffyHogwash4,2
Nycrocks4,RepMTG,3
NyeTraining,TristanSnell,4
OBgynFl,CryptoTalkDisco,2
OBgynFl,safemoon,1
OCLadyHawk,CBSMornings,1
OCLadyHawk,CheezieBreezie,1
OCLadyHawk,hansonmusic,1
ODB_36,NotShakur,2
ODUMonarchists,OldRowViral,1
OD_Howe,OD_Howe,1
OKCNightCourt,NEWS9,1
OKMallen,EladNehorai,1
OMAHAGEMGIRL,SymoneDSanders,1
OPerkel,Deb61397511,1
OPerkel,OPerkel,1
OPerkel,chrisherstam,1
OUFootballfan85,shesforRussy,2
OWhru,chicagosmayor,2
Obillionz_,YouTube,1
Obillionz_,ugoswift,2
OcarDavid,AGEllison,1
OcarDavid,BradFinstad,1
OcarDavid,CathyWurzer,1
OcarDavid,GovTimWalz,1
OcarDavid,JimForMN,1
OcarDavid,MPRnews,1
OcarDavid,MPRsMikeMulcahy,1
OcarDavid,SouthernMN4Jeff,1
OcarDavid,Stowydad,1
OcarDavid,drscottjensen,1
OcarDavid,gretch_brown,2
OddswithGOP,AriMelber,2
OddswithGOP,innominate67,2
OdetteDunn,swc_news,1
OdetteDunn,thinkchulavista,1
OdieLisa,Ciree20,2
OdieLisa,DanJKroll,1
OdieLisa,RiversMama,1
OdraNoel43,RonFilipkowski,2
OeiJustin,Amtrak,1
OfeliasHeaven,YouTube,1
Official_ACG,ShamsCharania,1
Official_ACG,Stadium,1
Official_ACG,TheAthletic,1
Official_ACG,sell_dalton,2
OfficiallyAKB,Jimbeck31840340,2
OhItsRyan,andrewcuomo,1
OhLahMeAhMeGo,MSNBC,3
OhLahMeAhMeGo,Microsoft,2
OhLahMeAhMeGo,NewsGuardRating,2
OhLahMeAhMeGo,anthonyLfisher,2
OhLahMeAhMeGo,dailybeast,1
OhioGoombah,ethan_kraft,1
Okanlami,NCAA,1
Okanlami,UMich,1
Okanlami,USOPC_News,1
Okanlami,umadaptive,1
Okanlami,usta,1
OldSkuleNerd,Saltatio,1
OldSkuleNerd,YouTube,1
OldSkuleNerd,malevolence,1
Old_Orleans,tomsmithfood,1
Old_Orleans,twatson,1
OldeHippieDude,brithume,2
Olive_Branch23,ReecieColbert,1
OliverStrawhat,OliverStrawhat,1
OliverStrawhat,cfarivar,1
OliviaAnne,scarylawyerguy,1
OliviaSmith723,ABC,1
OliviaSofiaGram,duty2warn,2
OliviaSofiaGram,magsmom7,1
OliviaSofiaGram,typo_cat,2
Omagic49,RepMTG,2
Omaha_Tiger,CarolsCloset,2
Omaha_Tiger,LennyDykstra,1
Omaha_Tiger,TimRunsHisMouth,1
OnAirWithJD,ROCK927CORPUS,1
OnAirWithRick,Jordan14News,1
OnThe7thDay21,ColinCowherd,1
OneAndOnlyJLaw,GioThePodcaster,2
OneAndOnlyJLaw,ShannonAlgarin,2
OneAndOnlyJLaw,TroyBilt,1
OnlyChrisGrant,KyrieIrving,1
OpenBibleOverc1,OpenBibleOverc1,1
OpenWheelDoug,ParettaSport,2
Opposed_to_Cool,MarshaBlackburn,2
OrcuttCameron,WSJ,1
OrdeverLA,AJEnglish,1
OrdeverLA,BettyMcCollum04,2
OregonPioneer,OregonPioneer,1
OriGamiFreePoem,Happydog___,1
OrsonJr,Britt19966,2
OrvinJames,eliehonig,2
OrvinJames,stuartpstevens,2
Oscar09729975,JoJoFromJerz,1
Oscar09729975,OccupyDemocrats,1
Othafa_Atgbbtg,MarkietheFett,1
Othafa_Atgbbtg,SamanthaTaghoy,2
OtisBRickman,handsnotmitts,2
OurEarn,CNN,1
OurEarn,MSNBC,1
OurEarn,StopAntisemites,1
Outlawmule1,DefSue3,1
Outlawmule1,SPepper1964,2
OuttaPocketBlu,KingJosiah54,1
OvertonSFC,miller2275,2
OvrwrkdGoddess,atrupar,1
OvrwrkdGoddess,googlenews,1
OvrwrkdGoddess,oncerepublican,2
OwenMcHugh21,JoeyDoherty11,1
OxfordPolice,Kristiburns82,1
P8ntgal,kilmeade,2
PASTORNATECOX,DukeU,1
PASTORNATECOX,NCStateAlumni,1
PASTORNATECOX,SAU_News,1
PASTORNATECOX,ShawUniversity,1
PASTORNATECOX,uncchapelhill,1
PBondIdaho,RealABundy,1
PBondIdaho,_macr88_,2
PCSSafetyAlerts,JoJoFromJerz,1
PDX_DianeS,TheRickWilson,2
PFennen,RepStefanik,2
PFennen,scrowder,2
PGrivasMDPhD,BhatiaS_MD,1
PGrivasMDPhD,OncoAlert,1
PGrivasMDPhD,binayshah,2
PGrivasMDPhD,btfoundation,1
PHNX_SunDevils,Anthony_Totri,1
PHNX_SunDevils,shanedieff,1
PHNX_SunDevils,shawn_depaz,1
PJ82098,PJ82098,1
PJ82098,waltertown,1
PJ_Keegan247,WTEN,1
PJ_Keegan247,jennseeligtv,1
PJalihal,MaheshS_Wali,1
PJalihal,RafaelNadalGOAT,2
PJalihal,RamakrishnaEra1,2
PMoutis,DrChrisClack,2
PNWBills,BetoORourke,1
PNWBills,BuffaloBills,1
PNWBills,GG_boatman,2
PNWBills,JoshAllenQB,1
PNWBills,Owlallowit,1
PNWBills,Pitathecat123,1
PNWBills,TheFeelzRfake,2
PNWBills,Variety,1
PNWBills,_MrSquall,2
PNorm1940,AWeissmann_,2
PNorm1940,davidhogg111,2
PRFR_43,69News,1
PRFR_43,CourierTimes,1
PRFR_43,DailyDispatch,1
PRFR_43,FireRescue1,1
PRICEboy13,MetMcGiffin,1
PRICEboy13,StephenIgoe,1
PRWickedFan,BazBam,2
PRWickedFan,sentmenpod,1
PRWickedFan,spillane_johnie,1
PRWickedFan,victoriaedel,2
PRWickedFan,wickedmovie,1
PSBaseballinc,5StarMASELECT,1
PSBaseballinc,Banditsball,1
PSBaseballinc,BaseballUPA,1
PSBaseballinc,CHRecruitingHub,1
PSBaseballinc,DMVProspectsBSB,1
PSBaseballinc,DcpShowcase,1
PSBaseballinc,PrimeTimeBSBLL,1
PSBaseballinc,cgofpa,1
PSBaseballinc,njrisingrebels,1
PSNkingpsyz,CashApp,1
PSYIFINOTlC,Shanemgillis,2
PULSE_SHANE420,BobbieHexNews,1
PULSE_SHANE420,QuatroCincoNews,2
PULSE_SHANE420,RichardHeartWin,2
PULSE_SHANE420,YouTube,1
PULSE_SHANE420,catecoin,2
PULSE_SHANE420,theRealKiyosaki,1
P_J_Buckhaults,HHSGov,1
P_J_Buckhaults,blu3r4d0n,2
P_M_Cu,RolandGunnTN,2
P_Sarley,TMZ,1
PaWhitedove58,WBTV_News,2
PabloReports,Majidphd,1
PabloReports,Mediaite,1
PabloReports,aidaa04584244,2
PackyFeiereisen,Alexistaex,1
PackyFeiereisen,KimoraQuin,1
PackyFeiereisen,adulttime_news,2
PadresWes,BenAndWoods,1
PalBuffalo,BPDAlerts,1
PalBuffalo,IH_news,2
PalBuffalo,RCWJRF,1
Paleowin,jfmclaughlin92,2
Palice1919,GeraldoRivera,1
Palice1919,IPFreeley6,1
Palice1919,Lil_Strength,2
PamF_Twitt,Brenda_Resister,1
PamF_Twitt,CastelliMatt,1
PamF_Twitt,upstate_farmer,2
PamHoff20996405,GrandShiner,2
PamalaDalrympl2,VP,1
PamalaDalrympl2,burros_david,2
PamalaDalrympl2,tedcruz,1
PamelaMEYERSCA1,IngrahamAngle,2
Pankaj98802466,longliveyakuza,2
PanthersOnTap,daringantt,1
PapaJohnJudy,hemantmehta,1
PapaLou79,vicky_brogan,2
PapaStoneTree,CEOAdam,1
PapiAndretti,mattswider,1
PapiChulo817,brittneygriner,1
PappasAlec,SlicinHammer,2
ParedesH2OPolo,FallbrookUHSD,1
ParedesH2OPolo,fallbrookwater,2
Parkdes,AmericanLadyDE,2
Parkdes,JackPosobiec,1
ParkerHamlett,Gcarmi21,2
Parth4lyfe,RonFilipkowski,1
Passandres,tomashirsch,1
PatCorc2019,duty2warn,2
PatJonesTweets,turfnet,2
PatNation15,DRFGrening,2
PatNation15,PCMckenna,2
PatNation15,TheNYRA,1
PatYaden,TulsiGabbard,1
Patbeagan,CNBC,1
PatekWaterBndr,CultureCrave,1
PatelESPN,DallasWings,1
PatiKRoll11,OccupyDemocrats,1
PatiKRoll11,OutdoorMusician,1
PatiKRoll11,PressSec,1
PatiKRoll11,pluto_bro,1
PatiKRoll11,steve_wuerl,2
Patricezzg2,Adrian3204248L,1
Patricezzg2,MackOQuinn1,2
Patricezzg2,MrAndyNgo,3
Patricezzg2,RitaPanahi,1
Patricezzg2,SACNSNew,1
Patrici02643301,EmmyBear_LabLuv,2
Patrici20765403,POTUS,1
Patrici20765403,aliasvaughn,1
Patrici59479317,ChiefNatali,1
Patrici59479317,Heathermurphys3,2
Patrici59479317,Hundeschnute,1
Patrici59479317,JamesCo73569661,1
Patrici59479317,PaulStanleyLive,1
Patrici59479317,dphipps1967,1
Patrici84603208,TristanSnell,2
Patrick46481680,OccupyDemocrats,2
PatrickBMin,AutoPacific,2
PatrickBMin,Automotive_News,1
PatrickBMin,MercedesBenz,1
PatrickBMin,ekimap,1
PatrickEagles15,couldbexav,2
PatrickJDoody,GOP,2
PatrickJDoody,GOPChairwoman,1
PatrickJDoody,Missus_Massacre,2
PatrickJDoody,scrowder,1
PatrickMoorhead,311,1
PatrickMoorhead,ALTERforATX,2
PatrickMoorhead,ATX_311,2
PatrickMoorhead,Austin_Police,2
PatrickMoorhead,CeliaIsrael,2
PatrickMoorhead,Chief_Chacon,2
PatrickMoorhead,D6ATX,1
PatrickMoorhead,DGTCAttorney,2
PatrickMoorhead,DowntownATXInfo,2
PatrickMoorhead,GovAbbott,2
PatrickMoorhead,GregCasar,2
PatrickMoorhead,JSM_ATX,2
PatrickMoorhead,JayLynn66873225,1
PatrickMoorhead,JosePGarza,2
PatrickMoorhead,KVUE,1
PatrickMoorhead,KXAN_News,3
PatrickMoorhead,KirkPWatson,2
PatrickMoorhead,MattMackowiak,1
PatrickMoorhead,MayorAdler,2
PatrickMoorhead,Menendez4Texas,2
PatrickMoorhead,NatashaD1atx,2
PatrickMoorhead,POTUS,2
PatrickMoorhead,PaigeForAustin,2
PatrickMoorhead,PatrickMoorhead,1
PatrickMoorhead,RemadnaKXAN,2
PatrickMoorhead,SaveATXNowPAC,2
PatrickMoorhead,SaveAustinNow,2
PatrickMoorhead,ShellenbergerMD,2
PatrickMoorhead,TxDOTAustin,1
PatrickMoorhead,VanJones68,2
PatrickMoorhead,VanessaForATX,2
PatrickMoorhead,austintexasgov,1
PatrickMoorhead,bladevine,2
PatrickMoorhead,dallaslatina,2
PatrickMoorhead,fox7austin,1
PatrickMoorhead,kathietovo,2
PatrickMoorhead,mkelly007,1
PatrickMoorhead,saveaustintx,3
PatrickMoorhead,yourminuteisup,3
PatrickSanford1,ABC,1
PatrickSanford1,BeschlossDC,2
PatrickSanford1,HalSparks,2
PatrickSanford1,nflrums,2
PatrickSvitek,BusinessInsider,1
PatrickSvitek,RepCuellar,1
Patrick_Pryor,Patrick_Pryor,1
Patrickposting,jakeadelstein,1
PatrikNohe,TKras,2
PatriotPalmsAZ,AngelEyesNYC,2
PatriotPalmsAZ,Emywinst,1
PatriotPalmsAZ,TimRunsHisMouth,1
PatriotPalmsAZ,egjustice01,2
PatriotPalmsAZ,kailkolby77,1
PatriotPalmsAZ,onlyforgreys69,1
PatriotPalmsAZ,townpres,1
PatriotismWorks,FoxNews,2
PatriotismWorks,JessicaTarlov,1
PatriotismWorks,KatTimpf,1
PatriotsProShop,A_Casual_Fan,2
PatriotsProShop,NERevolution,1
PatriotsProShop,beardyyy,1
PatsFan_Mike,FitzyGFY,1
Patsyastrid,tribelaw,1
PattyBriteKline,4HumanUnity,1
PattyBriteKline,ButtersKatz,1
PattyBriteKline,CuriousYummies,1
PattyBriteKline,FMH49962127,1
PattyBriteKline,GovRonDeSantis,1
PattyBriteKline,Mary1Kathy,1
PattyBriteKline,Rachel1964Alva,2
PattyBriteKline,RalphBerriosMo1,2
PattyBriteKline,RcRegalstarfire,1
PattyBriteKline,Rickself27gmai1,1
PattyBriteKline,Ruspugs2,1
PattyBriteKline,ScottHoertz,1
PattyBriteKline,TRUESAY14,4
PattyBriteKline,Talyn777,1
PattyBriteKline,beachlifelinda1,1
PattyBriteKline,blockingbots,1
PattyBriteKline,kathy_threm,1
PattyBriteKline,katibug817,1
PattyBriteKline,lisasmith1150,1
PattyCJ,BrendanBuck,2
PattyCJ,Jezebel,2
PattyChocMilk,RonFilipkowski,2
PattyChocMilk,kilmeade,2
Pau1Green__,Panthers,2
Pau1Green__,daringantt,2
PaulDelano72,AaronParnas,2
PaulGaleNetwork,TMNT,2
PaulJacobsMedia,BarbMcQuade,1
PaulJacobsMedia,FBI,1
PaulJacobsMedia,JillWineBanks,1
PaulJacobsMedia,JoyceWhiteVance,1
PaulJacobsMedia,kilmeade,2
PaulKingsley7,GatesPolice,1
PaulKingsley7,IrondequoitPD,1
PaulKingsley7,LaRon4Congress,1
PaulKingsley7,RochesterNYPD,1
PaulKingsley7,monroesheriffny,1
PaulKingsley7,nyspolice,1
PaulKolyer,BaddCompani,1
PaulKolyer,ICIJorg,2
PaulKolyer,PaulKolyer,1
PaulLascheck,espn,1
PaulMBanks,AlexUlyssesThor,1
PaulPursel2,OccupyDemocrats,2
PaulScheper,latsondheimer,1
PaulScheper,ttannerwilliams,2
PaulSwangard,BillSpaulding,1
PaulSwangard,MSGNetworks,1
PaulSwangard,NewhouseSU,1
PaulSwangard,SyracuseU,1
PaulWil32412994,DanRather,2
PaulaPedene,Veterans,1
Pauletteaz2,FoxNews,1
Pauletteaz2,thedailybeast,1
Paulie_Z_2130,YankeeSource,2
PaytonDomschke,DMKerka,2
PaytonDomschke,Isabel_News,2
PaytonDomschke,JackFrostDonuts,1
PaytonDomschke,WestSideMarket,1
PaytonDomschke,wkyc,1
PaytonHargrove,Mets,1
PeaceOverHate_,GOP,2
Peanutz1959,RexChapman,2
Peep661,whitetiger0203,2
PeggiLane,TerryMcAuliffe,2
Peggikaye,Peggikaye,1
PeggySemingson,mavdiningUTA,1
PennQuarter,theharpoonman,2
Perez1oj,alexmiddlewood,2
PerfectDell,TheHumblHuligan,1
Pestilence1,Tai__5,2
Pestilence1,Walmart,1
PeteGamboa7,MonicaCrowley,1
PeteGamboa7,laurenboebert,1
PeteGamboa7,thetonymichaels,1
PeteJolicoeur,new_cheats_news,2
PeteLeeUs,PeteLeeUs,1
PeteMarek,playhousesquare,1
PeteSkerritt,PeteSkerritt,1
Pete_Geller,AK_Chick,2
Pete_Geller,CONTEMPRA_INN,1
Pete_Geller,JordanSBrock,1
Pete_Geller,Monroesmydog,2
Pete_Geller,NormaNjean1219,2
Pete_Geller,Pete_Geller,1
Pete_Geller,cafesoule720,1
Pete_Geller,gomer2323,1
Pete_Geller,tbentley08,1
PeterCSmith4,ErinBurnett,1
PeterFonseca,BarstoolBigCat,2
PeterFonseca,FatZack_27,2
PeterFonseca,whtevrdude71,2
PeterHokie,Li6ertyFan,1
PeterHokie,WAVY_News,1
PeterHokie,dmclain81,1
PeterHokie,lynn66789891,2
PeterHotez,PeterHotez,1
PeterMy08300686,Texas_jeep__guy,2
PeterSchorschFL,GovRonDeSantis,1
PeterSchorschFL,PeterSchorschFL,1
PeterSchorschFL,WaltDisneyCo,1
PeterTC123,LynnwoodTimes,1
Peteyandpetee,JuliaDavisNews,1
Peteyandpetee,NicePeopleBlow,2
PettyassRob,Air_drop_News,2
PettyassRob,EvmosGuardians,1
Peytonciana,JakeWiederrich,1
Phangraphs,ExTwinsNews,1
Pheg90mn3,Death_Bow,1
Pheg90mn3,Strandjunker,2
PhilCredible,Smith4Gm,2
PhilCredible,TheRealDoom_Guy,1
PhilCredible,commanders_win,1
PhilKuemmel11,Brewers,1
PhilPassen,AZ_Brittney,2
PhilSto49697189,Emilee_Fannon,2
Philco78,OHIOMFG,1
Philco78,ThatBoysGood,2
PhilipGentileJ1,Joeiscool1981,2
PhilipGentileJ1,News_Dr252,6
PhilipGreenspun,POTUS,2
PhilipReichert,GovRonDeSantis,1
Phill_Edward,CBSNews,1
Phill_Edward,Shark_Trader21,2
PhillyPartTwo,MarkFusetti,1
PhillyPartTwo,PhillyCrimeUpd,1
PhillyPartTwo,ariesbabe,2
PhillyPartTwo,retiredPhlADA,1
PhillySB52TD,POTUS,2
PhishatDicks,ReaganFunFact,1
PhoenixStar73,OTW_News,1
PhoenixStar73,PhoenixStar73,1
PhoenixStar73,fic_tional,1
Phost3,GOP,1
Phost3,KisoneG,2
Phost3,MiamiFins2x,1
Phost3,POTUS,2
Phost3,TheCItizenist,2
Phost3,joncoopertweets,1
Phost3,my,1
PhotoZorn_FOX5,BrittanyEdney,1
PhotoZorn_FOX5,ClaytonCountyPD,1
PhotoZorn_FOX5,FOX5Atlanta,1
PhotonEmpress,dpoddolphinpro,1
PhreshPrince_9,notcapnamerica,1
PhyddleDD,FoxNews,1
PhyddleDD,FriendlyBobA,2
PhyddleDD,LebergerDavid,1
PhyddleDD,cspanwj,1
PhyddleDD,noco543,2
PhyddleDD,seanhannity,1
PhyddleDD,steinhauserNH1,1
PhyllisMBell,Twitter,1
PhyllisMBell,YouTube,1
PicassoCharts,BBCWorld,1
PicassoCharts,TheEconomist,1
PictureArchitek,FoxNews,1
PictureArchitek,TulsiGabbard,3
PictureArchitek,shawna_burley,1
PictureArchitek,token_G,2
PictureMane,abughazalehkat,1
PierreCiric,ABC,2
PilarSuarezRdz,deniseramosm,2
PilarSuarezRdz,maguilard1,1
PimBarnett1,MPLSKerrBear,2
PimBarnett1,Spawn_03,1
Pincelrare,newsmax,1
Pincelrare,theonly1Avenger,2
PinkSeatsPod,502Circle,1
Pinkmingocomics,AGramuglia,2
PiperCutch,ABCWorldNews,1
PiperCutch,CBSNews,1
PiperCutch,FoxNews,1
PiperCutch,NBCNews,1
PiperCutch,chucktodd,1
PipesKent,joncoopertweets,1
PiracyGay,jenspirko,1
Pirula1315,01ota,1
Pirula1315,joekent16jan19,1
PistolPeterOSU,OU_CoachGundy,1
Pistol_Danger,NewWave_Pro,1
Pistol_Danger,Pistol_Danger,1
PitlaneParley,ParettaSport,1
PizonChristine,JoeBiden,1
PizonChristine,latstetter,2
PlaschT,Acyn,1
PlateKnight,marca,1
PlatinumGroves,12News,1
PlayersChicago,ChicagoBears,1
PlayersChicago,chicagobulls,1
PlayersChicago,chicagosky,1
PlayersChicago,whitesox,1
PoSt0nerDegen,ABC,1
PoSt0nerDegen,BillTheCat1984,1
PoSt0nerDegen,TheDesertDaddy,2
PoSt0nerDegen,womensmarch,1
PoetAEHines,kenharvey27,1
PoeticLicencedk,Communigirl,2
PoeticLicencedk,Goldnmyear,1
PoeticLicencedk,JunksRadio,1
PoeticLicencedk,KevinMcCarthyTV,1
PoeticLicencedk,NatashaBertrand,2
PoeticLicencedk,RanchHand0351,2
PoeticLicencedk,Wynnner,2
PoeticLicencedk,daithaigilbert,1
PoeticLicencedk,jmvasquez1974,2
PoeticLicencedk,neilhimself,1
PoeticLicencedk,theblackhanders,2
PoliticalPrada,UnitedAirlines,1
PoliticalUte76,AP,1
PoliticalUte76,jdjh237,1
PoliticalUte76,sltrib,1
PoliticalUte76,utahhumane,1
PoliticsFan10,adfontesmedia,1
PoliticsFan10,yukipm75,2
Politidope,DrOz,1
Politidope,TheRiddler1975,2
Polyglot_Noah,GreenPartyofPA,1
Polyglot_Noah,JoeSoloski,1
Polyglot_Noah,JoshShapiroPA,1
Polyglot_Noah,KeystoneofPA,1
Polyglot_Noah,LPPAorg,1
Polyglot_Noah,PKforPA,1
Polyglot_Noah,SenMastriano,1
Polyglot_Noah,matthackenburg,1
PopBytes,PopBytes,1
PopUpPolitics1,PopUpPolitics1,3
PortPowerAZ,sacbee_news,2
PorterfieldNews,CBS58,1
PositivEeinergy,CocoGauff,1
PositivEeinergy,serenawilliams,1
PositivelyBrie,NABJ,2
PositivelyBrie,NAHJ,1
PositivelyBrie,PressSec,1
Post559,news_gazette,1
PotroRob,Archie_Watson,1
PotroRob,HambletonRacing,1
PotroRob,HollieDoyle1,2
PotroRob,Tattersalls1766,2
PotroRob,salisburyraces,3
Pparisi515,JetsWayPodcast,2
PrairiePete949,77WABCradio,2
PrairieReportOU,markaduck,1
PraisEluJAH,ComedyHype_,2
PraisEluJAH,IAmSymphonyT,2
PrellersBurner,DaveySports98,2
Premierfpllc,RenoFireDept,1
Preno415,thevivafrei,1
PresLexRockets,JohnnyKaneTV,1
PresLexRockets,dclynick66,2
PresLexRockets,tigers,1
PresidentAANP,AANP_NEWS,9
PresidentAANP,BlancoChristin,1
PresidentAANP,DrPeckPNP,3
PresidentAANP,FrankManoleNP,1
PresidentAANP,JuliaNPAdvocate,1
PresidentAANP,KansasKAPN,3
PresidentAANP,MercerYou,1
PresidentAANP,PresidentAANP,1
PresidentAANP,RichardRicciar3,1
PresidentAANP,RitaDAoust,1
PresidentAANP,StephenNP,4
PresidentAANP,VACNP,2
PresidentAANP,Valerie_PhD_DNP,1
PresidentAANP,arlene_awright,1
PresidentAANP,dcassarino,1
PresidentAANP,elisatalk,1
PresidentAANP,kathleenhaycraf,1
PrettyRikki,angelayee,1
Prettybresmiles,elcavaqueen,1
Prettybresmiles,giftofjab,2
PrezHands,CalCommColleges,2
PrezHands,daisygonzales,2
PrezyPrez,MrVicBam,1
Primejodytime,Acyn,1
Primejodytime,JesseBWatters,1
Princes81131880,Kathy4Truth,1
Princes81131880,Worked2TheBone,2
PrincipalSedil1,JamesDYodice,2
PrincipalTam,AMPalestine,1
PrincipalTam,KareemY94,1
PrincipalTam,Monadel,2
PrincipalTam,SFUnified,1
PrincipalTam,WijdanMasr,1
PrincipalTam,aaanmarkaz,1
PrincipalTam,judebarakat,1
PrincipalTam,shatnawiyasar1,1
PrincipalTam,wafaO_Ahmed,1
PrintTheBest1,kann_news,2
PrintTheBest1,yaara_shapira,1
Privlidge,DrJasonJohnson,1
Privlidge,MSNBC,1
Privlidge,TheReidReport,1
ProFootballDoc,AaronWilson_NFL,2
ProFootballDoc,BenVolin,2
ProFootballDoc,MiamiDolphins,1
ProFootballDoc,OldTakesExposed,1
ProFootballDoc,PFN365,1
ProFootballDoc,RichCimini,1
ProFootballDoc,SICscore,2
ProLifeLGBTQ,ProLifeLGBTQ,1
ProcReg,vandy_62,2
ProducerBlack,ChangLegacy,2
ProfChrisMJones,KarlShuve,2
ProfJsonBostick,CNN,1
ProfJsonBostick,MSNBC,1
ProfJsonBostick,MaddowBlog,1
ProfJsonBostick,nytimes,1
ProfessorCanine,richardmarx,2
ProgressiveTex,FoxNews,2
Prospects1500,Eric_Birdland,1
Prospects1500,RyanJames5,1
Prospects1500,masnRoch,1
Psizzle22684,atrupar,1
Psizzle22684,nyjets,1
PsychoAape,ApeLiquidio,1
PsychoAape,AzukiApeSC,1
PsychoAape,aleph0ne,1
PsychoAape,billlion2022,2
Ptespottedbird,KristiNoem,2
Pub_Discourse,GOP,1
Pub_Discourse,nytimes,1
PublicHealthRx,FDA,1
PullinDaryl,TimRunsHisMouth,2
PumaBaker,sightseer_unyil,2
PureBlarney,PhillyInquirer,2
PureExotic,GrainGuy84,2
PureExotic,Jake0458,1
PureExotic,rickdamico123,1
PuroPincheSA,Joeycules,2
PurpleHeartMark,oldmanebro,2
PutaSpice69,PutaSpice69,1
PwaniYouth,BBCBreaking,1
PwaniYouth,Clint_ndege,1
PwaniYouth,IEBCKenya,1
PwaniYouth,NYC_YouthVoice,1
PwaniYouth,PwaniYouth,1
PwaniYouth,UzalendoI,1
PwaniYouth,YEDNetworkKe,1
PwaniYouth,amnesty,1
PwaniYouth,siasaplace,1
PxPKibbyMatt,PxPKibbyMatt,3
PxPKibbyMatt,TBMento,1
PxPKibbyMatt,karlwinter23,1
QAYUM1950,YouTube,3
QBCoach22,AlphonsoFreeney,1
QBCoach22,PascoPirates_FB,1
QBWinsRnotAstat,krd471,2
QDuddly,NBCNightlyNews,1
QDuddly,NormanCharles66,2
QFTP,BBCWorld,2
QFTP,KhalilA44656451,2
QFTP,Sir_Keef,2
QFTP,hzomlot,3
QHTown,HooliganPeanut,2
QMcCrayWFTV,BrianWFTV,1
QMcCrayWFTV,WFTV,1
QboweTakes,HunterCollect_,1
QboweTakes,marvel_updat3s,2
QnsBPRichards,fox5ny,1
QuaintMelissaK,kwqcnews,1
QualityBob,RonFilipkowski,2
QualityBob,TheLeoTerrell,2
QuarkSpin,ABC,1
Queen1Rocker,laurenboebert,2
QueenBarbaraB,LisaGinKC,1
QueenEggedGod,Bandllama,2
QueenJAMES2you,itsmontyj,1
QuestFanning,AP4Liberty,1
QuestFanning,KWOSNewsRadio,1
QuestFanning,QuestFanning,1
QuestFanning,RareCamellia,1
QuestFanning,edsblogtw1tter,6
QuetzalBoutique,KTLA,1
QuetzalBoutique,QuetzalBoutique,1
QuickPaw,_trapexit,1
QuinBill,OccupyDemocrats,1
QuintonLucasKC,iMaleaW,2
QuintonMurdock,Booper1172,2
QuintonMurdock,EszdAll,2
QuintonMurdock,SilentCart,1
QuintonMurdock,Steadfast1ne,2
QuintonMurdock,nypost,2
QuirkyJERK,QuirkyJERK,1
Qurat_tal64,ARYNEWSOFFICIAL,1
Qurat_tal64,ARYSabirShakir,1
Qurat_tal64,BoLNews_Alert,1
Qurat_tal64,IDC5348,2
Qurat_tal64,NidaKirmani,1
Qurat_tal64,ShireenMazari1,2
Qurat_tal64,iamNayabButt,2
Qurat_tal64,javedeqbalpk1,1
RAllen18122159,THR,1
RBECOACH25,IHateTheREIGN,1
RBECOACH25,SoufParkMack,2
RC_Libertarian,waff48,2
RCorySmith,247Sports,1
RDamber,1011_News,1
RDamber,Bryan1011NOW,1
RDamber,LauraHalm1011,1
RDavejshea,RepMTG,2
REALmissSMITH,GlassicGamer,2
REALmissSMITH,newsmax,1
REDDwhiteNblue,TEYANATAYLOR,1
RESimplyDUNN,kilmeade,1
RFlahertypxp,RFlahertypxp,1
RGARBACIK,BillShine8,2
RGARBACIK,CNN,1
RGARBACIK,DebraAaron9,1
RGARBACIK,FirstWorldof1,2
RGARBACIK,MichaelColorad_,1
RGARBACIK,deedee_cicero,2
RGARBACIK,joncoopertweets,1
RGARBACIK,l78lancer,1
RGWL1099,NEWS_MAKER,1
RGYFO,Kenosha_News,2
RICSAthletics,RiverwoodICS,1
RICSAthletics,ricsprincipal,1
RIDICULO_pathy,AANP_NEWS,1
RIDICULO_pathy,JAFERDIAN,2
RIDICULO_pathy,JaanpEditor,1
RIDICULO_pathy,msemilymccombs,1
RITG_14uGniadek,BobRossiRITG,1
RITG_14uGniadek,RITG_14u,1
RITG_14uGniadek,thunderjam134,1
RJKeil,ibcshawnee,1
RJellyman,JonMontag,2
RKSchoolp2,AWeissmann_,2
RKeady,RadioFreeTom,1
RKeady,catoposey,2
RKeady,chasey_face,1
RKeady,joncoopertweets,1
RKeady,jordanklepper,1
RKeady,s_winnie37,2
RKeady,tomiahonen,4
RMFnyc1,dvasishtha,3
RMTiede,AJHilton_News,2
ROMEOLEMUSNews,YouTube,1
ROMtorontowzc,newsmax,2
RP2872_Jr,hugolowell,1
RVD05838493,DashDobrofsky,4
RVD05838493,HENRY30126252,2
RVD05838493,RpsAgainstTrump,2
RVD05838493,RuthSrebrenik,1
RVD05838493,valdemings,1
RachelAnnScott1,AUStinAirport,1
RachelAnnScott1,KXAN_News,1
RachelAnnScott1,RickyG_TV,2
RachelAnnScott1,VanessaForATX,1
RachelBAmar,nycgov,1
RachelBitecofer,BrynnTannehill,1
RachelBitecofer,FaceTheNation,1
RachelBitecofer,RachelBitecofer,2
RachelBitecofer,SenRickScott,1
RachelGoodspeed,hollymdavis,1
RachelHasTheMic,griner,2
RachelleyLee,PittMike37,1
RachelleyLee,ThreadbareCider,1
RachelleyLee,WigleWhiskey,1
RachelleyLee,bobbatzjr,2
Radar_Lib,seanhannity,2
RadicalRuss,espn,1
RadioDamage,RadioDamage,2
RadioDamage,treydayway,1
RadioGuyTy,ananavarro,1
RadioGuyTy,kilmeade,1
RadioGuyTy,thevivafrei,2
RaiderRick1978,23ABCNews,1
RaiderRick1978,KGETnews,1
RaiderRick1978,bakersfieldnow,1
RaiderTy92,atrupar,1
Raiderfrank65,AntDiGrazio,2
Raiderfrank65,juliannaserrao,1
Raiderfrank65,philly_4for_4,2
RaidersHLP,BradMossEsq,2
Raidger4,adamwilbourn,1
Rainbird42true,2casey451,1
Rainbird42true,NoSweepsLA,1
Rainbird42true,WhoGracie,2
Rainbird42true,paulkrugman,1
RalphDeVitto,Dbacks,1
RalphDeVitto,MLB,1
RalphDeVitto,theABTA,1
RamtinIrandost,abughazalehkat,1
RamziAbed,Karaszewski,2
RamziAbed,ericspudic,2
RanchoGordo,1stChoiceWarren,2
RanchoGordo,chefpmistry,2
RandallKeough,FANEXPOBoston,1
RandallKeough,oodoneout,1
RandallMurrain,ChadLindberg,2
RandeeCole2,Laurie_Garrett,1
RandeeCole2,NPR,1
RandiMcCallian,rick_vandeven,1
RandiMillman,eventbritehelp,1
RandyLKelley2,RandyLKelley2,1
RaphaelBostic,AP,1
RaphaelBostic,chq,1
RapidRick,IMSA,1
RapidRick,JohnMDoonan1,1
Rasberry_TR,Doc_Texas,1
Rasberry_TR,KweeenieB,2
RateMySalad,DukeLacrosse5,2
RateMySalad,KTVU,1
RavensBlood5220,jeffzrebiec,1
Ray5893,TonySchwartzNBA,2
RayClothier56,PFDSullivan,2
RayJOrtega,CGross23,2
RayJOrtega,HawkeyeFootball,1
RayJOrtega,HoIySchNIKEs,1
Ray_Miller_007,Acyn,1
Ray_Miller_007,BeingJWood,2
Ray_Miller_007,Democracy631,1
Ray_Miller_007,HDelench,2
Ray_Miller_007,JJohnsonLaw,2
Raymmondragon,GOPLeader,1
Raymmondragon,newtgingrich,1
Raymond01035574,newsmax,2
RaymondJBruno,gtconway3d,2
Raymondfix1,NoLieWithBTC,1
Raymondfix1,parkerpbutler,2
Raz42071,nodqdotcom,1
Raz42071,reigns_era,1
Razlo,animecorner_ac,1
ReJournProject,MarvinOlasky,1
ReJournProject,jcderrick1,1
ReJournProject,susanolasky,1
ReadCarlos,cfkickham01,2
ReadyKafka,Crunchyroll,1
ReadyKafka,crunchyrollexpo,1
RealActorRob,BaronDestructo,2
RealActorRob,JamesMelville,1
RealAmanGrewal,Target,2
RealAndyNelson,LeaderMcConnell,2
RealAndyNelson,RepMikeJohnson,2
RealAndyNelson,StephenMoore,2
RealBeauDacious,GovStitt,1
RealChadRicardo,OhMyGOFF,1
RealDaddyJuicey,GailKorz,1
RealDaddyJuicey,sattfly,1
RealDanGregory,NEFilmFestival,1
RealDerekHarper,IndianaUniv,1
RealJeffJohnson,NBCUAcademy,1
RealKieranLyons,GOPChairwoman,2
RealKieranLyons,hodgetwins,2
RealKizzyCox,DaraleneJ,1
RealKizzyCox,NicoleFCarr,1
RealKizzyCox,propublica,1
RealMadChadder,FoxNews,1
RealMarkNew91,BarbaraKJanik,2
RealMarkNew91,Guy_in_crowd,2
RealMarkNew91,LeeJohnson65,1
RealMarkNew91,it_meirl_bot,1
RealMarkNew91,jmartNYT,2
RealMiamiEstate,RealRawNews1,1
RealMiamiEstate,bradleyreed88,1
RealMr_Robinson,DEADLINE,1
RealNicoD1,KariLake,1
RealNicoD1,azdemparty,1
RealNicoD1,unashamedusa,2
RealScottRandom,ManceWarner,2
RealScottRandom,nickmaniwa,2
RealYeshua1,chercubsmom,1
RealYeshua1,joan_okie,2
Real_David_Deal,AppleweedJonny,1
Real_David_Deal,EagleInTheCloud,1
Real_David_Deal,FluffyTranceFox,2
Real_David_Deal,Gingerbehr73,2
Real_David_Deal,NBCNews,2
Real_David_Deal,Nigerian2153,2
Real_David_Deal,lp_mitchell2,2
Real_Joey_D,KisselThisis,2
Real_Joey_D,benshapiro,1
RearickDianne,HellBentVet,2
RebMattATL,people,1
RebeccaBixby1,DemocraticWins,1
RebeccaBixby1,GOP,2
RebeccaBixby1,GOPLeader,1
RebeccaBixby1,JoJoFromJerz,1
RebeccaBixby1,LeaderMcConnell,1
RebeccaBixby1,arb_kc,2
RebeccaBixby1,graceslick77,1
RebeccaKirkpa16,NickAdamsinUSA,2
RebeccaLBailey2,LifeNewsHQ,2
RebeccaLBailey2,RepWalorski,1
Rebelsscadult,SDCSL_News,1
RedAbster,Sean_Brace,1
RedRider444,cspanwj,2
RedRouge526,estarianne,2
RedTheWhiteBoy,phantomdd87,2
Red_Blaster,worrellmya,2
Red_hood8,sportshopsleep,1
RedmondMichelle,Deadliftgrl,1
RedmondMichelle,ScotExpress,2
RedmondMichelle,TheMattBRoberts,2
RedmondMichelle,eddieclarke2,2
RedmondMichelle,osullivanauthor,2
Redroadwalker4,atrupar,2
ReevesHickman,marci_crumb,2
RegVickers,Acyn,1
RegVickers,DailyStuffMag,2
RegVickers,RegVickers,1
RegVickers,russpec,2
ReggieWillis58,ElaineKoskela,1
ReggieWillis58,RexChapman,1
ReggieWillis58,chadloder,1
ReggieWillis58,itsJeffTiedrich,1
Rehmaniqbal,akhtr_saifi,2
Reilly40,FoxNews,1
Reilly40,GOP,2
Reilly40,GOPChairwoman,1
Relyk_is,DiscussingFilm,1
RenePawlak,DanRather,2
ReneSilvaaa,kirawontmiss,1
ReneePwash,TheCurrentCBC,2
ReneeSummers,shannonrwatts,1
RepDavidTrone,FierceHealth,1
RepDavidTrone,Walmart,1
RepentSyracuse,042Arego_Farouq,1
RepentSyracuse,Abubaka01960995,1
RepentSyracuse,Achola3Gabriel,1
RepentSyracuse,AdamIfeoluwa,1
RepentSyracuse,AdamuMu04372301,1
RepentSyracuse,Alfayo_Mackenzi,1
RepentSyracuse,EmbSalvationn,2
RepentSyracuse,HabilAgina,1
RepentSyracuse,HarrietKavere,1
RepentSyracuse,PaulAT_3,1
RepentSyracuse,austriarepent7,1
ReqtRon,MakerDAO,1
Resatc34Resa,CryptoKrista,1
Resatc34Resa,DOJPH,1
Resatc34Resa,FBI,1
Resatc34Resa,JamesTByers1,2
Resatc34Resa,JewishResister,1
Resatc34Resa,glennkirschner2,2
Resatc34Resa,mjfree,2
Resatc34Resa,tomiahonen,2
ResistrSister,lobstah_luvah,2
ReturnCheck,12News,1
ReturnCheck,SedonaFD,2
ReturnCheck,VerdeNews,1
ReturnCheck,YBC_News,1
ReturnCheck,azfamily,1
ReturnCheck,kaffnews,1
RevAndyKarlson,RevAndyKarlson,1
RevAndyKarlson,it_pendar,3
RevTinTin,M_Cambridge27,1
RewardScup,RonFilipkowski,2
RexJudd,AmeeraDavid,1
RexJudd,JeannaTrotmanTV,2
RexJudd,MikeTaylorwx,1
RexJudd,simplyduffy,1
RexJudd,wxyzdetroit,1
RezIndianFDL,Backwardsd0g26,2
RezIndianFDL,BasedAFSean,3
RezIndianFDL,ItsWokeJesus,3
RezIndianFDL,cwt_news,2
Rgrange,CPRNews,1
Rgrange,ColoradoSun,1
Rgrange,denverpost,1
Rgrange,sltrib,1
RhawketS,seanhannity,2
Rhetri1,MrboomstickXL,1
RialtoUSD,bwhitehead3,1
RialtoUSD,pressenterprise,1
RialtoUSD,sbsun,1
RialtoUSD,watcharaphotog,1
RichBrody,PaulSperry30,1
RichBrody,syglass1,2
RichHeelan,JustLafleur,2
RichHeelan,nihil_ad_rem,2
RichOToole,Devon_Gardner94,2
RichOToole,TexasHumor,1
RichSlate,BillSimmons,1
RichSlate,itsbrianbarrett,2
RichSlate,ringer,1
RichWalkerFish,NikSqueak,1
RichWalkerFish,SteelByLight,1
RichWalkerFish,TheArkOfCrypto,2
RichWalkerFish,TraceyDelaney,1
Rich_Bussey,CNN,1
Richard69291840,GovKathyHochul,1
Richard69291840,GuidoIncogneato,2
Richard69291840,Jdanker22,2
Richard69291840,TimRunsHisMouth,1
Richard69291840,jahmon,1
Richard78763566,NewYorkGOP,1
Richard78763566,THR,1
Richard79360562,CityWasters,1
Richard79360562,DCivicSociety,1
Richard79360562,DerbyCC,1
Richard79360562,GoogleExpertUK,1
Richard79360562,StGeorgesTrust1,2
RichardHudak15,JoanneVerb,2
RichardHudak15,POTUS,2
RichardHudak15,gary37h,2
RichardKnurowsk,RobertPicardo,2
RichardKnurowsk,marcorubio,1
RichardLTackett,angela4LNCChair,1
RichardLTackett,jack_straw3,2
RichardLTackett,seanhannity,1
RichardMandell,SHistorians,2
RichmanMartin,Grump462,2
RichmanMartin,donwinslow,1
Rick13Discord,JordenKaufman,1
RickDacri,MaineCAHC,1
RickDacri,mepolitics,1
RickDoerr4,cs30426626,1
RickDoerr4,fkimbrough5,2
RickDoerr4,realTuckFrumper,1
RickHar78991852,ElginCharles,1
RickIsInItToWin,TODAYshow,1
RickLBI,FoxBusiness,1
RickLBI,MariaBartiromo,2
RickLBI,MorningsMaria,1
RickRamosBoxing,boxing,1
RickRos00489123,FinancialTimes,2
RickRusch2,TeresaRMoore,2
RickRusch2,ladyartlover,1
RickSanta3,NBCNews,2
Rickey612,AP,1
Rickey612,CBSNews,2
Rickey612,CREWcrew,1
Rickey612,FoxNews,1
Rickey612,Liz_Cheney,1
Rickey612,OldRedCedar,1
Rickey612,POTUS,2
Rickey612,danielsgoldman,1
Rickey612,politico,1
Rickey612,sloyoroll01973,1
RickyTBowles1,CaroleK81290386,1
RickyTBowles1,HawleyMO,1
RickyTBowles1,kevinrobbins176,2
RickyZimmerman1,amyklobuchar,2
Rickymiller1969,BrianDMcBride,2
RidaRainbow,AlbertaGirl34,1
RidaRainbow,AlloccaMirella,1
RidaRainbow,ComEnjoylife,1
RidaRainbow,Not_an_ebug,1
RidaRainbow,REMMER1551,1
RidaRainbow,Zinaa003,1
RidaRainbow,bobs_hubbell,1
RidaRainbow,geneedwardsonao,1
RidaRainbow,hawkeyguy,1
RidaRainbow,jenn1662,2
RideWithTyler,BYU_CoachJustin,1
RideWithTyler,BYUfootball,1
RideWithTyler,BrandonHuffman,1
RideWithTyler,CCHSFOOTBALL_,1
RideWithTyler,CODY_GARDNER,1
RideWithTyler,CoachKevinClune,1
RideWithTyler,EpochTimes,1
RideWithTyler,GregBiggins,1
RideWithTyler,KjarEric,1
RideWithTyler,Owenborg10,2
RideWithTyler,POTUS,1
RideWithTyler,PaulGreaney_NTD,1
RideWithTyler,TPPF,1
RideWithTyler,VanceGinn,2
RideWithTyler,bangulo,1
RideWithTyler,coachtuiaki,1
RideWithTyler,crazyskillet,1
RideWithTyler,kalanifsitake,1
RideWithTyler,news_ntd,1
RiffRaf979,KBVMD,2
RiffRaf979,billybinion,1
RiffRaf979,kilmeade,1
RileySeymore,Eli_Z12,1
RileySeymore,klepper_aaron,1
RileySeymore,misstessowen,1
RileySeymore,pamelasuebutle4,1
RileySeymore,therecount,1
RileySeymore,williamCatDaddy,2
Rimroot,TheUSASingers,2
RiseAndShoutOut,washingtonpost,1
RitaHellum,FoxNews,2
RitaJ2011,MeidasTouch,1
RitaJ2011,meiselasb,2
RivalsWoody,NFLRookieWatxh,1
RivalsWoody,PeteThamel,1
Riverdeboz,NPR,1
Riverseeker,WesClarkjr,2
Riverseeker,YouTube,1
RivoConsulting,1718106J,1
RivoConsulting,DailyRuctions,1
RivoConsulting,GeorgeColli,1
RivoConsulting,Nunzio_Schwartz,2
RivoConsulting,toddtalk,1
Rmfire64,CAgovernor,2
Rmfire64,DrJBhattacharya,1
Rmfire64,GavinNewsom,1
Rmfire64,Rmfire64,1
Rmplstlskn,SunnySideBot,2
RobAbramowitz,Connor_J_Hughes,1
RobAbramowitz,ESPNDeportes,1
RobAbramowitz,ESPNNFL,1
RobAbramowitz,EdwinGames4,1
RobAbramowitz,MLS,1
RobAbramowitz,MLSes,1
RobAbramowitz,davidmweissman,2
RobAbramowitz,espn,1
RobAbramowitz,gtr_1970,1
RobAbramowitz,smithmuniz,1
RobAdamsFL,ABCWorldNews,1
RobHilliard_66,historycalendar,1
RobRodgersSE,lavern_spicer,2
RobRodgersSE,mattklewis,2
Rob_Lopez,Morning_Joe,2
Robb_InThe321,AndrewBogusch,1
Robb_InThe321,MrazCBS,1
RobbeeWrite,JeffPassan,1
RobbieMelia,DNC,1
RobbieMelia,FWD_CA,1
RobbieMelia,Fwd_Party,1
RobbieMelia,GOP,1
RobbieMelia,JoeBiden,1
RobbieMelia,ggreenwald,1
RobbyBakerTV,Tdrake4sports,1
RobbynLewis46th,ChrisVanHollen,1
Robert43534850,FabrizioRomano,2
Robert43534850,gerardromero,1
Robert44279020,SNYtv,1
Robert62060459,ScottAdamsSays,2
Robert83158755,DailyStuffMag,2
Robert83158755,JourneyRanger,2
Robert83158755,MSNBC,2
Robert83158755,WithMyLadies1,2
RobertA17435306,newsmax,2
RobertADouglas,covie_93,2
RobertB51097934,IngrahamAngle,1
RobertCMahon,sedimentdynamic,2
RobertCammarota,864Huddle,1
RobertCammarota,AJCammarota,2
RobertCammarota,GreenvilleNews,1
RobertCammarota,TigerHenson,2
RobertCammarota,diamondprospect,1
RobertCottoJr,Connecticutting,2
RobertEBuhmann,CesarKuriyama,2
RobertEBuhmann,GiancarloChaux,1
RobertHodson18,BoSnerdley,2
RobertHodson18,cwt_news,2
RobertHodson18,tommyfukyou45,1
RobertJMartinTX,ErinBurnett,1
RobertJMartinTX,wolfblitzer,1
RobertMEnders,Byecheeto,2
RobertMEnders,DashDobrofsky,1
RobertMcAteer18,ctapplepam1,2
RobertMenn,AndrewYang,1
RobertMenn,Itssan17,2
RobertN51723226,Adelheide1121,2
RobertN51723226,GeneralHospital,2
RobertPRoehm,antiputler_news,2
RobertSockwell,DebraWe75211612,2
RobertSockwell,TimOBrien,1
RobertSockwell,joncoopertweets,1
RobertSockwell,whatimemetosay,2
RobertTretter,News_8,2
RobertWKYT,everydayky,1
RobertZawodski,CNN,1
RobertZawodski,HakunaMathata,1
RobertZawodski,JeffreyToobin,1
RobertZawodski,Phyllis94584953,1
RobertZawodski,groth1945,1
Robert_Welch914,AshleyEANews,2
Robert_Welch914,CBSNews,1
Robert_Welch914,CBSNewsRadio,1
Robert_Welch914,DonDahler,2
Robert_Welch914,JonathanCohn,1
Robert_Welch914,MaineDOT1,1
Robert_Welch914,RossOnRadio,2
Robert_Welch914,WayneCabot,1
Robert_Welch914,scottfybush,2
Robert_Welch914,wbz,1
RobertaBDAmico,IlanaRubel,2
RobertaBDAmico,wintrow4idaho,1
RobertaFKing,LakeErieNorth,1
RobertaFKing,LakeMichigan13,2
Robertdirtboz,GirlVet1975,2
Robertdirtboz,LisaMarieBoothe,2
Robertdirtboz,NickAdamsinUSA,2
Robertdirtboz,brithume,4
Robertdirtboz,kilmeade,2
Robertinno53,JulianGuilarte1,2
Robertinno53,Yankees,1
RobertsAtPark,ICParkSchool,1
Robin97281466,shavar,2
Robincha,JaymalGreen,1
RobotTaylor,Angry_Staffer,2
RobotTaylor,cheryllynneaton,1
RobsoxV,InterestingsAsF,1
RobsoxV,MaybeThatTommy,1
Robyn19621,Robyn19621,1
Rocdad,Pi_News_punks_3,2
RochelleReports,GasBuddy,1
RochieWBZ,Patriots,1
RochieWBZ,RedSox,1
RochieWBZ,SweetFeet_White,2
RochieWBZ,wbz,3
RockStroke,RockStroke,2
RockStroke,atrupar,1
RocklandCouncil,RocklandTown,1
RocklandCouncil,masscultural,1
RockneKrebsArt,RockneKrebsArt,1
RocknfanBob,ssikfandk,2
RockyMagana,RapSheet,1
RockyMagana,vgregorian,1
Roco__23,JordnAlexnder,2
RodentHour,byKateSmith,2
RodentHour,santiagomayer_,2
RolandB3,Mavperez22,2
RolandB3,RonFilipkowski,1
RolandB3,seanhannity,1
RollTideRaleigh,_NickKelly,1
Romano_PoliSci,DougJBalloon,1
RomeRedbacks,DowntownRomeGA,1
RomeRedbacks,romegeorgia,1
RomeRedbacks,romenewstribune,1
RonaldGiles18,MeidasTouch,2
RonaldGiles18,ernestoserrano,1
RonaldHaynieNYC,Justustalking2,2
RonnLezama,frayzzzpena,2
RonnieBardah,TomJeffersonLeo,2
RonnieBardah,wsoparuba,1
RonnieJ19636034,JoJoFromJerz,2
RoostersClues,ChuckGrassley,1
RoostersClues,DonLew87,1
RoostersClues,FoxNews,1
RoostersClues,LPNational,1
RoostersClues,LoseFoxNews,1
RoostersClues,POTUS,1
RoostersClues,cagle_william,2
Roota_2DaToota,CNN,1
Roota_2DaToota,WesAllenn,2
Roots_Journey,Roots_Journey,1
Roots_Journey,WSJPodcasts,1
Roots_Running,ChiMarathon,2
Roots_Running,DanceFrankDance,1
Roots_Running,WMMajors,1
Roots_Running,maggiemontoya1,1
RoryReilly63,DanSlott,2
RoryReilly63,SheHulkOfficial,1
RosaleeMayeux,rebfive,2
RosalesReport,RosalesReport,1
RosaryTeam,Coalition4Life,1
RoseAnn39643695,ArtzRachel,3
RoseKpr4715,DonnaSc81029484,2
RoseKpr4715,SureReality,2
RoseofAvalon,Bob_Herzog,1
RossLop41706795,IAM_bigDIRTY,3
RossLop41706795,MLBPA,2
RossLop41706795,MLBPA_News,2
RossLop41706795,PELOTEROS_MLB,2
RossLop41706795,jefmes,3
RotenbergWeldon,BruceFeldmanCFB,1
Rotruck5670,GOPLeader,2
RounderLife,GoldenKnights,1
RounderLife,Sportsnet,1
RounderLife,TMobileArena,1
Royal_Bigness,WKBW,1
Royal_Judah,AP,1
Royal_Judah,BBCBreaking,1
Royal_Judah,CBSNews,1
Royal_Judah,DeptofDefense,1
Royal_Judah,EcuPatriarch,1
Royal_Judah,FoxNews,1
Royal_Judah,JustinWelby,1
Royal_Judah,MSNBC,1
Royal_Judah,NBCNews,1
Royal_Judah,OANN,1
Royal_Judah,PB_Curry,1
Royal_Judah,Pontifex,1
Royal_Judah,RealHRH_Richard,1
Royal_Judah,Reuters,1
Royal_Judah,SpaceForceDoD,1
Royal_Judah,USArmy,1
Royal_Judah,USCG,1
Royal_Judah,USMC,1
Royal_Judah,USNavy,1
Royal_Judah,VaticanNews,1
Royal_Judah,abcnews,1
Royal_Judah,chiefrabbi,1
Royal_Judah,cnalive,1
Royal_Judah,cnnbrk,1
Royal_Judah,itvnews,1
Royal_Judah,thejointstaff,1
Royal_Judah,usairforce,1
Rparksjr85,2PAC,1
Rparksjr85,MTV,1
Rparksjr85,MTVNEWS,1
Rparksjr85,YouTube,1
Rsoaker27,ColetteDornblum,2
Rsoaker27,JoJoFromJerz,1
Rsoaker27,LarrabeeNed,2
Ruben_the_G,tedcruz,1
RudeKara,AngryFleas,3
RudeKara,Hqdepot1,2
RudeKara,ewallis740,2
RudeKara,ksorbs,1
RudeKara,w_terrence,2
RudyEngland,BetoORourke,1
RudyEngland,lawindsor,1
RuizCee,yankeesgoddess,2
RunDMcD,FantasyProsMLB,1
RunDMcD,NBCSEdgeBB,1
RunDMcD,RotoWireMLB,1
RunDMcD,Yankees,1
RuppertJustin,wjxt4,1
RussMikow,ProFootballTalk,1
RussTaylorPhD,CheriJacobus,1
RussTaylorPhD,LoveOverHate44,2
RussTaylorPhD,donwinslow,2
RussTaylorPhD,maggieNYT,2
RussVandeveerd1,ABC7,1
RussVandeveerd1,ABCNetwork,1
RussVandeveerd1,abc7coleen,1
RussVandeveerd1,abc7ellen,1
RussVandeveerd1,abc7leslie,1
Russ_Will_,Russ_Will_,1
Russell97479980,Carrie_Grace00,2
Russell97479980,HessomRoxie,2
Russell97479980,JackPosobiec,2
Russell97479980,JeanetteAmodio,1
Russell97479980,JohnLeguizamo,2
Russell97479980,LakotaMan1,2
RussianBerner,FoldyPawExpert,2
RussianBerner,hugolowell,2
RuthDur29266664,DecodingFoxNews,2
RuthDur29266664,Strandjunker,1
RuthHay96406976,StandWithUs,2
Ry6Crates,Ry6Crates,1
Ry6Crates,SuperHeroSpeak,1
Ry6Crates,wbpictures,1
RyTriGuy,RyTriGuy,1
RyanChaffee,kilmeade,2
RyanGuyK,ShakurStevenson,1
RyanGuyK,jakUbak2mars,2
RyanKennedy_22,RapSheet,1
RyanLaney142610,slickseason_1,1
RyanMiller_WX,RyanSluss1,2
RyanMiller_WX,WTOP,1
RyanMiller_WX,WTOPtraffic,1
RyanTachaama21,Jim_Jordan,2
RyanTachaama21,RepScottPerry,1
RyanVargas_23,midwestdreamcar,1
Ryan_sovah_Yunt,LilShady182,1
Ryan_sovah_Yunt,thebengalorian,2
Ryanammons21,ClemsonInsider,4
Ryle_Koustic,Splashystackss,1
Ryry916,CTGOP,1
Ryry916,LeoraLevyCT,1
S1lentonexx88,_XApeiron_,1
S1lentonexx88,princessxemnas,1
SAFEMOONSTARR,Arrow19Broad,2
SAUFalcons,CoachBowser2,1
SAUFalcons,Fa1conFb,1
SAUFalcons,SAU_News,1
SBCSDgjones,vvcedu,1
SBak007,Venice9112,1
SBinF,SenRubioPress,2
SBinF,_Spolar_,2
SBinF,alexsalvinews,1
SBinF,baldmanbad3,2
SCJarzombek,wcbs880,1
SCRotties,kilmeade,2
SChipslinger,CBSLA,1
SChipslinger,PupscanLA,1
SChipslinger,RoadSageLA,2
SCrociata,Acyn,3
SDJonnyRico,CWSL_News,2
SDJonnyRico,nytimes,1
SDatLarge,BettyBowers,2
SDebreczeny,FoxNews,2
SDebreczeny,MiaFarrow,2
SECCAcontempart,ncartmuseum,1
SECnowBama4Ever,CNN,1
SECnowBama4Ever,FoxNews,4
SECnowBama4Ever,WBRCnews,4
SECnowBama4Ever,WFLA,4
SECnowBama4Ever,jaketapper,1
SECnowBama4Ever,wolfblitzer,1
SEisbergWCIV,CamGaskinsTV,2
SEisbergWCIV,ChrisTrainorSC,1
SEisbergWCIV,WBTV_News,1
SFHCommish_1,JoelAErickson,1
SFNezami,DrFeelgood95,1
SFNezami,SFNezami,2
SFNezami,padarjaan1,2
SHBueche,AaronParnas,1
SHBueche,ChuckGrassley,1
SHBueche,HuffPost,1
SHBueche,KXAN_News,2
SHBueche,micktwomey6,2
SIMPLIC55604626,SIMPLIC55604626,1
SJArmentrout,BlessedJones33,1
SJArmentrout,DolphinsTalk,1
SJArmentrout,Iamxavienhoward,1
SJArmentrout,MiamiDolphinsUK,1
SJArmentrout,RichmondWebb,1
SJArmentrout,SylvesterCancer,1
SJArmentrout,TackleCancer,1
SJArmentrout,antwanstaley,1
SJArmentrout,asiegelash,1
SJArmentrout,finatic1972,2
SJArmentrout,houtz,1
SJArmentrout,hurricanes_dcc,1
SJArmentrout,lookrizzle2,1
SJBAtlanta,BoardGeniuses,2
SJBAtlanta,SjbDoc,1
SLMarelich,HellBentVet,2
SLPtime,kccatdr,2
SLaL_L,AchryConfucious,1
SLaL_L,AnsariK786_4,1
SLaL_L,BheekhuMahatre,2
SLaL_L,GoogleIndia,1
SLaL_L,Googlelndia,1
SLaL_L,Harfanmaulla,1
SLaL_L,Harfanmaulla1,1
SLaL_L,NiranjanTripa16,1
SLaL_L,SRiitu,1
SLaL_L,Sakhtla94492921,2
SLaL_L,ShivSha80732190,1
SLaL_L,budhwardee,1
SLaL_L,gatum_kant,1
SLaL_L,sudarshantiwa13,1
SLaL_L,sundarpichai,2
SLaL_L,trikal_darshi7,2
SLaL_L,vijayindia1,1
SMS_8bit,THEREALRTU,2
SMS_8bit,TheyCallMeDSP,1
SMartinH1957,JrThatcher,2
SMartinH1957,RQA,1
SMorales_BNES,BNarbuth_ES,1
SMorales_BNES,LHerrera_BNES,1
SMorales_BNES,LOHara_BNES,1
SMorales_BNES,Lozoya_BNES,1
SMorales_BNES,Pablo4E,1
SMorales_BNES,RSeelig_BNES,1
SMorales_BNES,SISD_CI,1
SMorales_BNES,SocorroISD,1
SMorales_BNES,erios__BNES,1
SOCALRE4U,388shark,1
SOCALRE4U,CharlieCrist,1
SOCALRE4U,DWUhlfelderLaw,1
SOCALRE4U,Dr_JeanCooper,1
SOCALRE4U,GiGicmka,2
SOCALRE4U,Paigebrazell,2
SOCALRE4U,PauletteParis1,2
SOCALRE4U,SOCALRE4U,1
SOCALRE4U,SharesTruth,1
SOCALRE4U,arb_kc,2
SOCALRE4U,ecologist46,2
SOCALRE4U,valdemings,1
SPOCKX1,SpeakerPelosi,1
SPYSqueeze,faststocknewss,1
SPYSqueeze,milesofmusings,2
SRQRestaurants,univtownctr,1
SRTinc_TX,BombshellDAILY,2
SRacer89,MLB,1
SRacer89,MLBPA_News,1
SRacer89,NBCSportsEdge,1
SRacer89,TrstTheJrny24,2
SSSS38186145,FoxNews,1
SSSS38186145,SenSanders,1
SSSS38186145,ceangeli,2
SSSS38186145,i_am_jan_marie,2
SSSS38186145,oneunderscore__,1
SSSS38186145,thehill,1
SSconey,FoxNews,2
SSconey,GOP,1
SSconey,GOPChairwoman,1
SSconey,NPR,1
SSconey,TheresaMac1960,2
SSconey,joanlove77,2
SSconey,pej2222,2
SSnarking,HillaryClinton,1
SSnarking,Hulkanator100,2
SSnarking,emptywheel,1
STFRtrader,TrendSpider,2
STLPatrick,WalshFreedom,2
STRATEGY_510,LazyLeftyOG,1
STRATEGY_510,hpesojnai,2
STangGirdwood,JodLinMD,2
STangGirdwood,NIH_NIAMS,1
SUBTWEET_GOD,DROnikaminaj,2
SUBTWEET_GOD,_PhallonX0X0,2
SYMEA,Fievel131,1
SYMEA,GOPChairwoman,1
SYMEA,JeffMor31278901,1
SYMEA,PinkAquaCottage,2
SaAponte,1010WINS,1
SacTownBarnbaum,24Bazemore,1
SacTownBarnbaum,ABC10,2
SacTownBarnbaum,AnnouncerScott,1
SacTownBarnbaum,AsHotDog,1
SacTownBarnbaum,Athletics,1
SacTownBarnbaum,AthleticsGirl,1
SacTownBarnbaum,Carleygomez,1
SacTownBarnbaum,CarmichaelDave,2
SacTownBarnbaum,DevinTrubeyTV,2
SacTownBarnbaum,FOX40,1
SacTownBarnbaum,JayMarZZ,1
SacTownBarnbaum,LukeCleary,1
SacTownBarnbaum,MattGeorgeSAC,1
SacTownBarnbaum,SacramentoKings,1
SacTownBarnbaum,Sactown1140,1
SacTownBarnbaum,SchimmelAmelia,2
SacTownBarnbaum,Scott_Fresh,1
SacTownBarnbaum,SeanCunningham,1
SacTownBarnbaum,SimoneSaysRadio,1
SacTownBarnbaum,SpackD12,1
SacTownBarnbaum,YouTube,1
SacTownBarnbaum,foodandwine,1
SacTownBarnbaum,heykevinjohn,1
SacTownBarnbaum,jodibaconbits,2
SagarOnta,billmckibben,1
Sagittariuskid1,melissax1125,1
SaiaMike,jon_wertheim,1
SainzYosi,SainzYosi,2
SainzYosi,ShrutiRya,2
SainzYosi,VWOfficial,2
SairaWPLG,LevinsReports,1
SairaWPLG,StorytellerSBM,1
SairaWPLG,WBTVSteveO,2
Salemchevy1,ElliAdventurer,2
Salemchevy1,FoxNews,1
Salemchevy1,IngrahamAngle,1
Salemchevy1,Jstnorv10,2
Salemchevy1,KennedyNation,1
Salemchevy1,RepThomasMassie,2
SalgadoPhoto_,RustyBurns54,2
SalgadoPhoto_,psskow,1
Salgado_Realty,ananavarro,2
SamAlawami,JabriMD,1
SamAntar,Logically_JC,1
SamNeher24,BNightengale,1
SamRo,NFIB,1
Sam_Husby,AaronRodgers12,1
Sam_Husby,ColinCowherd,1
Sam_Husby,TheHerd,1
SamanthaPfaff,AdamPiersen,2
SamanthaPfaff,ShayCormac_1,1
SamanthaS1911,BNONews,1
Sammbonu,GoziconC,1
Sammbonu,soccermattersGD,1
SammyMaggio,FoxRochester,1
Sampsonite41,AP,1
SanAntoGuera,GovAbbott,1
SanAntoGuera,nthnryn,2
SanDiegoJayR1,GaryGrumbach,2
SanDiegoJayR1,LeopoldNick,2
SanDiegoJayR1,MeidasTouch,1
SanDiegoJayR1,darth,1
SanDiegoJayR1,fins71,1
SanDiegoJayR1,joanwalsh,1
SanDiegoJayR1,owillis,1
SanDiegoJayR1,patriottakes,2
SanDiegoJayR1,paulwaldman1,1
SandT_CArE,sandtcec,1
Sandee8824,Producer_Carrie,2
SandraBirdlover,SiriuslyRU4Real,2
SandraGonzalez2,SpectrumNetsPR,1
SandraP51590681,innercitypress,2
SandraS4669,RicardoLei3,2
SandraS4669,armmesr,2
SandraS4669,jairbolsonaro,2
SandraS4669,paulobrunello,2
SantaInTraining,AP,1
SantaInTraining,LeachLia,2
Saqib_I_Khan,NEWS_BILAWAL,2
Saqib_I_Khan,NaveedH27101586,1
SaraCVT,mizzerotique,2
SaraCVT,usatodayDC,1
SaraJane1017,kilmeade,2
Sarabeth_am,twinben03,1
Sarah21_Brown,MayoIsSpicyy,2
Sarah41686001,83Turnerb,4
Sarah41686001,neal_katyal,2
SarahM2036,BeccaBalintVT,1
SarahM2036,EmergeVT,1
Sarah_RN_WI,gilesduley,2
Sarahbellkat1,Angry_Staffer,2
Sarahbellkat1,ItsMooooooooose,2
Sarahbellkat1,davenewworld_2,1
Sarkonziptits0,Sarkonziptits0,1
SaulCocosaulito,chimeraelf,2
SaulCocosaulito,ne0n_pink,2
Savageartist,EmilyFeinberg,1
Savageartist,HolidayHouseBks,4
Savageartist,MacmillanUSA,1
Savageartist,NealPorterBooks,4
Savageartist,SVA_News,5
Savageartist,elawreads,1
Savageartist,taylor_norm,1
Savageartist,tomgauld,3
Savageartist,whitewhalebks,5
SavannahRudicel,AbsoluteLe,1
SavannahRudicel,CSLonQCN,1
SavannahRudicel,CarlaGebhart,1
SavannahRudicel,CharMeckSchools,1
SavannahRudicel,EriciaTurner,1
SavannahRudicel,Queen_City_News,3
SavannahRudicel,WillKunkelFOX,1
SavannahRudicel,phaeton4kast,1
SaveMcMillan,CaroleLewisDC,1
SawyerHair,natesaifer,2
SawyerJerry,CNNPolitics,1
SaxMike71,bubbaprog,1
Saylor_Man,IndyCar,1
Saylor_Man,MotorsportMeist,2
Saylor_Man,thirtybusch,1
SaysSimonson,SaysSimonson,1
Scar_D7,MSNBC,1
Scar_D7,SpeakerPelosi,1
Scar_D7,TheDemocrats,1
Scar_D7,criticalcarema1,2
Scar_D7,mello6789,1
Scar_D7,stevesnj,1
ScentsWithAj,TacosBikes,2
ScentsWithAj,WAVY_News,1
SchaeffelDaniel,ccboe_news,1
SchaeffelDaniel,codeorg,1
SchiffTera,2atheistdogs,2
SchiffTera,515angel,2
SchiffTera,AJEnglish,2
SchiffTera,NoahChastant7,1
SchiffTera,POTUS,2
SchiffTera,nytimes,2
Schilling_Cody,Eric_J50,2
Schilling_Cody,elynnro,1
SchorikDale,Liz_Wheeler,1
Schwab_S,DeptVetAffairs,1
Schwab_S,POTUS,2
ScienceStanley,ScienceStanley,1
Scobleizer,Gandalfpls,2
Scobleizer,elonmusk,1
Scobleizer,garyblack00,1
ScopeWrestling,globalnews,1
ScoreBreak,MercerLacrosse,2
ScoreBreak,RPDLacrosse,1
Scott78173352,DearAuntCrabby,1
Scott78173352,Goose1701,2
Scott78173352,MarinersSteve,1
Scott78173352,NicoleJoslin8,2
ScottA240,ReelzChannel,2
ScottButtram,JGood100,2
ScottCollick,DuPont_News,2
ScottCollick,dupontnorthmi,1
ScottCurtisHess,RepJeffries,2
ScottCurtisHess,joncoopertweets,4
ScottEPeyton1,TNTDOC1,1
ScottFadynich,DJRichRusso,2
ScottSandalow,BrianSandalow,1
ScottSandalow,sandyetel,2
ScottUhlTX,PoliticusSarah,1
ScottUhlTX,dfw_gal,2
ScottWTHR,JoyceMeyer,1
ScottWTHR,MaxLucado,1
ScottWTHR,greglaurie,1
ScottWTHR,randyalcorn,1
ScottWa91433575,bubbaprog,2
ScottWalker,GOPChairwoman,1
ScottWhitt15,googlenews,1
ScotteSwz,KevinRobertsTX,1
ScotteSwz,PerkinsTexas,2
Scotterybarn,CedricGegel,2
Scotterybarn,Scotterybarn,1
ScottyWentling,ProjectLincoln,1
ScrantonRedSox,BruceFeldmanCFB,1
ScribbyOne,hrkbenowen,2
ScriptsByJames,ScriptsByJames,1
ScriptsByJames,The_6ix_man,2
ScriptsByJames,VICENews,1
Sea_Hawkers,DaxGotFacts,1
Sean23Roberts,ChrisMWilliams,2
SeanErnst,SeanErnst,1
SeanErnst,jamie_elizabeth,1
SeanMDennis,kilmeade,1
SeanMDennis,musicmankev,2
SeanMDennis,scott_m_coley,1
SeanMScully,JLo1776,2
SeanMScully,makebuleev,1
SeanPDailey2,BernieSanders,1
SeanPDailey2,nadinbrzezinski,1
SeanSublette,Timodc,1
SeanThomas39,AdamSchefter,1
Sean_L_Brooks,AmmoLand,1
SeattleMariNERD,johnpboyle,2
Seiginotora_TM,DiscussingFilm,1
Seiurus,BeschlossDC,1
Seiurus,ChrisJansing,1
Seiurus,HowardJkent81,2
Sejd213,MarketRebels,2
Semper_Sincerus,thehouseofpod,1
SenateCaucus,BillEigel,1
SenateCaucus,BobOnderMO,1
SenateCaucus,BooneCoMOGOP,1
SenateCaucus,DLHoskins,1
SenateCaucus,EricBurlison,1
SenateCaucus,JacomoGOP,1
SenateCaucus,Koenig4MO,1
SenateCaucus,MissouriCR,1
SenateCaucus,POTUS,1
SenateCaucus,PressSec,1
SenateCaucus,RickBrattin,1
SenateCaucus,realmikemoon,1
SenatorMarkDaly,POTUS,1
SenatorMarkDaly,SLTimes,1
SenecaCiudad,SenecaCiudad,1
SenecaCiudad,YouTube,1
SentByYAH,BishopPernell,1
SentByYAH,DrChrisMD,1
SentByYAH,MSNBC,1
SentByYAH,TiffanyDCross,1
Sessler,Sessler,1
SethBAllen23,NWADemGazPhotos,1
SethDaSportsMan,BradGalli,2
SethDaSportsMan,dynoNFL,2
SethDaSportsMan,emily_murnane,1
SethEggert91,ACabot88,1
SethEggert91,MonNightRacing,1
SethEggert91,SadlerEsports,1
SethEggert91,eNASCARCocaCola,1
SethEggert91,iRacing,1
SethPlatt,MarbinMiller,2
SethPlatt,craigtimes,1
SethTweets,CBSSportsMLB,1
SethYocum3,RonFilipkowski,2
SethiRenalPath,AndrewRuleMD,1
SethiRenalPath,GlassockJ,1
SethiRenalPath,JASN_News,2
SeverianoCG,FoxNews,1
SeverianoCG,RexChapman,2
SexyCoco982,KennedyBuckTV,1
Sexy_Zaddy_007,VictorIsrael_,2
Sh0rt1eK,ABC,1
Shadiadamto,MetaNewsroom,2
Shadiadamto,WhatsApp,1
Shadyhugs,Passizle,2
Shadyhugs,SteveGuest,1
Shadyhugs,stockspy420,1
ShaeMc1,BLeader2020,1
ShaeMc1,MSNBC,1
ShaeMc1,codyrob44616308,2
ShafferGroup,news_ntd,1
ShailaManyam,SenateCloakroom,1
Shakechick,LoyalLocksmith,2
Shakechick,StevieStacks84,1
Shakechick,thee_von,4
ShanRose0217,ChrisJNurse,2
ShanRose0217,NikkiBarnesFL,1
ShaneBattisTV,ManateeSheriff,1
ShaneFero,AdamParkhomenko,1
ShaneFero,BidensWins,2
ShaneFero,BoeckmanJessica,3
ShaneFero,DonaldJTrumpJr,1
ShaneFero,JamesSc90499214,2
ShaneFero,LonoraPryce,2
ShaneFero,NEJWYO,2
ShaneFero,RamoneJones14,3
ShaneFero,jannwillsey,1
ShaneFero,kevvycuse,1
ShaneFero,m81982,2
ShaneMLantz,TommyBirch,1
ShannyGoPackGo,CBSNews,2
Shapalicious,ByRobertMurray,1
SharonJWright1,BeardedOne2026,2
SharonKDille2,CNN,1
SharonKDille2,NotTinaKotex,2
SharonKDille2,ThatmattersNews,1
SharonKNYC,blacklionking73,2
Sharon_Stitcher,JoshKraushaar,1
Sharon_Stitcher,RepDonBacon,2
Shawdaaaa,Shawdaaaa,1
ShawnMcBreairty,newscentermaine,1
ShawnSailer,ffall_news,1
Shawn_Rine,HawleyMO,1
Shawn_Rine,JenniferAnn56,1
Shawn_Rine,SusanRPittman,2
Shawn_Rine,TheB_sKnees,1
Shawn_Rine,barstoolsports,1
Shawn_Rine,davidaxelrod,1
Shawn_Rine,gray_jedi_,1
Shawn_Rine,nogooddeed111,2
Shawn_Rine,normankahan,1
Shawn_Rine,yogi67dm,2
Shawnrobb72,Acyn,2
ShaynaHite4,LindaGa32308084,2
ShaynaHite4,SandraP67883504,2
ShaynaHite4,WhereTruthSings,1
ShaynaHite4,mmpadellan,1
SheGidget,JulianLennon,1
SheaBenton,JPBRideordie,1
SheaBenton,barb2point0,1
SheaBenton,data4theppl,2
SheaBenton,sarahmoga,1
SheaVanHoy,AllisonLCarter,2
SheenTennantFan,SheenTennantFan,1
Sheena_Marie3,Queen_City_News,1
Sheglar_GD,AyePseudonym_,2
Sheglar_GD,RobIsRandomAF_6,2
ShelbyGray_,ShelbyGray_,2
ShelbyKerns,FOS,1
ShelbyNFTW,billmaher,2
ShellBell_322,DashDobrofsky,1
ShellBell_322,OccupyDemocrats,1
Shemia_Fagan,nprpolitics,1
ShentonStage,abovethestag,1
SheriBirk,DineshDSouza,1
SheriBirk,avngangel,1
SheriBirk,eortner,3
SheriBirk,hugolowell,1
SheriBirk,phxrrs1,2
SherifKozman,darrenmarble,2
SherrillMoss3,richmcurtis,1
Sherry68856037,Christine2523,1
Sherry68856037,GuitarBuckeye,1
Sherry68856037,WhoCouldItBeNo1,2
Sherry68856037,sueq313,1
SherryLeigh5,AP,7
SherryLeigh5,APFactCheck,7
SherryLeigh5,AngelaQuinn1969,3
SherryLeigh5,FarmGirlLife123,4
SherryLeigh5,Ffaaytal,4
SherryLeigh5,Gillhoolee,2
SherryLeigh5,Gringz,2
SherryLeigh5,JackieParshall,2
SherryLeigh5,LizZezima,1
SherryLeigh5,OomenWorld,7
SherryLeigh5,RGerkensmeyer,3
SherryLeigh5,RealAceSpadez,4
SherryLeigh5,RedTailArt_76,2
SherryLeigh5,RichieHayes2,3
SherryLeigh5,SherryLeigh5,3
SherryLeigh5,TimRunsHisMouth,2
SherryLeigh5,VastIgn0rance,1
SherryLeigh5,dlg31464,1
SherryLeigh5,elainecoulson58,2
SherryLeigh5,funtapaz,1
SherryLeigh5,mdburrell101,6
SherryLeigh5,msnicole329,2
SherryLeigh5,senatorduff,1
ShinarSquirrel,Fred_Butler,2
Shinji16,DrAggro,2
Shinji16,GigaBoots,1
ShirleyVidana,FrankTaylor23,1
ShirleyVidana,JoJoFromJerz,1
ShiverJD,KXAN_News,2
ShoYouRightJJ,Fan_Prspective,1
ShoYouRightJJ,QB1TATT00,1
ShonnaSchroedl,irishrygirl,1
Shoshi,euronewsgreen,1
ShoucairHassan,fredwalton216,2
ShowMeUrOsFace,OriolesFanProbz,1
ShowMeUrOsFace,ShowMeUrOsFace,1
ShowMeUrOsFace,haidenus,1
ShowMeUrOsFace,redhat28,1
Shsne21200771,ananavarro,1
Shsne21200771,backtofrom,1
Shsne21200771,toni_ford,2
ShtstrtrSteve,DailyCaller,2
ShukriWrights,BUAthletics,1
ShukriWrights,BrownU_Bears,1
ShukriWrights,ESPNPlus,1
ShutterBugBev13,ShutterBugBev13,2
ShyamOza,DavidLarter,2
Shypixel,Shypixel,1
Siarl1950,NoLieWithBTC,2
SicardNathaniel,conquest314,2
SickBoyBagger,FoxNews,1
SickBoyBagger,Modiesel67L,2
SickBoyBagger,RGeezyNBA,1
SickBoyBagger,atrupar,1
SidelineStormer,CamGaskinsTV,2
SidelineStormer,WBTV_News,1
SiefertsonDuane,OccupyDemocrats,1
SigilTempus,bonnerscott,2
SigilTempus,fam_news_,1
SikkemaRonald,GeorgePapa19,2
Silas18Silas,KatyTurNBC,1
Silas18Silas,PivotPod,1
Silas18Silas,profgalloway,2
Siloeyes,scarecrow_jpn,2
SilviaSiSePuede,JulieLong18thC,2
SimonHFWilliams,FOX54News,1
SinnieR,Lyricoldrap,2
SirEdwardJames,1440KEYSAM,1
SirEdwardJames,Mario_Powers_Up,2
SirEdwardJames,SportsRush1440,1
SirTremor,ellsmxy,2
Sir_Writes_aLot,AndrewYang,1
Sir_Writes_aLot,GlowJoggers,2
Sir_Writes_aLot,NoWorriesHakuna,1
Sir_Writes_aLot,youbejealoushuh,1
SithVengeance,Dodgers,1
SiwickiSusat,IngrahamAngle,1
SiwickiSusat,Jim_Jordan,2
SiwickiSusat,PapaSmurfVotes,2
SiwickiSusat,RepPfluger,2
SizemoreRosa1,Ford1950Ford,2
SizemoreRosa1,NEWS_MAKER,1
SizemoreRosa1,denslynne,1
SjvTesla,saleemafaq,1
SjvTesla,seanmmitchell,2
Skeelow22,DukeFBTalk,2
Skeletussin,LD_Nolan,2
Skeletussin,Skeletussin,2
SkiBabyIII,TNflattop,1
Skippy_DCM,saintlande,2
SkylarJameson1,FOX5Vegas,1
SkylarJameson1,enigmized,2
SkylinerPilot,OuterRimJim,2
SlackAttaq,FoxNews,1
SlackAttaq,foxandfriends,1
Slfriend79,KarlFrisch,1
Slfriend79,StephMillerShow,4
Slfriend79,bobcesca_go,1
Slfriend79,glennkirschner2,1
SlickVicUno2,ButtersKatz,1
SlickVicUno2,HarleyDad731,1
SlickVicUno2,RosannaPhillip,1
SlickVicUno2,Rose52413,1
SlickVicUno2,SARA2001NOOR,1
SlickVicUno2,SteveAnders_11,1
SlickVicUno2,ThomsonSherin,1
SlickVicUno2,VintageKnits,1
SlickVicUno2,WilliamFPeters2,1
SlickVicUno2,bamableu,1
SlickVicUno2,beachaholic823,2
SlickVicUno2,crzyfkinworld,1
SlickVicUno2,erin_hartigan4,1
SlickVicUno2,goddessgurrl,1
SlickVicUno2,michelle_spenc,1
SlickVicUno2,news_houndnc,1
SlickVicUno2,proud2bLib,1
Sloot2070,MooseRandy,2
Sloot2070,scottpogue,2
SlyChimera,DanPriceSeattle,1
SlyChimera,DeaqonJamesLV,1
SlyChimera,Freedomalwys,2
SlyChimera,PovertyDeath,1
SlyChimera,reivers21,1
SmartAssCath,DiscussingFilm,1
SmartHealthInc,kylegriffin1,2
SmithSkolfer,GOPLeader,2
SmokieMokie111,RALPHYD7,2
SmokieMokie111,RFrinte,1
SmokieMokie111,StephFoust12,1
SmokieMokie111,TimRunsHisMouth,1
SmokieMokie111,blind_mowing,1
SmokieMokie111,lterdner,1
SmoovEasy,briantylercohen,1
Snoodit,DannyParkins,1
Snozz_Wanger,marklevinshow,1
SnrgstcElements,GovRonDeSantis,2
SnrgstcElements,NikkiFried,1
SoBeCharly,citynightcap,2
SoCalDemocrats,RonFilipkowski,1
SoOftenImitated,Blaze_4real,2
SoOftenImitated,MisterQuavo,1
SoRoxiRosier,KatiePhang,1
SoccerNeophytes,DeanAMarsden,2
Social4Sarah,EnterRaiden,2
Social4Sarah,GoGrease,1
Social4Sarah,ali_bar,2
Sociopathlete,DeeperThrill,2
Sociopathlete,leadpacer,1
SockMonkeyMike,ShaneTMDK,1
SockMonkeyMike,johnnieRobbiee,1
SohnsTed,AndrewFeinberg,2
SohnsTed,MickMulvaney,1
SohnsTed,SandaBlueDeux,1
SolomonRDavid,BenjiSJones,1
SolomoneSavelio,DeputySecState,1
Solomonwisekin7,YouTube,2
SomePenguinsFan,RebeccaSieve,2
SomePenguinsFan,VP,1
SonOfLarryJoeSr,JimRussellSD,1
SonOfLarryJoeSr,JonAndJim,1
SonOfLarryJoeSr,Padres,1
SonOfLarryJoeSr,XTRA1360,1
SonOfLarryJoeSr,YOitzIvy,1
SonOfLarryJoeSr,jonschaeffer,1
SonOfTheStar921,BiancaDLGarza,1
SonOfTheStar921,EmmaRechenberg,1
SonOfTheStar921,JohnFBachman,1
SonOfTheStar921,LyndsayMKeith,1
SonOfTheStar921,ShaunKraisman,1
SonOfTheStar921,TOIAlerts,1
Sonikku_a2,DJSnM,1
Sonikku_a2,RonFilipkowski,1
Sonikku_a2,chrismarget,1
Sonikku_a2,russ1mitchell,1
Sonofawhatthe,1011_News,2
Sonofawhatthe,WestADad,4
SonoranSpirit,FouhyOnSports,1
Sony12Play,News_Dr252,2
SooSUSPENDED,BravoWWHL,1
SoonerDemocrat,DiamondandSilk,1
SoonerDemocrat,FoxNews,1
SoonerDemocrat,IngrahamAngle,1
SoonerDemocrat,atrupar,1
SoonerDemocrat,brithume,1
SoonerDemocrat,kilmeade,2
SoonerDemocrat,laurenboebert,1
Soonergirl12,DerekCBeland,2
Soonergirl12,POTUS,1
Sorgatron,chachisays,1
SoulCitySigma,Meggerzv,1
SoulCitySigma,Ovo_Bigdawg,1
SoulCitySigma,PrestonMitchum,1
SoulCitySigma,Quaker2001,1
SoulCitySigma,TheJasonGoth,1
SoulCitySigma,thcrzyone,2
SoulStoriesLive,AZ_Brittney,2
SoundBiteATL,Popehat,1
SouthernerSays,GPJohnston,2
SowaNanette,CefaluEsq,1
SowaNanette,HRZN555,2
SowaNanette,TristanSnell,1
SoyBoyRoy1,1717mule,2
SoyBoyRoy1,1_Walks_Around,1
SoyBoyRoy1,ADouble777,2
SoyBoyRoy1,ALHHigginsEsq,2
SoyBoyRoy1,AmyPollano,2
SoyBoyRoy1,CivilLost,1
SoyBoyRoy1,EdgeOfNonsense,2
SoyBoyRoy1,ElegantLadyBlue,2
SoyBoyRoy1,Emma34770971,2
SoyBoyRoy1,EnrelChi,3
SoyBoyRoy1,Evry1H8sGrtzLOL,2
SoyBoyRoy1,Flipper65,2
SoyBoyRoy1,JackWhoElse,2
SoyBoyRoy1,JamesLauder12,1
SoyBoyRoy1,JenCages,2
SoyBoyRoy1,Jennie_SC1,2
SoyBoyRoy1,KimberlyMcKeeve,1
SoyBoyRoy1,LadyOfTheOcean1,2
SoyBoyRoy1,LifeNyc2,1
SoyBoyRoy1,MostVotesEvah,2
SoyBoyRoy1,MurphyYuiko,2
SoyBoyRoy1,PG13ScottWatson,2
SoyBoyRoy1,PridgeWessea,2
SoyBoyRoy1,Q_Estrada,2
SoyBoyRoy1,RealDoctorT,2
SoyBoyRoy1,RedStateJimy,2
SoyBoyRoy1,RepublicanRehab,2
SoyBoyRoy1,RogueLiberal69,2
SoyBoyRoy1,SnarkyCity,2
SoyBoyRoy1,SnoJusticeBro,2
SoyBoyRoy1,SnoJustis,2
SoyBoyRoy1,SteveS95443181,2
SoyBoyRoy1,SumatraSue,2
SoyBoyRoy1,Tapas1776,1
SoyBoyRoy1,TastyMorsel6,2
SoyBoyRoy1,TheRealMcKeever,1
SoyBoyRoy1,TommyJD5150,2
SoyBoyRoy1,Tommygraffe009,2
SoyBoyRoy1,TreatHunterDog,2
SoyBoyRoy1,UseLogicPlease1,2
SoyBoyRoy1,WHurensohn,2
SoyBoyRoy1,Woody4123,2
SoyBoyRoy1,_IAm2022,2
SoyBoyRoy1,ameritrav,1
SoyBoyRoy1,cl1ntonserver,2
SoyBoyRoy1,cphowes,2
SoyBoyRoy1,dogsdontliket,2
SoyBoyRoy1,feloneouscat,1
SoyBoyRoy1,fred_rulz,2
SoyBoyRoy1,gmarshall1965,2
SoyBoyRoy1,lemmabarkaloo,3
SoyBoyRoy1,phillip_boldt,2
SoyBoyRoy1,rosegar17673310,1
SoyBoyRoy1,schmevilagain,2
SoyBoyRoy1,yourethegame,2
SpaceCoastTPO,Florida_Today,1
SpaceCoastTPO,Jon_Shaban,1
SpaceCoastTPO,MyNews13,1
SpaceCoastTPO,gpallone13,1
SpaceCoastTPO,malcolmdenemark,1
SpamYosemite,SteveSisolak,1
SpamYosemite,TheNVIndy,1
SpamYosemite,alphas_eye,1
SpectrumNews1WI,DennisKrause1,1
SpectrumNews1WI,GaryEllerson,1
SpectrumNews1WI,IansPizzaMKE,1
SpectrumNews1WI,ProFootballHOF,1
SpectrumNews1WI,jasonfechner,1
SpectrumNews1WI,leap36,1
SpeedSportLife,Popeyes,1
Spencer4Texas,TexasTribune,1
Spencer4Texas,emilybell,1
SpencerMRitchie,frankcorder,1
SpicyAboki,Letter_to_Jack,2
SpicyAboki,yay_tunes,1
SpiritofNews,FoxNews,1
SpiritofNews,atrupar,2
Spirometer,oneunderscore__,1
Spirometer,tom_mallory,2
SpitzerCole,SPPS_News,2
SpookySalamandr,jacksfilms,2
SportsPhreak71,PeccaryNotPig,1
SportsnStfu,KDTrey5,1
SportsnStfu,NBAonTNT,1
SpringerKM,Morning_Joe,1
Springtime65,Gas,1
Springtime65,Higher_prices,1
SpyderGuy19,amburrx0,2
SpyralPegacyon,Kal_aMari,2
SrBrightside81,DrEricDing,1
SrRogelioAranda,AnnaMariaDell16,1
SrRogelioAranda,langstonwertzjr,1
SrRogelioAranda,theobserver,1
StBoniBrewer,BirkMatt,1
StBoniBrewer,POTUS,1
StJohnsPriest,YourKetoDiet,1
StLouisLung,StLouisCountyPD,1
StLouisLung,kmoxnews,2
StMarksHosp,HCAhealthcare,1
StMarksHosp,MstarHealth,1
StMarksHosp,StMarksHosp,1
StaceyDuran20,sacbee_news,2
StaceyJSpiehler,CNN,1
StaceyJSpiehler,Phil_Lewis_,1
StaceyJSpiehler,sweetbabette,2
StaceyRoedel,RandyRRQuaid,2
StaceyV43032217,JoJoFromJerz,1
StaceyV43032217,MouthyMitch,2
Staciaann,Staciaann,1
StacieMac23,AlyssaMastro44,1
StacieMac23,KETV,1
StacieMac23,morninggloria,1
StackingSlabs,ShaadMcGinnis,2
StacyMichelleB,BaddCompani,2
StacyMichelleB,davidbowie_news,2
StanSanders17,realBlagojevich,2
StanleyRoberts,JonBrockmon,2
StarLordLegoGod,DylanBuckingham,2
Stargaz91820746,MeidasTouch,2
StarlitStarsong,harrylitman,1
Starshu,FoxNews,1
Statics_Dynamic,EricKleefeld,2
SteamSaint,mvbrat91,2
SteamedDans,WMUR9,1
Steelers919,BBCBreaking,1
Steelers919,FoxNews,2
Steelers919,Phoenixownsyou,2
Steelers919,seanhannity,1
SteffiHayes,TxDOTHouston,2
Stefild,RefTimes,2
StephO_Gimli,JoJoFromJerz,1
StephO_Gimli,elliemaygottasa,2
StephO_Gimli,pugnaciouskvz1,1
Steph_F82,1057thePoint,2
Steph_F82,JamieRivers08,1
Steph_F82,StLouisBlues,1
Steph_F82,fandango1057,1
Steph_F82,jeffburton1057,1
Steph_F82,together_cu,1
StephanieSimoni,WFSBnews,1
Stephen0610,ChrisBHaynes,1
StephenCanfiel6,MayoIsSpicyy,2
StephenClarkD,BoeingAirplanes,1
StephenClarkD,jonostrower,1
StephenWTenner,PennyOnFloor,2
Stephen_Agnew,RBReich,3
Stephen_Agnew,tjoelchris,2
Stepleton6,Di3seL_,1
Stepleton6,GoldGloveTV,2
SterbenzScott,Aviation_Intel,2
SterbenzScott,ChuckPfarrer,1
StereoRooster,StereoRooster,1
SteveFainer,SteveFainer,1
SteveGlazer4,Crazy_ButCute2,2
SteveHuffRacing,Holley_News,1
SteveHuffRacing,NHRA,1
SteveHuffRacing,Rockstar1193,2
SteveHuffRacing,pepboysauto,1
SteveJohnsonSA,HallieJackson,1
SteveJohnsonSA,Lawrence,1
SteveJohnsonSA,MeetThePress,1
SteveJohnsonSA,SRuhle,1
SteveJohnsonSA,brhodes,2
SteveJohnsonSA,chucktodd,1
SteveMatthews12,DoubleTGolle,1
SteveMatthews12,SteveMatthews12,1
SteveMatthews12,economics,1
SteveMatthews12,markets,1
SteveR90511004,FoxNews,1
SteveR90511004,gish_jackie,2
SteveScottNEWS,Liguez,1
SteveScottNEWS,Mets,1
SteveScottNEWS,SJSU,1
SteveScottNEWS,UTARadio,1
SteveScottNEWS,ksjsfm,1
SteveScottNEWS,utarlington,1
SteveScottNEWS,wcbs880,1
Steve_A1971,RepLizCheney,1
Steve_A1971,WAVY_News,2
StevenASnow,CNN,1
StevenASnow,FoxNews,1
StevenASnow,MSNBC,1
StevenASnow,OANN,1
StevenASnow,newsmax,1
StevenBabbActs,richcoastrican,3
StevenWillcox2,DrMikeHochburns,2
StevenWillcox2,NumbersMuncher,1
StevenWillcox2,WellspringGP,1
StevenWillcox2,Whey_standard,1
StevenWillcox2,fIyinghellfish,1
StevenWillcox2,jeanskeels,2
StevenWillcox2,neontaster,1
Stevendmosley,ShannonBream,2
Stevendmosley,nypost,1
StevieJPTX,TheStarGaz3rr,2
StewardessChick,DrunkUncTony,2
StewardessChick,WBRCnews,1
Stifflers_Mama,b_obie_mcvay,1
Stingwwe17812,StuBennett,1
StocktonJewkes,JacobWestendorf,2
StocktonJewkes,The161Boys,1
StockwellSells,UMassD_Alumni,1
StojBoj,KristalDixon,1
StojBoj,MebFaber,1
StojBoj,PreserveAtl,2
StojBoj,axios,1
StojBoj,libraltexan,2
StojBoj,thomaswheatley,1
StormyVNV,YouTube,1
StramboEngr,seanhannity,2
StrangelaMartin,mskimkelley,4
StrawnDps,nathaliejacoby1,2
StreetSpitzley,SavannahGuthrie,1
StreetSpitzley,craigmelvin,1
StrohWencke,BTS7_twt_KTH,2
StrugCityPod,AndrewYang,1
StrugCityPod,davidmweissman,2
StruppRobert,Anna_Giaritelli,2
StruppRobert,BPUnion,1
StruppRobert,CBP,1
StruppRobert,RSScott_BP252,1
StruppRobert,USBPChief,1
StruppRobert,dcexaminer,1
StuMatthews5,JarvisRealDeal,1
StuMatthews5,MLBPA,1
StuMatthews5,MLBPA_News,1
StuMatthews5,PELOTEROS_MLB,1
StuMatthews5,PadresStrong,2
StuMatthews5,RyanAFournier,2
StuOutside,ReturnofR,2
StuOutside,greenwatchdogNY,1
StuartDonald,BoardGeniuses,2
Suave_Ass_Nigga,lucky_luckyrico,2
SubDestroyer12,SticksLoves,2
SuchorSusan,dbongino,2
SudsGlenside,GoldBlooded79,2
SueAnnRawlins,BarbMcQuade,1
SueAnnRawlins,JillWineBanks,2
SueArvidson1,ASCAtweets,1
SueArvidson1,FarnsworthPreK4,1
SueArvidson1,MsAbbyWhalen,1
SueArvidson1,SPPS_News,3
SueArvidson1,SppsCounselors,2
SueArvidson1,VentoCounseling,1
SueArvidson1,VentoElementary,1
SueArvidson1,spofford_emily,1
SueBoBing,AmyGinsburg,2
SueBoBing,JeannetteChips,2
SueBoBing,JoJoFromJerz,1
SueBoBing,KevinHillNJ,2
SueBoBing,OsageCountyMom,2
SueBoBing,WalshFreedom,1
SueBoBing,duty2warn,1
SueG907,DemsAbroadCan,1
SueG907,glennkirschner2,1
SugaryTweet,Champagneblade,1
SugaryTweet,DelusionsMass,2
SugaryTweet,Kumo_1865,3
SugaryTweet,Mule_Whisperer,2
SugaryTweet,RealWillPercy,1
SugaryTweet,Reuters,2
SugaryTweet,celebs_rnt_news,2
SugaryTweet,duty2warn,1
SugaryTweet,killiewillie,2
SugaryTweet,t__m_a_y,2
Suhlabs,fotornelas,2
SulphurSooner,CBSSportsHQ,2
SulphurSooner,Twitter,1
SummerDashe,6News,1
SummerDashe,KatPhillipsTV,2
SummerDashe,wpdeabc15,1
SummerHoranTV,ABC57News,1
SummerHoranTV,SCMSchools,1
Summrrgrrl,CubanDaSavage,1
Sumtynnaztee1,PlayStation,1
Sumtynnaztee1,VGC_News,2
SunSetAcresCT,ConnorLewisWX,1
SunSetAcresCT,MattLesser,2
SunSetAcresCT,WFSBnews,1
SunSetAcresCT,marcy_jonestv,2
SundayHHTimes,breedmylove,2
SundayHHTimes,elizabethslash,1
SupCindyChavez,SCCgov,1
SupaDupaBats,WLKYJulie,1
SuperSai_1,Broncos,1
SuperSai_1,FS1,1
SuperSai_1,espn,1
SuperStatsDave,CanterburyPark,1
SuperWoman26245,DonaldJTrumpJr,2
Superfan_K,AndyBehbakht,1
Superfan_K,Landon_O_Leary,2
SupervisorAlejo,CountyVentura,1
SupervisorAlejo,carmen4oxnard,1
SupremeShaine,urbaninfluence_,2
SuptSims,ericbolling,1
SuptSims,newsmax,1
SupwiththatWhat,GreatlakesladyM,2
Surazeus,Surazeus,2
SurgeTheShooter,Connor_J_Hughes,1
SusanA87722095,rhonda_harbison,1
SusanCartright6,WhiteRoze,2
SusanEubank1,TrendingLiberal,2
SusanEv19451959,EBraeden,2
SusanKilleen4,JessicaValenti,2
SusanMo56266341,people,1
SusanRubesh,TobyGialluca,2
Sutibuandason,Acyn,1
Suzanne59874977,marceelias,2
SuzanneDuCharme,Acyn,1
SuzanneDuCharme,Perrspectives,2
SuzanneKiera,1Madsam,1
SuzanneKiera,1_nutcracker,1
SuzanneKiera,CatEyezGreen_,1
SuzanneKiera,Freelancer_News,1
SuzanneKiera,JohnWojtowycz,1
SuzanneKiera,Numbers28,1
SuzanneKiera,SueWildey1,1
SuzanneKiera,Tochinoshin33,1
SuzanneKiera,ZafuDiamond,1
SuzanneKiera,fraterfdisk,1
SuzanneKiera,microtome45,1
SuzanneKiera,paoloigna1,1
SuzanneKiera,saferprint,2
SuzanneKiera,savvides_bee,1
SuzanneKiera,skylight21_1,1
SuzanneKiera,vogl_hans,1
Suzbru24,DrJasonJohnson,1
Suzbru24,JoyAnnReid,1
Suzbru24,MSNBC,1
Suzbru24,thereidout,2
SuziUrell,BranthiumBabe,2
SuziUrell,DEADLINE,1
SuziUrell,silentgiant916,1
Suziealto,JDfromNY206,1
Suziealto,Mickeystyles,2
Swampyankee68,AuthorJFuller,2
Swampyankee68,FoxNews,2
Swampyankee68,kilmeade,1
SwankPR,BahaBanks,1
SwankPR,BreeSpecific,1
SwankPR,Power92Chicago,1
SwankPR,TubbsKrueger,1
SwankPR,purpleblockprty,3
SwankPR,tvonetv,1
Sway_Sway_SoCal,Dom_ssb,2
SweesyMarsha,Liz_Cheney,2
SweetGeekling,RevJacquiLewis,1
SweetGeekling,SweetGeekling,1
SweetGeekling,thom_m_w,1
Sweetdr17415071,VitCza,1
Sweetdr17415071,fluffybasil,2
SweetwaterFly,GYCnews,1
SwervinThruLife,MadeInTheUSANJ,1
SwervinThruLife,RepMTG,1
SwervinThruLife,Sarah25073092,2
SwervinThruLife,TvlHappy,1
SwervinThruLife,bamasoldier88,1
Swilua,CaprcrnIscariot,2
Swilua,StaceyHarkey,1
SydneyMarie_13K,JamesRubin1,2
SydneyRSims,blkcreatives,1
Synthwv_StyPft,DiscussingFilm,1
TA_Morris,TA_Morris,1
TBOAndrew,WLKYJulie,1
TBRBWAY,ClassicJpow,1
TBRBWAY,dbearak,2
TBearclaw79,Leerose1985,1
TBoneCaponeOG,NFL,1
TBoneCaponeOG,NflOutdated,2
TBoneCaponeOG,puRPLEViXn12,1
TBowie5,jazzrat2000,2
TBraunTHG,Johnubacon,1
TCB02910213,Breaking911,1
TCB02910213,WhatThaDafuq,2
TCB02910213,joelpollak,2
TCB02910213,ralphflannigan1,2
TCB02910213,zedidutch,2
TCB61454925,FoxNews,2
TCMartin21,BryanNews3LV,1
TCMartin21,GoldenKnights,1
TCMartin21,LVAces,1
TCMartin21,StevieSlapShot,1
TCMartin21,scottwins,1
TFalogun,mjkjuice,1
THEDandyK,MayoIsSpicyy,1
THEJATMN,DanPriceSeattle,2
THEOttoJohnson,FutureGophers,1
THE_SamMaxwell,WSJ,1
THOMASDUROSO2,djrothkopf,1
THSResister,CraxyD,2
THSResister,CryptoCardguy,1
THSResister,DetJMcClane,1
THSResister,Doxy6661,2
THSResister,EricMoo91919605,2
THSResister,GOPLeader,1
THSResister,GhostOfDemocra2,2
THSResister,GlanceyRickey,1
THSResister,HouseDemocrats,1
THSResister,HouseGOP,1
THSResister,JoeBiden,1
THSResister,KChandlerTurner,2
THSResister,MichelleBehlen,1
THSResister,NPR,2
THSResister,Politics_1138,4
THSResister,RonFilipkowski,2
THSResister,RulesReps,1
THSResister,Shanti88996769,1
THSResister,avataylor02,4
THSResister,tedlieu,1
THSResister,tmas61,2
THarris_18,MattW560,1
THarris_18,theupperbowlpod,1
THrants,washingtonpost,1
TJEck_TV,TJEck_TV,1
TJKan,environment,1
TJUCLA,dallascowboys,1
TKhan_GS,NCI_SurgOncFel,1
TKhan_GS,PTorresAyuso,1
TLM17364389,LaurenLinahan,2
TLPhillips,CBSMornings,2
TLPhillips,StephanieAbrams,1
TLPhillips,weatherchannel,1
TMagistus,LegalAf,1
TMagistus,MaryLTrump,1
TMagistus,MeidasTouch,1
TMagistus,MoveOn,1
TMagistus,OccupyDemocrats,2
TMagistus,democracynow,1
TMagistus,lincolnproject,1
TOPDOORDASHER1,elonmusk,2
TROYPsiPhiGuy,Rahson1919,2
TROYPsiPhiGuy,voguemagazine,1
TRUE_AMERICAN78,APFactCheck,2
TRUE_AMERICAN78,JoJoFromJerz,2
TRUE_AMERICAN78,Lonely_mule,1
TRUE_AMERICAN78,NPR,1
TRUE_AMERICAN78,OccupyDemocrats,1
TRUE_AMERICAN78,WedgeDaren,2
TRUE_AMERICAN78,joe_dif,1
TRsBloodyShirt,AaronGallant88,2
TRsBloodyShirt,AdamChodak,4
TRsBloodyShirt,GSacramoni,1
TRsBloodyShirt,HoHoHomeboyROC,2
TRsBloodyShirt,KathyLy94360640,3
TRsBloodyShirt,News_8,13
TRsBloodyShirt,RochesterSpirit,2
TRsBloodyShirt,TRsBloodyShirt,1
TRsBloodyShirt,alisha_norry,2
TRsBloodyShirt,bennyjohnson,1
TRsBloodyShirt,dbongino,1
TRsBloodyShirt,eriketacost_tv,2
TRsBloodyShirt,northcoast555,4
TRsBloodyShirt,rachbarnhart,1
TSinicke,ElaineRCTV,2
TSinicke,MilwaukeePolice,1
TSinicke,tmj4,1
TT678515045,RAbdiAnalyst,1
TT678515045,somaliland_30,2
TVTEDDY,LevinsReports,1
TVTabnie,GoodTrouble,1
TVTabnie,NickCreegan,1
TVTabnie,TVTabnie,1
TVTabnie,lawandordertv,1
TVbyAlexisB,SpecNewsCareers,1
TVbyAlexisB,VanessaLeonTV,1
TVbyAlexisB,kerwinsp8,1
TWIBaseballSJ,GoRCDukes,1
TWIBaseballSJ,Jacob_Resnick,1
TWIBaseballSJ,StJohnsBaseball,1
TWIBaseballSJ,TheRealJoeJoe17,1
TWIBaseballSJ,Vinelandbasebal,1
TWIndpndnt,TheRajGiri,1
TWIndpndnt,WrestlingInc,1
TWIndpndnt,WrestlingIncCom,1
T_roy2075,ClayTravis,1
T_roy2075,Mickey2015pit,1
T_roy2075,SemperLibertas,2
TabbyGGG10,OccupyDemocrats,2
TackyTeddy,RN549,2
Tacoma_History,TacomaLibrary,1
TahTrini,SoLovelynAmazin,2
TajmaHallTV,CBS58,1
TakeDC,DebbieSVA,2
TakeDC,NicoleArbour,2
TakeDC,contactabrother,2
TalentOverHype,Shogun84462128,2
TalksSoMuch,CNN,2
TallAssDave,shannonsharpeee,1
TallisHolly,KCorcor2770,2
TamaraCanty,CandiErick30,2
TamaraEhlin,MacFarlaneNews,2
TamaraLush,PaulFox13,1
TamikaCody,princeeditor,1
TamikaCody,theGrio,1
TamiyaUK,Trotter2K,2
TammieE1963,LynneKB62,1
TampaBayGamer,alex_moukala,2
TampaSportsGirl,BigStormBrewing,1
TampaSportsGirl,Boltsborough,1
TampaSportsGirl,LJGovoni,2
TampaSportsGirl,shortshift3,2
TannerHedrick92,RapSheet,1
TanyaMobley,CastelliMatt,2
TanyaMobley,RobertS84237250,2
TanyaMobley,joncoopertweets,1
TarH2O23,cnnbrk,1
Tara4Missouri,BrooksforMO,1
Tara4Missouri,Holzer4Mo,1
Tara4Missouri,JohnKiehneForMo,1
Tara4Missouri,LynzforCongress,1
Tara4Missouri,RandiMcCallian,2
Tara4Missouri,ShepherdForMO,1
TaraBusch,maflewis,1
TaraLanewx,CharlotteFC,1
TaraLanewx,Queen_City_News,16
TaraMConnelly,RCSI_Irl,1
TaraMConnelly,UPennTrauma,2
TaraMConnelly,garybassmd,1
TaraMConnelly,pennsurgery,1
TaraMaria74,MonstersOfRock,1
TaraMaria74,kurt_loder,1
Tashaloy,TMZ,2
Tashaloy,bubbaprog,2
TasjeLisandraa,BenGreenfield18,2
TasjeLisandraa,wildiowarose,1
TasslynM,pbromberg,1
TasteofTennis,naomiosaka,1
TavernWISports,JeffPassan,1
TaylorKitteh0,ABC,2
TaylorTots13,washingtonpost,1
Tazmarac,ChuckCallesto,2
Tazmarac,DemocraticDaisy,1
Tazmarac,SethAbramson,2
Tazmarac,TeaPainUSA,2
Tazmarac,Tmp712T,2
Tazmarac,TristanSnell,2
Tazmarac,TuckerCarlson,1
Tazmarac,abdajck,2
Tazmarac,ainsleyearhardt,1
Tazmarac,foxandfriends,1
Tazmarac,foxnewspolitics,1
Tazmarac,mrddmia,1
Tazmarac,seanhannity,1
Tazmarac,selfreflectlife,2
Tazmarac,willchamberlain,2
TbirdTr3y_10,TbirdTr3y_10,1
TbirdTr3y_10,TheDamaniFelder,1
TbirdTr3y_10,ZackMoran12,2
TbirdTr3y_10,mySA,3
TeamGumball5,seanhannity,2
TeamTock,DiMartinoBooth,1
Techconcatalina,Alerta_News_,1
TechdommeWifey,FINALLEVEL,1
Tecnoestres,joannamoncrieff,1
TedTNavyVetInMD,GOP,1
TedTNavyVetInMD,MonicaCrowley,2
TedVando,ConorMichael28,1
TedVando,TedVando,1
TeeHeeBoutique,ChansBabyStay,2
TeeMichelle57,ArchiesServants,2
TeeMichelle57,googlenews,2
TeflonTrone,Gittarhh,2
TeflonTrone,IishaScottNBC5,1
TeflonTrone,LanaHarrisNews,1
TemmeMeil,Acyn,1
TemmeMeil,BretBaier,1
TemmeMeil,lflorepolitics,2
Temple91,GullahRehabbed,2
Temple91,RickK2Snowboard,1
Temple91,myronjclifton,2
Teotihuacan7777,RpsAgainstTrump,2
TeresaCouch7,crawlingsway,1
TeresaCouch7,delamitrinews,1
TeresaCouch7,thejustincurrie,2
TeriCBrownUGA,AnthonySpina94,1
TeriCBrownUGA,MikeSington,1
TeriCBrownUGA,PresidntTicTac,1
TeriCBrownUGA,noco543,2
Terra_Cide,NPR,1
TerriWh109,chipfranklin,2
Terribnice,bravobeez,2
TerrinSenez,BlackKnight10k,2
TerryDunlevy,AshleyKangel12,1
TerryDunlevy,thebradfordfile,1
TerryDunlevy,thewalterh111,2
TerryKershaw1,AvaJeromeStan,2
TerryKershaw1,MarshaBlackburn,2
TerryKershaw1,RonnyJacksonTX,1
TerryKershaw1,brithume,2
TerryKershaw1,pibby,2
TerryPullBurd,JaxAlemany,2
TerryPullBurd,USNatArchives,1
TerryStukey,RexChapman,1
TerryStukey,santiagomayer_,1
Terry_Jim,ToscaAusten,2
TeslaDiamondBlz,BlondieAtlanta,2
TeslaDiamondBlz,DogmoneyDog,1
Tex19,Acyn,2
Tex19,EliseStefanik,2
Tex19,foxandfriends,1
TexasDem2,CasuallyGreg,2
TexasStarrr_,josh_rivera17,2
Tflex,justinbaragona,1
Tflex,maggieNYT,1
ThaDangerousOne,APFactCheck,1
ThaSoapBox,SaycheeseDGTL,1
Thanalla59,RSBNetwork,2
ThankUMrBigInc,QoSBaszler,1
ThankUMrBigInc,ThankUMrBigInc,1
ThankUMrBigInc,WWE,2
ThankUMrBigInc,YaOnlyLivvOnce,1
ThankYouTaceGod,90sKnicksFan,1
ThankYouTaceGod,JSchimenti1982,1
ThankYouTaceGod,KnicksCentral,1
ThankYouTaceGod,Y2JoshyJ,2
ThankYouTaceGod,zherzberg3,1
That70sChk,WSJ,1
ThatBoyDreezee,Mario_Powers_Up,1
ThatBoyDreezee,MarkDsCorner,2
ThatBoyDreezee,StevieJPTX,1
ThatBoyDreezee,hoppdeville,1
ThatGuyZo,JalenRose,1
ThatGuyZo,PabloTorre,2
ThatGuyZo,RyanNantell,1
ThatGuyZo,SaniaBlu_,1
ThatGuyZo,TheAndresPablo,1
ThatGuyZo,alexhyacinthe81,1
ThatGuyZo,enter_dentman,1
ThatGuyZo,vailerin32,1
ThatGuyZo,ya_gottabelieve,1
ThatKidJoeB,PopCrave,1
ThatLaserGame,IH_news,1
Thatboinezy,WBTV_News,2
ThatsSoAndrew,NBCNews,1
The4thCurator,MJPopWorld,1
TheAishetu,BoardReadyWomen,1
TheAishetu,EY_WFF,1
TheAishetu,GuinnessNGR,1
TheAishetu,Mark_Kido,2
TheAishetu,SeeHerOfficial,1
TheAishetu,blackenterprise,1
TheAishetu,helena,2
TheAishetu,takeleadwomen,1
TheAishetu,tariyeg,1
TheAnointedOne,tedcruz,2
TheBeckyBecksss,PeccaryNotPig,1
TheBilly517,FOX47News,1
TheBlakeCheck,Yahoo,1
TheBlakeCheck,squawksquare,2
TheBookOfDev,R0ckTheMike,2
TheButteryOne,kilmeade,2
TheCakeone,therecount,1
TheCazmandu,WAVY_News,2
TheChad_KC,kcsportsfan83,2
TheChaddotc0m,MarketRebels,1
TheCoachJimmy,TOTC_News,1
TheCoachJimmy,VokalNow,1
TheCoachJimmy,drnicomartini,1
TheCurryVault,Hobby_News_Plus,2
TheDirtJohnson,Ourand_SBJ,1
TheDrewMcManus,SkyNewsAust,2
TheEarthDieter,abc7gmw,1
TheEarthDieter,abcnews,1
TheEliKlein,Jusrangers,2
TheEllenDumm,KyleClark,1
TheEmilyB,evhsxctf,1
TheEmilyB,tcmarathon,1
TheFanRochester,SalSports,1
TheFritz330,CFresh216,1
TheGeneral_2030,tradehunter305,2
TheGreatJoshby,AP,1
TheJackalope,MarshaBlackburn,2
TheJacobBrown,AutoPacific,1
TheJacobBrown,Automotive_News,1
TheJacobBrown,MercedesBenz,1
TheJacobBrown,PatrickBMin,2
TheJacobBrown,ekimap,1
TheJim_34,NoLvesMatter,2
TheKayCheck,froomkin,2
TheLawyerCraig,TheLawyerCraig,1
TheLurioReport,Patrick_Colqu,1
TheMMAPanda,CNN,1
TheMMAPanda,FoxNews,1
TheMarkVilla,GalaxyPodcast,1
TheMarkVilla,LAisOurHouse,1
TheMarkVilla,Nag_News,1
TheMarkVilla,kbaxter11,1
TheMattHolt,LIVGolfInv,1
TheMattPetz,QuestForEnergy,2
TheMiamiFC,Helbiz,1
TheMizOnAir,DetroitTigersPR,1
TheMrsJonesAP,MrKleinAIC,2
TheMrsJonesAP,reeses,1
TheMrsJonesAP,tygibson87,1
TheNRHour_,JSNSPORTINGNEWS,6
TheNRHour_,TrentonThunder,6
TheNRHour_,mlbdraftleague,6
TheObamanista,DemocraticWins,1
TheObamanista,cbenavidesTV,1
TheOtakuJock,KevDGrussing,2
TheOzz68,JRCherry3,1
ThePatWhalen,BlockClubCHI,1
ThePatWhalen,Chicago_Reader,1
ThePatWhalen,CityCastChicago,1
ThePatWhalen,TheTRiiBE,1
ThePatWhalen,WBEZ,1
ThePatWhalen,cantvchicago,1
ThePatWhalen,injusticewatch,1
ThePatWhalen,wttw,1
ThePonyBar,BeerInME,1
ThePowersThatBe,charliespiering,1
TheProfessorSD,ThatEricAlper,2
TheQUINNINGTeam,jesuiscinque,1
TheRealAmbrose_,marciiiee,1
TheRealLCB24,Danak65,2
TheRealShakyKen,Xfinity,2
TheRealShakyKen,xfinitylatino,1
TheRealXMoney,Lulu_forAMP,2
TheRealXMoney,TheInsiderPaper,2
TheRealXMoney,disclosetv,2
TheRealXMoney,zerohedge,1
TheRecruiterGuy,Adam_W_Gordon,1
TheRecruiterGuy,Ground_app,1
TheRecruiterGuy,Neeva,1
TheRecruiterGuy,propublica,1
TheRecruiterGuy,vivek7ue,2
TheRedBallistic,TabanSharifi,2
TheRedBallistic,WeatherNation,1
TheRenegade559,UFCRosterWatch,1
TheRickeyBeebe,KariLake,2
TheRickeyBeebe,RepMTG,1
TheRiverWorksCo,FBI,1
TheRogersRevue,AnneHeche,1
TheRossKing,GMB,1
TheRossKing,lorraine,1
TheSecretList,ChiefGaryLudwig,1
TheSecretList,ChiefJohnButler,1
TheSecretList,ChiefJoshWaldo,1
TheSecretList,IAFC,1
TheSecretList,IAFC_SHS,1
TheSecretList,IAFC_VCOS,1
TheSecretList,KStuebing,1
TheSecretList,NFFF_News,1
TheSecretList,NVFC,1
TheSecretList,chiefdonnablack,1
TheSecretList,gatesfoundation,1
TheSergioAngulo,Opendoor,1
TheShambles3,DannyEmerman,2
TheSouthS1der20,ChuckGarfien,2
TheSouthS1der20,NBCSWhiteSox,1
TheSouthS1der20,RyanMcGuffey,1
TheStrengthU,OliviaTroye,2
TheTechProfe,jesush1979,1
TheTomGeorge,AH7E,1
TheTomGeorge,NuttleNews,1
TheTomGeorge,thatnewslife,1
TheUNT6,gomeangreen,1
TheUnseenPara,ApplePodcasts,1
TheUnseenPara,Stitcher,1
TheUnseenPara,iHeartRadio,1
TheUnseenPara,pandoramusic,1
TheUnseenPara,podbeancom,1
TheUnseenPara,spotifypodcasts,1
TheValuesVC,Atlassian,1
TheValuesVC,CNBC,1
TheValuesVC,CNBCTechCheck,2
TheValuesVC,Cloudflare,1
TheValuesVC,JBoorstin,1
TheValuesVC,ToastTab,1
TheValuesVC,dee_bosa,1
TheValuesVC,mondaydotcom,1
TheValuesVC,reckless,1
TheVille,TimProbable,2
TheWorldMother,CarignanAbreu,2
TheWorldMother,imillhiser,1
TheXplosiveEdge,elkhorntraining,1
The_Big_Kool,Hobby_News_Plus,2
The_Broganator9,Inside_Lacrosse,1
The_Broganator9,Jake_Taylor_10,1
The_Broganator9,NDlacrosse,1
The_Broganator9,TerenceFoy,2
The_CaseyBoy,NJTommci,2
The_CaseyBoy,catturd2,1
The_Last_Age,Jim_Jordan,2
The_Mockers,ABC,1
The_Mockers,HalSparks,1
The_Phantom_DJ,FederalNewsNet,1
The_Rhone_1,Aznhick80,2
The_Shadow__68,680TheFan,1
The_Shadow__68,Braves,1
The_Shadow__68,KevinMcAlpin,1
The_Shadow__68,leeeahhhhh,1
The_WWERingPost,GOP,1
The_WWERingPost,laurenboebert,1
The_WWERingPost,mtgreenee,1
ThebostonGary,cfranklinnews,1
ThebostonGary,toptittys,2
Thecyclingdane,IsraelPremTech,1
Thefatboy2003,iamcuda,2
ThemeParkDuo,ThemeParkDuo,1
Theotherdae,shaunking,1
TheyCallMeDaymz,ABCPolitics,1
ThibTweets,danjlevy,2
ThibTweets,motherboard,1
ThickofThings,RonnyJacksonTX,2
Thingsa66147723,KOINNews,1
Thingsa66147723,PDXRandyLee,2
Think1_1981,RepRoKhanna,1
Think1_1981,sberends1,2
ThinkingSapien,CodingEtudes,1
ThinkingSapien,CommishSmith,2
ThinkingSapien,DevinCow,1
ThinkingSapien,EndWokeness,1
ThinkingSapien,GameUntilYouDie,2
ThinkingSapien,HarambeSkawk,1
ThinkingSapien,John93047442,2
ThinkingSapien,JosephPoulin175,1
ThinkingSapien,Katerationopia,1
ThinkingSapien,LPpowerofone,1
ThinkingSapien,Lormif1,1
ThinkingSapien,NewStyle303,1
ThinkingSapien,SergioVengeance,2
ThinkingSapien,SwipeWright,1
ThinkingSapien,Turkish_007,1
ThinkingSapien,USConst_Amend_I,1
ThinkingSapien,WakeUpCall58,1
ThinkingSapien,angela4LNCChair,1
ThinkingSapien,fakezelensky55,2
ThinkingSapien,jdsanctioned,1
ThinkingSapien,kareem_carr,1
ThinkingSapien,kurenaixiii,1
ThinkingSapien,mmasnick,1
ThinkingSapien,mystervui,1
ThinkingSapien,scr00ve,1
ThinkingSapien,szelvenskiy,2
ThinkingSapien,wqsaves,1
ThisIsJDC,Jill_Jorgensen,2
Thistleandbird,PhoenixMercury,2
Thistleandbird,axios,2
Thistleandbird,jboehm_NEWS,3
ThomasBentonSC,Patriota_81,2
ThomasChelly1,CGasparino,2
ThomasChelly1,FoxBusiness,1
ThomasChelly1,TheJusticeDept,1
ThomasCrow15,Colts,1
ThomasCrow15,IUMediaSchool,1
ThomasCrow15,TheHoosierNet,1
ThomasCrow15,jackcedwards,1
ThomasJFarrell7,GeraldoRivera,2
ThomasJFarrell7,staceyabrams,2
ThomasWIttig3,EileenDiana,3
ThomasWIttig3,Mintman0007,3
ThomasWIttig3,NotarSD,1
ThomasWIttig3,Paulie_Z_2130,3
ThomasWIttig3,dwthompson1945,1
ThomasWIttig3,veritasrepublic,2
Thomas_L_Murray,TheAndyFee,1
Thompso85805036,ReecieColbert,1
ThornwingMLP,BajaGryphon,2
ThoughtCriminal,JackPosobiec,2
ThrashMetalIQ,FoxNews,2
ThriftyHeel,JesseBWatters,1
Thunderstick19,BenHigginsSD,1
Thunderstick19,PaulReindlSD,1
Thunderstick19,thestevenwoods,1
Tiburon2674,TheTNHoller,1
TieDyeBlotter,alexdemling,1
TierneyODea,Tomycardy,2
TigerLover78,KitDragonFlight,2
TikvahHannah,joncoopertweets,1
TimBDOCI,FoxNews,2
TimCannata,Doogs617,2
TimLee57,RosannaPhillip,2
TimPNW98104,ronin19217435,1
TimRoemerAZ,DougDucey,1
TimRoemerAZ,KOLDNews,1
TimTimoj67,BrantleeSR,2
TimTimoj67,chronicle,1
TimWJackson,ColoradoSun,1
Tim_Yocum,GainesvilleSun,1
Tim_Yocum,Gannett,1
Tim_Yocum,bbehindacamera,2
TimothyDuenas3,FoxNews,2
TimothyDuenas3,SteveScalise,2
TinyBarb65,BeschlossDC,1
TinyBarb65,El_Shabs,2
TinyBarb65,JoJoFromJerz,1
TinyBarb65,menglund,1
TinyWerewolves,GovPritzker,1
TinyWerewolves,RepKellyCassidy,1
TioLouie,BeschlossDC,2
TiredAz,Irma_Spikeymama,2
Titasista,GOP,1
Titasista,china,1
TitoRuizJr,BroBible,1
TitsMcG10613254,LCOutpost,1
TmTCharlie,MWAction_,2
TmTCharlie,sharkguy726x2,1
Tmays1587,ShamsCharania,1
TmoneyTalks,itismitchell,2
TobiasWolfdog,GoniFox,2
ToddMcCartney88,Mikeinthe330,4
ToddP10,DrDolfan_MD,2
ToddP10,OmarKelly,1
ToddParkman,AlexMcDaniel,2
Todd_Rosiak,dennistlin,1
Toddybrandon15,2020_re_VISION,1
Toddybrandon15,AmyPollano,1
Toddybrandon15,Bluzforever,1
Toddybrandon15,DocDeezWhat,1
Toddybrandon15,ElegantLadyBlue,1
Toddybrandon15,Evry1H8sGrtzLOL,1
Toddybrandon15,Fievel131,2
Toddybrandon15,Flattielover,1
Toddybrandon15,FreeAsFuck45,1
Toddybrandon15,GovRonDeSantis,1
Toddybrandon15,GrahamC37637916,1
Toddybrandon15,Huckleberry1023,1
Toddybrandon15,IZMKS44,1
Toddybrandon15,JBCtheSecond,1
Toddybrandon15,James47377771,1
Toddybrandon15,Kelledin,1
Toddybrandon15,KleeOntheRight,1
Toddybrandon15,LadyOfTheOcean1,1
Toddybrandon15,LordButters22,1
Toddybrandon15,MTStringer1,1
Toddybrandon15,MarcySillver1,1
Toddybrandon15,Mike44502881,1
Toddybrandon15,Missy8008135,1
Toddybrandon15,MistressRedWasp,1
Toddybrandon15,MrChingonE,1
Toddybrandon15,PeterBartholo14,1
Toddybrandon15,ProudPTDeeDee,1
Toddybrandon15,PruBaker_10,1
Toddybrandon15,RushvilleRockit,1
Toddybrandon15,Saggit95,1
Toddybrandon15,SnarkyCity,1
Toddybrandon15,Synyster63,1
Toddybrandon15,TRHLofficial,2
Toddybrandon15,TastyMorsel6,1
Toddybrandon15,TheBigGuyIsJoe,1
Toddybrandon15,TomDoubting,1
Toddybrandon15,TreatHunterDog,1
Toddybrandon15,TruByte,1
Toddybrandon15,Trumpster20,1
Toddybrandon15,antiLibmob,1
Toddybrandon15,cake_candace,1
Toddybrandon15,gmarshall1965,1
Toddybrandon15,johnmor49451893,1
Toddybrandon15,lizstl13,1
Toddybrandon15,missled2u,1
Toddybrandon15,nitros1954,1
Toddybrandon15,rosegar17673310,1
Toddybrandon15,schmevilagain,1
Toddybrandon15,shrekvivre,2
Toddybrandon15,simontalks12,1
Toddybrandon15,stevebarone,1
Toddybrandon15,to_the_flag,1
Toddybrandon15,uspstarr,1
Tokdoc,Angry_Staffer,1
Tokdoc,CBSNews,1
Tokdoc,Doubleeagle25,2
Tokdoc,Garrett_Archer,2
Tokdoc,MarcSheahin,2
Tokdoc,NBCNews,1
Tokdoc,PinalCounty,1
Tokdoc,TheLastRefuge2,3
Tokdoc,UberMenchies,1
Tokdoc,foreverbanned69,2
Tokdoc,margbrennan,1
Tokdoc,openapostrophe,2
Tokdoc,stopthecrazines,1
TokeUpKillNazis,CNN,1
TokeUpKillNazis,TokeUpKillNazis,1
TokeUpKillNazis,nytimes,1
TolsmaVideo,Public_Justice,1
TomBarn82753032,DCRobMan,2
TomBarn82753032,FoxNews,1
TomBarn82753032,MikeSington,2
TomBarn82753032,laurenboebert,1
TomDriscollEDU,EdTechTeacher21,1
TomGerend,KCMikeMahoney,1
TomNovak2113,GOP,1
TomNovak2113,ParkerMolloy,1
TomPorterDC,KaitHetrick,1
TomPorterDC,USNavy,1
TomPorterDC,iava,2
TomTrudeau,ALLIDOISWENDEL,2
TomTrudeau,mojo,2
TomVargheseJr,AcademicSurgery,1
TomVargheseJr,BrighamSurgery,1
TomVargheseJr,BrighamWomens,1
TomVargheseJr,MassGenBrigham,1
TomVargheseJr,STS_CTsurgery,1
TomVargheseJr,SocietyofBAS,1
TomVargheseJr,UnivSurg,2
TomVargheseJr,roberthiggins32,1
Tom_Myers,frankolafII,1
TomahawkinNole,AuxGod_,1
TommiEng,ParkerIRL_,2
TommiEng,afspnational,1
TommiEng,alessiacara,1
TommyLaney2,Mudshark1974,1
TommyLaney2,POTUS,1
TommyLaney2,WestCoastFionda,1
TommyLaney2,p___goncalves,2
TommyLe25465404,hugolowell,2
Tommy_ToeShoes,CHRIS_Daughtry,1
Tommy_ToeShoes,Daughtry_News,1
Tomohiostate23,11W,1
Tomohiostate23,BillisKing,1
Tony94090932,Jim_Jordan,1
TonyAWP,AndrewYang,2
TonyAtkinsTV,JuliaEAinsley,1
TonyBrunoShow,DanRather,2
TonyFratto,Tammy,2
TonyFratto,jigolden,1
TonyTarantino__,nflrums,1
TonyVargas,lgbtequalitypac,1
TonyVargas,nasw,1
TooMuchMe,OneHeraldGuild,1
TorchysBar,JonLemire,1
TorchysBar,TribLIVE,2
TorchysBar,briantylercohen,1
ToriMasonTV,AlanGTV,1
ToriMasonTV,CBSNewsColorado,1
ToshiaD_,KamieCrawford,2
ToughCrypto1,ApeSaudis,2
ToughCrypto1,PepeApeYC,1
Toups_J,LamarCISD,1
Toups_J,WeAreGRHS,1
TownOfAmherst,ACTVMedia,1
Trace_Urdan,arotherham,1
Trace_Urdan,kevincarey1,2
Trace_Urdan,kjamundson,1
TracieIngram17,Ben_Vahey,1
TracieIngram17,JeffK72,1
TracieIngram17,ROCHNYCRIMEINFO,1
TracieIngram17,ROCLocustClub,1
TracieIngram17,RPLCinfosharing,1
TracieIngram17,Suicide1K,2
TracieIngram17,barstow_scott,1
TracieIngram17,mcfw,1
TracieIngram17,r_heals13,1
TracyNovick,graftonvillager,1
TranceSpectrum,SneijderMusic,1
TravelerIberian,ChadLindberg,2
Travelersrest,GregHilburn1,2
Travelersrest,ScottYoshonis,1
TravisBShaw17,brithume,1
TravisBShaw17,cptky,1
TravisBShaw17,peg68197415,2
TravisBraz,Eddieonfox,1
TravisBraz,FoxSportsRadio,1
TravisBraz,picklesbaseball,1
TravisHerron,mdudas,2
Travis_Auty,RaidsRage,1
Travis_Auty,Travis_Auty,1
Travis_Burton,FoxNews,2
Travis_Burton,IngrahamAngle,1
Trayandre10,ChrisBHaynes,2
Trayandre10,YahooSports,1
Trayandre10,hazansportsmgmt,1
Trebloccici,CNN,2
Trebloccici,YandR_CBS,2
Trebloccici,paramountplus,1
TrentDDunn,billmaher,1
TrevorPetersTV,purdueglobal,1
TrevorSoi,abetterlizard,2
TrevorZabar,HoopsHotel,2
TrevorZabar,NetsKingdomAJ,1
TreyoWolf,CFCDP1,1
TreyoWolf,RH_CFC,1
TreyoWolf,TheScore01,1
TrinityHSSports,CVC_Athletics,1
TrinityHSSports,CleGuardians,1
TrinityHSSports,GuardiansCD,1
TrinityHSSports,MayorNEOPrep,1
TrinityHSSports,NEOSportsInside,1
TrinityHSSports,TrinityHS_SB,1
TrinityHSSports,aleeburke14,1
TrinityHSSports,lillex00,1
TrinityHSSports,ohiovarsity,1
TrinityHSSports,rphurley3,1
Tripura_Maha,SuperRare,1
Tripura_Maha,loisvoirol,2
Tripura_Maha,manifoldxyz,1
TrisInToledo,laurenbillet_,2
TrishieNJ,ShaniaTwain,1
TrishieNJ,TWAINSHANIER,1
TrishieNJ,sanjuan2023,2
TristaGenovese6,TheYoungTurks,1
TrollsWVB,TrollsAthletics,1
Troublesome_Tre,_dnxw,2
Troublesome_Tre,sxgl0,1
TroyDonte,FOX5Vegas,1
TroyDonte,JohnQABC,1
TroyDonte,TheMirageLV,1
TroyDreyfus,ECUAthletics,1
TroyHermo,SouthwestAir,1
TroyLimeishere,SebGorka,1
TroyLimeishere,laurenboebert,2
TroyMOlson,thizzl_,1
TruckECM,TruckECM,1
TruckerTony0903,DrewOnTheRadio,1
TruckerTony0903,TheJohnSenning,1
TrueNYJetGS,Acyn,1
True_Thoughts,BLaw,1
TruettGlen,RufusTSuperfly,1
Trump1953,DianaSEvans1,1
Trump1953,ReutersFacts,1
TrumpidiotF,FoxNews,3
TrumpidiotF,realtorrawlings,2
TuckerBlanc,mjunc1023,2
TucsonTattoos,AZATHLETICS,1
TucsonTattoos,ArizonaFBall,1
TucsonTattoos,CAT04ZONA04,1
TucsonTattoos,CoachJeddFisch,1
TucsonTattoos,NILNewsstand,1
TucsonTattoos,On3NIL,1
TucsonTattoos,Pac12_News,1
TucsonTattoos,PoweredByBPS,1
TucsonTattoos,SSN_Zona,1
TucsonTattoos,fowwua,2
TucsonTattoos,jeremycrabtree,1
TucsonTattoos,whatsuptucson,1
Tucson_Sam,PeteButtigieg,1
Tucson_Sam,Tucson_DTM,1
TuddleOnRadio,JoeJohnsonOnAir,2
TuddleOnRadio,RickSanchezTV,1
TuddleOnRadio,stevevoiceover,1
TuddleOnRadio,wsvn,1
TuffTiffResists,kurtbardella,1
TuffyThePooh,MLovesToRun,2
TuftsFMR_CHA,Faizawo_MD,1
TuftsFMR_CHA,challiance,1
TulsaRoughnecks,seanhannity,2
Turbineguru,wpri12,1
Turk__182_,DuckBoozed,2
Turk__182_,Lin_Manuel,1
Turk__182_,michaeljburry,1
Tvbona,Tvbona,2
Tweetachai,IAmSteveHarvey,2
TweetingbyMatt,pennsylvaniartc,1
Tweetisaurus,JoshLukeDavis,1
Tweetisaurus,LSmonster,2
Tweetisaurus,nhcooper123,1
Tweetisaurus,thiswordistaken,1
TweetsByStacey,chillipipers,1
TweetsFromW,TweetsFromW,1
Twist31,DarkMessiah1776,2
TwistedTorchTv,YouTube,3
TwoHeadedGoy,Quicktake,1
TxAdam87,cwt_news,2
TylerDevitte,John_Karalis,2
TylerTheVoice,PodGuyFuges,2
TylerTheVoice,dabearsblog,1
TyronMcDaniel,antonia_mdprjct,1
UAKirkORD,DJKinzelman,1
UAKirkORD,GBieloszabski,2
UAKirkORD,MannyPrieto3,1
UAKirkORD,MikeHannaUAL,1
UAKirkORD,Tobyatunited,1
UAKirkORD,united,1
UDontKnowDoU_,DebbieKuhl,1
UDontKnowDoU_,LS2Freedom,2
UDontKnowDoU_,ProtectOurDaug1,1
UDontKnowDoU_,mattgaetz,1
UGAFanTim,FoxNews,2
UGAFanTim,JakeEvansGA,2
UGAFanTim,RepMTG,2
UKSBCoA,AARPKY,1
UKSBCoA,AlzKYIN,1
UKSBCoA,LexKySocialServ,1
URKiddinMee2,RonFilipkowski,2
USA4JoshVernon,RonnyJacksonTX,2
USAvivRN,Jim_Jordan,2
USLLeagueTwo,Lopez_Roro,1
USLLeagueTwo,SacRepublicFC,1
USMJParty,googlenews,1
UStowncryer,BarbraStreisand,2
UStowncryer,FrLanzPercepzun,2
UTEddieBrown,incarceratedbob,1
UTEddieBrown,josecarreras1,2
UT_MAZ,RonFilipkowski,1
U_Monkey_U,MSNBC,1
U_Monkey_U,ktbenner,1
Ucimaqt1,POTUSN,1
Ucimaqt1,Reuters,1
UltraDamagdMaga,Kallikala,4
UltraDamagdMaga,Lawlady99,2
UltraDamagdMaga,TimRunsHisMouth,2
UltraDamagdMaga,UROCKlive1,1
UltraDamagdMaga,noondlyt,1
UltraDamagdMaga,prgc21,2
UltraDamagdMaga,therealstufff,1
Umbr30n,Umbr30n,1
Umpire20,GOPChairwoman,1
Umpire20,MikeTurnerOH,1
Umpire20,emptywheel,1
UncleMaui1983,MorganSaxtonTV,2
Uncle_Heff,AfterDark_Heff,1
Uncle_Heff,cryptomasa2,1
Uncle_Heff,paspaces,1
Uncle_Heff,steelers8452,1
Unclebach,modestmouseband,1
UndeadPunisher9,Merryweatherey,2
Universe__Lover,HamasakiLaw,1
Universe__Lover,KTVU,1
Universe__Lover,parisa4justice,2
UofOfan23,atrupar,2
UpasanaSharma95,ASG,1
UpasanaSharma95,AtmanMTrivedi,1
UpasanaSharma95,JamesSchwemlein,1
UpasanaSharma95,SukantiG,1
UprEchelonCharm,frans_bongani,1
Upsdriver1991,smerconish,1
Upson4WV,Shawn_Farash,1
Upson4WV,realDonaldTrump,1
Usctim2,CitizenNotSlave,2
VBPD,WAVY_News,2
VDAliesio,CDS_TUHSD,1
VDAliesio,CdS_Football,2
VDAliesio,CoachBarro,1
VDAliesio,KevinMcCabe987,3
VDAliesio,TUHSD_News,2
VDAliesio,VarsityShow,1
VDAliesio,huffine_tuhsd,2
VFGMovies,LisaMarieBoothe,1
VFGMovies,aime2smile,2
VOAYYH,POTUS,1
VOAYYH,VOAChinese,4
VOAYYH,VOANews,4
VOAYYH,VOAYYH,1
VOAYYH,news_cts,3
VPsalesBD,Oracle,1
VScibior,ALeggardTV,2
VTBandHaileypup,peterframpton,2
VTabs1984,DanSileoShow,1
Vadurro_becky,LuckydogEman,2
Vadurro_becky,RepMTG,1
Vadurro_becky,fornow35,1
Vadurro_becky,marklevinshow,2
Vadurro_becky,realDailyWire,2
ValVivino,Chris_1791,2
ValVivino,newsmax,1
ValentiaMichael,YouTube,1
Valerianshiny,NIH,1
ValerieJuarezTV,MatthewWeesner,1
ValerieJuarezTV,NTVNEWS,1
ValientThorr,abughazalehkat,2
Vamp_428,TheRemotePatrol,2
VanHoAdam,darreldrowland,1
VandM_TX,SullyCNBC,2
Vanilla01240004,MonicaCrowley,2
VanshayM,Alyssafarah,1
VanshayM,ananavarro,1
Varnerism,AmoneyResists,2
Varnerism,PlagueDocIsIn,1
Varnerism,Rschooley,2
Varnerism,uhh_merica,1
VaryCarolyn1,MGFox_SCDem,2
VaryCarolyn1,OccupyDemocrats,1
VaryCarolyn1,azcookie8,1
VaughnMichael13,NECA_TOYS,1
VaughnMichael13,TMNT,1
VaughnMichael13,ToyNewsInterna1,2
VavrinTracey,epidemicofhate,2
VaxxedandVexxed,BaddCompani,2
VaxxedandVexxed,DianaMcBlue,1
VaxxedandVexxed,KevinRo23303423,2
Veemilesattnet1,AngWxGrl,2
Veemilesattnet1,CalltoActivism,1
Veemilesattnet1,FOX2now,1
Veemilesattnet1,JoeWBowles,2
Veemilesattnet1,JoyceWhiteVance,2
Veemilesattnet1,LakesideRD,1
Veemilesattnet1,LisaLauder6,2
Veemilesattnet1,MSNBC,1
Veemilesattnet1,Meinknoxville,1
Veemilesattnet1,NBCNews,1
Veemilesattnet1,OccupyDemocrats,1
Veemilesattnet1,RealOmarNavarro,1
Veemilesattnet1,SpiroAgnewGhost,1
Veemilesattnet1,USAFacts,1
Veemilesattnet1,VippusaO,2
Veemilesattnet1,What46HasDone,2
Veemilesattnet1,_Vote_Blue_2022,1
Veemilesattnet1,jenaglez,2
Veemilesattnet1,jeszymk,1
Veemilesattnet1,kurtbardella,1
Veemilesattnet1,kylegriffin1,1
Veemilesattnet1,mhdksafa,2
Vegas724,atrupar,2
VegasLawyer702,Ace_of_Spades72,2
VemberJudgement,GodsRon,2
VemberJudgement,Sandyinthebeach,1
VemberJudgement,libsoftiktok,1
VemberJudgement,nickineily,1
VenteWest,GlowingUpfire,1
VenusHeard15,Meidas_Sam2732,2
VenusHeard15,Mollyploofkins,1
VenusHeard15,VenusHeard15,1
Venzi5Ventura,TampaBayGary,2
Venzi5Ventura,stewpotfan,1
Vera_Irons,StudioDcn,2
Veronic31491223,covie_93,2
Veronicaromm,FBI,1
Veronicaromm,maddow,1
Vic_Stone1,HuffPost,1
Victori59647740,BrandiKruse,2
VictoriaBeeson,latimesent,1
VictoriaECrosby,FoxNews,2
VictoriaECrosby,Redskin_girlnm,1
VictoriaECrosby,VABVOX,2
VictoriaECrosby,mehdirhasan,2
VictoriaECrosby,mickeyholden,2
VictoriaECrosby,nursevictoria11,1
VictoriaECrosby,pjalexander6,2
VictoriaH1962,charliekirk11,2
VictoriaPellot2,kylegriffin1,1
Victorriarenee,nbcsandiego,1
Vidal0722,iamchanteezy,1
Vidal0722,notcapnamerica,2
VinCProhairart,thechrisdenker,2
VinceNetz,StarTribune,1
VinceNetz,WentRogue,2
VinceSheetz,Jeffrey57415872,2
VinceSheetz,JoeMaggi55,4
VinceSheetz,nicmwill,1
VincentJalapeno,Variety,1
VinnieParise,NHLBruins,1
VinnieParise,PredsNHL,1
Violet_Woolf,cee_pain,2
ViperSilverR,Angry_Staffer,2
ViperSilverR,F16Vet,2
ViperSilverR,GalenHarper1,2
ViperSilverR,MSNBC,1
ViperSilverR,MaddowBlog,1
ViperSilverR,RekietaLaw,1
ViperSilverR,SammyBytes,1
ViperSilverR,lawofruby,2
ViprThereal,Padres,3
ViraIefremova,ChristinaAuYeu1,1
ViraIefremova,Dev_journal,1
ViraIefremova,JuanEdoRG,1
ViraIefremova,SalataAda,2
ViraIefremova,UKubitscheck,1
ViralNewsNYC,GeoffreyADavis,1
ViralNewsNYC,iamrevkev,1
ViralNewsNYC,votebrian,2
Virgiloneal141,ClickNStoned,2
Virgiloneal141,bennyjohnson,1
VirginiaSanphi4,GregSto00569413,2
VirtualDan365,187JDR,1
VirtualDan365,DJTRAXNFT,1
VirtualDan365,Vinix127,2
VirtualyStoopid,VirtualyStoopid,2
VisionBizTommy,CeFaanKim,2
VladNuwanda,washingtonweek,1
VoiceCandy,GrammarTable,1
VoienBrian,YouTube,1
VoteChelseaO,GoErie,1
VoteChelseaO,jjabbott,1
VoteGloriaJ,Siobhan_May,1
VoteGloriaJ,jasonbmartin,1
VoteGloriaJ,mandersonville,5
VoteGloriaJ,wasseesnassee,2
VoteJMA,ErinForYall,1
VoteNickG,CityofPhoenixAZ,1
VoteNickG,MayorGallego,1
VoteNickG,PeteButtigieg,1
Voteforellenm,Voteforellenm,1
WACHoopsDigest,CBULancers,2
WACHoopsDigest,RoccoMiller8,1
WACHoopsDigest,SFA_MBB,1
WAVY10Bob,ChrisHorneWAVY,1
WAVY10Bob,J_Wheeler_WAVY,1
WAVY10Bob,StormHour,1
WAVY10Bob,WAVY10Bob,1
WAVY10Bob,WAVY_News,8
WBC_llc,Bernie_Mac_News,2
WBC_llc,LilRel4,1
WBC_llc,MelindaBryce,1
WBC_llc,PermutedPress,1
WBC_llc,TheRealAntonioA,2
WBC_llc,amazon,1
WBC_llc,audible_com,1
WBC_llc,candidjazz,1
WBC_llc,sinbadbad,1
WBFFAmy,Orioles,1
WCCNnews707,BuddyMarbleshoc,1
WCCNnews707,FomoBozo,1
WCCNnews707,FuegoSBX,1
WCCNnews707,IceQueen82314,1
WCCNnews707,PepeApeYC,1
WCCNnews707,SupremeBonesX,1
WCCNnews707,West_Skizzy23,1
WCCNnews707,pepetakeover,1
WDFW,WDFW,1
WETHEKINGDOMQ11,Loki11Lowkey,1
WETHEKINGDOMQ11,US_STRATCOM,1
WETHEKINGDOMQ11,WETHEKINGDOMQ11,1
WFrancisEsq,RepAndyBiggsAZ,2
WFrancisEsq,joelpollak,2
WGTabletop,425suzanne,1
WGTabletop,AmericanoOnLine,1
WGTabletop,AngryTetris,2
WGTabletop,sumfatkid,1
WGTabletop,theimpulsivebuy,1
WIActivist,Redskin_girlnm,1
WIActivist,craigmindrum,2
WIDistributors,drinkloverboy,1
WLimestall,xenergynuclear,2
WOTS_WSB,MalaniKai,2
WOTS_WSB,shelleywynter1,3
WOTS_WSB,wsbradio,1
WPwyatt6,DiscussingFilm,1
WRALAaron,WRAL,2
WShaneSchmidt,CNN,2
WTravisBreen67,EntMillennials,2
WWEMATT1,AutoNation,1
WWEMATT1,MiamiDolphins,1
WWEMATT1,aaronseifert,1
WWEMATT1,phillipdilling1,2
WaShuGolf,LivePDDave1,2
WadeWilsonWorld,Jayzoplenes,1
WadeWilsonWorld,JenDurbent,1
WadeWilsonWorld,TypicalRatBoi,2
WahbaRachel,vegnaay,2
WaitingForRona,ThomasPSulliva2,2
WaldorickWilson,TomFitton,2
WaleriusJason,kv5six,2
WalkerMardy,brwneyedgirl_71,2
Wallacewriter,JonLemire,1
WallyB3,AndrewWarrenFL,2
WallyB3,CNN,1
WaltHaim,Viola_Nation,1
WandaValverde,GOPLeader,1
WandaValverde,IngrahamAngle,1
WandaValverde,Jim_Jordan,1
WandaValverde,LanceUSA70,2
WandaValverde,RepGosar,1
WandaValverde,RepMTG,1
WandaValverde,TuckerCarlson,1
WandaValverde,laurenboebert,1
WandaValverde,seanhannity,1
WandererAli,PTI_News,2
WanyaRWMAZ,CamGaskinsTV,2
WanyaRWMAZ,WBTV_News,1
WarrenJDickey28,AthousandBrains,2
WarrenJDickey28,hamngapo,1
WarzoneQG,OpTic,1
WarzoneQG,SeattleSurge,1
Wasatchbay,joncoopertweets,2
Wawanda02Nelson,Elisa50027274,2
Wawanda02Nelson,StevenBeschloss,1
WayneDawsonFox8,StefaniSchaefer,1
WayneDawsonFox8,staceyfreyfox8,1
WeGotEmUpland,avhs_news,1
WeSoldierOn,BrewBrightIdeas,1
WeatherJackie,DCNewsNow,1
WeatherMatrix,LilDivaz1,1
WedgeLIVE,EJMagnuson,1
WednesdayComix,MarSanJ47,2
WednesdayComix,ToyGalaxyDan,2
WeedonAmy,NPR,2
WeekendatGabes,DCComics,1
Weinrich_201,BlakeEllis,1
Weinrich_201,RevDocGabriel,2
Weinrich_201,rachkolnikov,1
WelcomingAll,Local4News,1
WelcomingAll,TatiAmare,1
WeliWhatEver,BPLBoston,2
WeliWhatEver,BenBerke6,2
WeliWhatEver,GBH,1
WellesDonna,Interaffairs,1
WellesDonna,MID_RnD,1
WellesDonna,PMSimferopol,1
WellesDonna,RusEmb_LT,1
WellesDonna,RusMission_EU,1
WellesDonna,RussiaUN,2
WellesDonna,UN_News_Centre,1
WellesDonna,UN_Report,1
WellesDonna,mfa_russia,1
WellesDonna,rusemb_pl,1
WellesDonna,rusembassynl,1
WellnessExpert2,NorCalSportsTV,1
WellnessExpert2,OwlFootball_,2
WendellHusebo,AnthonySabatini,2
WendellHusebo,CNN,1
WertheimKristen,AZ_Brittney,3
WertheimKristen,IrishInDetroit,2
WesSkym,playbill,1
WestCoastBias11,MarinersPup,1
WestSuburbHomes,AnthonyCousins7,1
WestoncMiller,Dreamworks,1
Wharfrat2004,DPRK_News,1
Wharfrat2004,EclecticRadical,1
Wharfrat2004,FoxtrotPapaC32,2
Wharfrat2004,ninaturner,1
WhatleyNCGOP,GOPChairwoman,1
WhatleyNCGOP,RNC,1
WhiningAbtZoop,ViktorzeHusky,2
WhiteWeather_,225MPH_EF4,4
WhiteWeather_,News_DentonNC,2
WhiteWeather_,RiskeChris,4
WhiteWeather_,Wicky_dubs_WX,2
WhitehavenHIGH,YouTube,1
Whiteshirt71,arburnside,1
Whiteshirt71,somewhatMPLS,2
WhitneyIsANerd,enews,1
WhoIsDTJackson,JudgeJeanine,2
WhoIsDTJackson,Mollyploofkins,2
Who_GonPopMe,ShopRedHanded,2
Whodat49007529,tedcruz,2
Whtemchaluvbear,Whtemchaluvbear,1
WiCKEDSERViCE,ElijahSchaffer,1
WiCKEDSERViCE,WiCKEDSERViCE,2
WiattChris,VaryCarolyn1,2
WiattChris,mini_fig,1
WildBill9000,WhoAmIinSpace,2
WildcatsDen_SA,NISDSotomayor,1
WillCleveland13,bigditchbrewing,2
WillCleveland13,clevelandprost,1
WillLewisTV,nytimes,1
WillSnyder_CO,PearsonSharp,1
WillTheLandMan,Variety,1
Will_Walker_Pub,jamarold,2
Will_Walker_Pub,mehdirhasan,1
WillemBagchus,Softapocalypses,2
WillettGeordie,POTUS,1
WillettGeordie,cbjkc5,2
WillettGeordie,johnrich,2
WillettGeordie,kilmeade,2
William38558850,LisaMarieBoothe,1
William41772301,BretBaier,1
William41772301,FoxNews,1
William41772301,LeaderMcConnell,2
William46676045,Pickswise,1
William46676045,Reds,1
William46676045,jasonsdeli,1
William92162880,CalebJHull,2
William92162880,POTUS,2
WilliamByrdUSA,Mike_M_Klotz,2
WilliamFKincaid,RowenaDances,2
WilliamMaranci,axios,1
WilliamRich2012,BillyBostonStr,2
WilliamRich2012,FoxNews,1
WilliamRich2012,RepMTG,1
WilliamRich2012,TG22110,2
WilliamRich2012,Twitter,1
WilliamRich2012,facebook,1
WilliamRich2012,instagram,1
WilliamRich2012,laurenboebert,1
WilliamRich2012,mattgaetz,1
WilliamWebb73,CNN,1
WilliamWebb73,existentialfish,1
WilsAnalytics,ZacharyOS,2
WilsonVango,paddlemon,2
WineOhhhh,CNN,1
WineOhhhh,DIRECTV,2
WineOhhhh,FoxNews,1
WineOhhhh,ImchllinKim,2
WineOhhhh,MSNBC,1
WineOhhhh,TVTweeties,4
WineOhhhh,disneyplus,2
WineOhhhh,maddow,2
WineWoman,MariaCo68737421,2
WineWoman,crushtheracists,1
WingedNation,4DannySmith,2
Wintery1atHome,mirandadevine,2
WiseOldBHJ,footballitalia,1
WittyKnitter504,Cassiewdsu,2
WittyKnitter504,wdsu,1
WizardKelly15_,therealNeeya,2
WojDaGawd,ABC11_WTVD,1
WojDaGawd,EAABC11,1
Wolf6_Actual,ows_luh,2
WolfeGlenda,JDjwhite54,1
WolfeGlenda,SugarMAGA,2
WolfgangMauritz,clauok10,2
WolfgangRPeter1,ACTBrigitte,2
Women2Dc,MayraFlores2022,1
Women2Dc,ScottforFlorida,1
Women2Dc,TheView,1
Women2Dc,Women2Dc,1
Women2Dc,ananavarro,2
Women2Dc,kathygriffin,2
Womenofcolorglf,Aramco_Americas,1
Womenofcolorglf,BlackGirlsGolf,1
Womenofcolorglf,EdwardWatersMBB,1
Womenofcolorglf,LatinaGolfers,1
WoodheadVicki1,igorsushko,1
WoodsGoods,BLS_gov,1
WoodsGoods,WoodsGoods,1
WoodyB1260,8ironmike,2
WoodyB1260,POTUS_15,1
WoodyB1260,laurenboebert,1
WoodyB1260,my4girls08,1
WoodyB1260,tbertz69,1
WoodyJill,RachelBitecofer,2
WoodyJill,harrisonjaime,1
Word_Massager,RonFilipkowski,2
WorldsMightiest,Annah__18,2
WorldsMightiest,AusAmbCyberTech,1
WorldsMightiest,BarackObama,1
WorldsMightiest,BillGates,1
WorldsMightiest,CA_ABC,1
WorldsMightiest,CISAJen,17
WorldsMightiest,CISAgov,5
WorldsMightiest,DianaInitiative,1
WorldsMightiest,Gira_Sol_18,1
WorldsMightiest,InsideStairwell,1
WorldsMightiest,KremlinRussia_E,1
WorldsMightiest,MalwareTechBlog,1
WorldsMightiest,Marvel,2
WorldsMightiest,Nobodybutme17,2
WorldsMightiest,SenJackyRosen,1
WorldsMightiest,SentinelOne,1
WorldsMightiest,Switch,1
WorldsMightiest,WhiteHouse,1
WorldsMightiest,WorldsMightiest,95
WorldsMightiest,YouTube,1
WorldsMightiest,b0ttle_0f_jack,1
WorldsMightiest,danawhite,1
WorldsMightiest,elonmusk,1
WorldsMightiest,god,4
WorldsMightiest,juanandres_gs,1
WorldsMightiest,methlord420,7
WorldsMightiest,ncdinglis,1
WorldsMightiest,ogdotart,2
WorldsMightiest,paulbenedict7,2
WorldsMightiest,silascutler,1
WorldsMightiest,thedarktangent,1
WorldsMightiest,usbr,1
Wow_no_inv,WAVY_News,2
Wraithkelso,ThatZachWilson,1
WrexhamUSA,racecourserambl,1
WriterBonnie,toriyorgeywtae,2
WriterMar,atlwritersclub,1
WryManhattan,thenewsoncnbc,1
WxSheena,LucyDollWx,2
Wx_Max,BillBishopKHOU,1
Wx_Max,EFisherWX,1
Wx_Max,Ginger_Zee,3
Wx_Max,JeffLindner1,1
Wx_Max,Jeff_Piotrowski,1
Wx_Max,KBTXShel,1
Wx_Max,KHOU,1
Wx_Max,KPRC2Justin,1
Wx_Max,LiveStormChaser,1
Wx_Max,NWSGSP,1
Wx_Max,NWSHouston,1
Wx_Max,NWSHuntsville,1
Wx_Max,PastorJaimeG,2
Wx_Max,RileyWinchWx,3
Wx_Max,SamWnek,3
Wx_Max,StormHour,1
Wx_Max,TxStormChasers,1
Wx_Max,WeatherNation,1
Wx_Max,drew_richards,2
Wx_Max,landoftheskyavl,2
Wx_Max,mattlanza,1
Wx_Max,pcavlin,1
Wx_Max,spann,1
Wx_Max,tnvalleyweather,1
Wx_Max,weatherchannel,1
Wymsikl,ByRobinEpley,1
Wymsikl,HectorJAmezcua,2
Wymsikl,JeongPark52,1
Wymsikl,mcclatchy,2
Wymsikl,sacbee_news,1
XO_LM,ABCWorldNews,1
XRPathologist,JayLyons1970,2
XRPathologist,crypto_queen_x,1
XXLPierre_,thatssomuhleek,2
X_DIVISIONS,VGC_News,2
X_Mr202,MSalasBlair,1
X_Mr202,TheLeoTerrell,1
X_Mr202,X_Mr202,1
X_Mr202,lessshoe,4
X_Mr202,saj9291113,1
XavierJ76816471,Forsaken_AR,1
Xpecto_GO,AndyReloads,1
Xpecto_GO,AvalancheWB,2
Xpecto_GO,FinchStrife,1
Xpecto_GO,HogwartsLegacy,1
Xpecto_GO,PodcastNow15,1
Xpecto_GO,RetroRaconteur,1
XristosCosmos,MattSailor,1
YBGQAV,YBGQAV,2
YIHB_,SaycheeseDGTL,1
YK_256,KDTrey5,1
YK_256,RealSkipBayless,1
YK_256,ShannonSharpe,1
YMCAPiedmont,NBC29,1
YMCAPiedmont,YMCAPiedmont,1
YMCAPiedmont,martyhudtloff,1
YStrupinsky,JudicialWatch,1
YStrupinsky,TomFitton,2
YYE_By_Leverage,AskRobinhood,1
YYE_By_Leverage,CNN,1
YYE_By_Leverage,FoxNews,1
YYE_By_Leverage,MSNBC,1
YYE_By_Leverage,RobinhoodApp,2
YYE_By_Leverage,iamwesmoore,1
YYE_By_Leverage,sg56752,2
Yaheauxhouse,LICKMY_RICA,2
YaintKnow,BAdaCP,1
YaintKnow,cwt_news,2
YangSoprano,washingtonpost,2
YankeeLondon,YankeeSource,2
YankeePedro,RexChapman,2
Yankees4_28,MattCarp13,1
YapYapTRUMP2024,CNN,2
YatPundit,PedroYokes,2
YatPundit,jkfecke,1
YesTomSzymanski,KennyKing_Jr,1
YesTomSzymanski,jenn_storey,2
Yesibeycole,AndrewFeinberg,4
Yesibeycole,BlkStarNetwork,1
Yesibeycole,ConananMaloy,2
Yesibeycole,FoxNews,1
Yesibeycole,RepStefanik,1
Yesibeycole,Riovana11,1
Yesibeycole,drabdullah1_,2
Yesibeycole,kilmeade,1
Yesibeycole,rolandsmartin,3
Yesibeycole,russdiemon,1
YinzerNPortland,TheAthletic,1
Yoly_Loy,Akron_Police,1
Yoshita_Singh,IndiaUNNewYork,1
Yoshita_Singh,PTI_News,5
Yoshita_Singh,RuchiraKamboj,4
Yoshita_Singh,UN,2
YoungAdobo4,Kee_Bully19,1
YoungAngel_,olesoul57_2,1
YoungAztecWarr1,DonDeMarsPhoto,1
YoungAztecWarr1,EVT_News,2
YoungAztecWarr1,PadreDeCuatro,1
Your_Guy_Nix,JohnOwning,2
YourmanGodfrey,saddamscribe,2
Yukstin,GoldenKnights,1
YuwonoMario,Variety,1
YvonneArvin,Malcolm_theCat,2
Z3R0_games,HALEEMLUV,2
Z3R0_games,RealMarkFinchem,1
ZGare,kilmeade,2
ZKelliMichelle,Gbush91,1
ZKelliMichelle,MikeLucasTV,1
ZKelliMichelle,ultCLEsports,3
ZaRdOz420WPN,ABC,1
ZaRdOz420WPN,LeftwardSwing,2
ZaRdOz420WPN,ZaRdOz420WPN,1
ZachEClark,dustinpwalsh,1
ZachHonig,OneMileataTime,2
ZachHonig,pointmetravel,1
ZachHonig,tebfunk,2
ZachIsHere,ZachIsHere,1
ZachIsHere,annoyed_rf,1
ZachIsHere,mikedkuhn,1
ZachIsHere,riffbw,2
Zach_Segars,Zach_Segars,1
ZackJostt,ZackJostt,1
ZackJostt,barstoolsports,1
ZackTN,AGrisham247,1
ZackTN,WKRN,1
ZackTN,bobmuellerwkrn,1
ZackTN,raisingcanes,1
ZackZiggyPopMac,MisterPrinceLE,2
ZackZiggyPopMac,stallibailey,1
Zak_Klinedinst,NPR,2
Zak_Klinedinst,nature_gorl,4
ZanCollins,CNN,1
ZanCollins,FoxNews,1
ZanCollins,IndianaCoco,1
ZanCollins,cnnbrk,1
ZanCollins,jdcarrere,2
ZanCollins,mayorcantrell,1
Zapa1954,PersisterCrone,1
ZealouslyQuoted,ABC,1
ZeeStrong60,PlanetTyrus,1
ZeeStrong60,RichSementa,2
ZekeGary2,ChanelRion,1
ZekeGary2,CortezMasto,1
ZekeGary2,DanNewsManBall,1
ZekeGary2,FarmGirlCarrie,2
ZekeGary2,Nefertari_,1
ZekeGary2,OANN,1
ZekeGary2,PureKity,2
ZekeGary2,southernwayjim1,2
ZiaJD,DaphnePalasiA,2
Zimshady9611,jennyspencercle,1
Zimshady9611,neorsd,2
ZipRealtyTucson,RonnyJacksonTX,2
ZipoteFRS,nayibbukele,1
ZiskaMuse,KatyTurNBC,1
ZiskaMuse,MSNBC,1
ZiskaMuse,debraj112,1
ZizzleB,XXL,1
ZmokePlays,TheHumbleLamb,1
Zulutime44,GGrandmag73,2
Zylie,ParkerMolloy,1
Zylie,UmpleB,2
Zylie,ejtwister,1
_7CAM,2KIntel,1
_BigBear60,kurteichenwald,2
_DAMLIFECOACH_,GOP,1
_HaileySutton,_HaileySutton,1
_HerbBaker,RelaunchSpace,1
_IAmYourOG,DonDon_ITALL,1
_IAmYourOG,TayoDeLaGhetto,2
_JESSrelax,theestallion,1
_JacobSexton,hbomax,1
_Jets_Mets,Reuters,1
_JoeSeppi,Jdub_Dodgers,2
_JoeSeppi,SamNeher24,1
_KeithCook,MintzGolf,1
_KeithCook,the_fried_egg,2
_MusiCricket,S_Akash2812,2
_RobYo,cableguy160,2
_RobYo,ilikebigdecks,1
_RobYo,mnsports3,1
_TallTattedNFit,UmCoolLikeDat,2
_TopFlightBoog,ShoYouRightJJ,1
_TradeWolf_,TheCryptoLark,2
_WaveyJ,Splashystackss,1
__dezzarayy,2Mbdiego,2
__salisonnn,News12LI,1
_biancajean_,Variety,1
_fxckcameron_,internetuserf12,1
_gh0stn,edmthotiana,2
_kenndadon,_kenndadon,1
_kno1,champagnemamiz,1
_lauren444,thefakeSilong,2
_mckiski,cwt_news,2
_mckiski,yaronbrook,1
_michael_scholl,FCSDown,1
_michael_scholl,HospitalSantPau,1
_michael_scholl,IIBSantPau,1
_michael_scholl,ISTAART,1
_michael_scholl,JuandoGispert,1
_michael_scholl,SantPauMemory,2
_sarah_rose_22,_sarah_rose_22,1
_sschaudel_,Angels,1
_sschaudel_,MLB,1
_sschaudel_,YoriU,2
_stevent1953,nathaliejacoby1,2
_stinyos,matthewtylerr,2
_theechey,SInow,1
_tommybrohama,babyjooj,2
_tyronesand_,CBSBigBrother,1
_vade,DavidLublin,1
_vade,_adrian_sean,2
_windsorgrace,MarkLeibovich,1
_windsorgrace,TheAtlantic,2
a1fantasy23,AlexColeruso33,2
a_mighty_wizard,plotchickens,2
a_tru_waveform,ThatmattersNews,2
aabraha00422511,yashar,1
aaron_cylinder,DLand91,2
aaron_cylinder,MusicCityGP,1
aaronlmendoza,aaronlmendoza,1
aaronpk,Blackmagic_News,1
aaronpk,pbrdmn,2
aaronsygiel,GoldenKnights,1
aarontylerkane,FilmUpdates,1
abbyacone,BMacTV,2
abbyacone,KING5Seattle,1
abbyacone,KIRO7Seattle,1
abbyacone,komonews,1
abbydart,stengel,1
abc7marccr,ABC7,1
abc7marccr,CALFIRERRU,1
abc7marccr,ChpRiverside,1
abc7marccr,abc7marccr,1
abie70,FoxNews,1
abostickcpa,NikkiHaley,2
abrvaz,RockyPadila,1
abrvaz,playmaker,2
absinthefather,oneoclockforhrs,1
abuelofeliz2,HRomanoWy,2
accidentalflyer,IDoTheThinking,1
accidentalflyer,JonSchw73589513,1
accidentalflyer,vandredparty,2
accpchest,McGovernPulmCC,1
achs_fred,Gutfeldfox,1
achs_fred,richardlooby1,2
acovington,AdamGreenway,1
acovington,SWBTS,1
adair1946,RpsAgainstTrump,2
adair1946,Sinfulskin2,2
adair1946,cljmo,1
adalika66,Clormo,2
adalika66,Fer83123637,1
adalika66,GBNEWS,1
adalika66,LoraWMedia,1
adalika66,OnTarget_news,1
adalika66,Rafae1jose,2
adalika66,TorresGotay,1
adamclevenger,nytimes,1
adamilenich,aleyna_eth,1
adamilenich,punk9059,2
adamilenich,rarible,1
adammfeinberg,AscotCaper,1
adammfeinberg,Methodical65,2
adammfeinberg,sdpreston,1
adamonc21,AP,2
adamonc21,RobertMaguire_,1
adamonc21,grggwrght1,2
adarrellgadsden,ClayTravis,1
adbeckettOH,ananavarro,2
adbeckettOH,bungarsargon,2
adebabs9911,OccupyDemocrats,1
adell_tim,JHoganGidley,2
adell_tim,kilmeade,2
adfalk,beyondreasdoubt,1
adityajadhav403,mahidhar33p,2
adorav,CurtisioUsa,2
adorav,Kathy4Truth,1
adorav,coopersmom66,1
adorav,ooonamahshivaya,1
adrianknows_,Evan_P_Grant,2
adriannalaw_,RachelMantosTV,2
adriannalaw_,WAVY_News,2
adwebbjr,velociraptor_ro,2
aegisvancouver,GeorgeTakei,1
aegisvancouver,JulianCastro,1
aegisvancouver,nytimes,1
aeortega23,MrUnemployable_,2
aestheticslimm,theestallion,1
aeverinezinn,FortWayneHA,1
affman1964,DonaldJTrumpJr,1
affman1964,EricTrump,1
affman1964,FoxFriendsFirst,1
affman1964,FoxNews,1
affman1964,GOP,1
affman1964,IvankaTrump,1
afig_559,Bleeblobz,5
afig_559,Charlie92898642,5
afig_559,RevolutionCall4,10
afig_559,TimRunsHisMouth,6
afig_559,dbdMAr,1
afig_559,vandersykes,2
agawamrick,Amy_Siskind,2
agawamrick,FoxNews,1
agawamrick,PoliticusSarah,1
agawamrick,SenWhitehouse,1
agawamrick,hugolowell,1
agoodforbetter,EliseStefanik,2
agoodforbetter,GOPLeader,4
agoodforbetter,Jim_Jordan,3
agoodforbetter,MarshaBlackburn,2
agoodforbetter,RonnyJacksonTX,2
agoodforbetter,cdechalus,1
agoodforbetter,foxandfriends,1
agoodforbetter,kayleighmcenany,2
agoodforbetter,mattgaetz,2
agoodforbetter,newsmax,3
agoodforbetter,seanhannity,2
agoodforbetter,wisgop,1
agordonstudio,AaronParnas,2
agordonstudio,RpsAgainstTrump,2
agr_drltc,AANP_NEWS,1
agr_drltc,agr_drltc,1
ah_lan,atrupar,1
ahaghver23,EVT_News,1
ahaghver23,PadreDeCuatro,1
ahaghver23,lawstbrewer,1
ahepker,BethMalicki,1
ahepker,KCRG,1
ahepker,KCRGJimMertens,1
ahepker,TheErinRooney,1
aidfleek,IndigenousBeads,1
aidourtroops,NFTCatcherPod,1
aidourtroops,NFTicket,1
aidourtroops,ajc254,2
aidourtroops,jennifer_sutto,1
aidyn52,MailOnline,1
aimzers84,mstollhouse,2
air92503,air92503,1
air92503,andersonj,1
aircornell,EricStangel,2
airman765,Jimbo_Wise,2
airman765,Kory_B12C,1
airman765,widget_brian,2
ajaxt77,jkbjournalist,1
ajgutierrez63,CharlieCrist,1
ajgutierrez63,TristanSnell,1
ajholda,TomWFerguson2,1
ajkorver71,kilmeade,1
ajocox,YorktownHighSch,1
ajocox,YorktownMS,1
ajocox,megswope76,1
aka12144,CSP_News,1
aka12144,cooltxchick,1
aka12144,zoesam93,2
akaGeorge822,AndrewFeinberg,1
akaGeorge822,HalSparks,1
akaGeorge822,bubbaprog,1
akaGeorge822,nathaliejacoby1,2
akartsmylife,GregSto00569413,1
akartsmylife,ProveMe59327731,1
akartsmylife,royalbonus,2
akartsmylife,wpaylor,1
akoukouli,APPRAISAL_Film,1
akstanwyck,jadabird,2
akstanwyck,jonstewart,1
alan_stoddard,DrMattQueen,2
alan_stoddard,fbcforney,1
alan_stoddard,nathanlino,1
alananana94,TOMS_tan_line,2
alanbillman,alanbillman,1
alanchr5412,CNN,1
alanchr5412,TKopelman,2
alankingny,AKINGSNY,1
alankingny,ThevoiceAlexa,1
alannafloodnews,CityofHolyoke,1
alannafloodnews,SpfldMACityHall,1
alannafloodnews,WWLP22News,1
alannafloodnews,theGarciaJoshua,1
albertjschulman,joncoopertweets,2
alex_malm1,SavagePacer,1
alexbirnel,beksbot,1
alextatem,SaveYourSexLife,1
alextatem,jmfm1612,2
alextpnews,ABC,1
alikevmil,TimRunsHisMouth,1
alikevmil,TomFitton,4
alisha_m_miller,AmPress,1
alisha_m_miller,sammyragland,2
allanbartlett,costareports,2
allanbartlett,greggutfeld,1
allegedly347,StreetMonolith,1
allenkarenb,kilmeade,2
allidoismix,Turcotte_JPT,1
allidoismix,angrybklynmom,2
alllocalpolitic,Calkins_Royal,1
alllocalpolitic,JeremyBWhite,1
alllocalpolitic,JoshCopitch,2
alllocalpolitic,MCoSheriff,1
alllocalpolitic,NateGartrell,1
alllocalpolitic,SheriffBernal,1
alllocalpolitic,TheJusticeDept,1
alllocalpolitic,TopherJNeely,1
alllocalpolitic,VoicesofBay,1
alllocalpolitic,alllocalpolitic,1
alllocalpolitic,ksbw,1
alllocalpolitic,maryrduan,1
alllocalpolitic,mcweekly,1
alllocalpolitic,savage_esquire,1
allyillustrated,browntopink,1
allyson_wilson,EastmanRenew,1
allyson_wilson,plasticsnews,1
almusic07,TMes_news,2
aloofloofredux,aloofloofredux,1
alsgirl01,joncoopertweets,2
alsgirl01,typo_cat,2
alvarezbkennedy,morechriis,2
alyssaabenson,m_dan25,1
alyssaivanson,8NewsNow,1
alyssaivanson,ethanjdahlen,2
amanda_1815,CamGaskinsTV,2
amanda_1815,WBTV_News,1
amanda_silay7,KDKARadio,2
amandahamon,TA_Stangroom,2
amayadeakins,MSNBC,1
amaze652,njrealtornic,2
amber_fishburn,withloveginaxo,2
ambersue_,tacobell,1
amc91355,OccupyDemocrats,2
ameckeco,GovNedLamont,1
ameliabennetts,business,1
ameliachappelow,courtneykocak,1
amenasaiyid,SPGCI,2
amenasaiyid,amenasaiyid,1
amenasaiyid,cleanairfrank,1
amerine1000,ericriveracooks,1
amiamigo97,DailyDevTips1,2
amiamigo97,spences10,1
amkolat,AirTravel_News,1
amkolat,Dulles,1
amkolat,Dulles_Airport,1
amkolat,FAASafetyBrief,1
amkolat,TenaciousTopper,1
amkolat,amkolat,1
amkolat,united,2
amos_kidd,SSN_Alabama,2
amosedale,Carol_Stephen,2
amosedale,terrinakamura,4
amosedale,vermontpublic,1
amugaverotv,FOX2now,1
amywurfbaum1,AZ_Brittney,2
amywurfbaum1,CalltoActivism,1
amywurfbaum1,MarkDenno0601,2
amywurfbaum1,RonFilipkowski,2
analydiamonaco,JohnLeguizamo,1
analydiamonaco,TexinMiami,1
anangbhai,GabbbarSingh,2
anangbhai,jtLOL,2
anangbhai,redsteeze,1
anbanananna,ExposingSMG,1
anbanananna,noollga,2
ancheta67,Popehat,1
ancheta67,derekkerton,2
ancheta67,steveshsi,1
andrea_of_atx,ninehydras,2
andreashaw07,RussContreras,1
andreashaw07,marisa_demarco,1
andreashaw07,source_nm,1
andreashaw07,statesnewsroom,1
andrewinphoenix,Julius_Kim,2
andrewjkynes,ArtestJones,2
andrewjkynes,DanSiegelShow,1
andrewlavallee,andrewlavallee,1
andrewmalea,SuperCoupleGal,2
andrewmalea,holmestrip,2
andrewmhickey,andrewmhickey,1
andrewneeme,andrewneeme,1
andrewpdyer,atrupar,1
andrewsmhay,fsmontenegro,2
andrewstark02,GOPChairwoman,2
andrewstark02,andrewstark02,1
andrewtaylor09,ralphamsden,2
andrewyb,TeamPelosi,2
andriedeja,andriedeja,1
andycollins10,EuromaidanPress,1
andycollins10,LesHailYes,1
andycollins10,TonyHussein4,1
andycollins10,Weinsteinlaw,1
andycollins10,ananavarro,1
andycollins10,grantstern,1
andydc20009,OccupyDemocrats,2
andydc20009,RepSwalwell,1
andydc20009,frummiee,2
andydc20009,jpgoodman,1
andyojones,AP_Climate,2
andyojones,BarackObama,2
andyojones,POTUS,1
andyzipp,donwinslow,1
angela_lange25,GMA,1
angela_lange25,RobinRoberts,2
angela_lange25,Zohreen,1
angeles524,ITWBroadway,1
angeles524,thedailybeast,1
angelstar2,angelstar2,1
angiechuang,AEJMC,1
angiechuang,BuffJournalism,1
angiechuang,CUBoulderCMCI,1
angiechuang,MacAejmc,1
angiechuang,cumediastudies,1
angieti,GrampaPappy123,2
angleramsis,SplatoonNA,1
angrymanbrandon,YahooSports,1
anilaali,AviMayer,1
anilaali,democrats,1
ankipate23,vroomcars,4
annarichc,ajc,1
annarichc,calebs_canvas,1
annarichc,maconarts,1
anne_boerner,ABC,1
anne_boerner,Acyn,1
anne_boerner,CBSNews,1
anne_boerner,JessicaTarlov,1
anne_boerner,NBCNews,1
anne_boerner,NewsHour,1
annejonesmn,MSNBC,1
annejonesmn,POTUS,1
annejonesmn,WHCOS,1
annemdz,judgejeanineee,2
annsaxtonmurphy,DrewinMass,1
annsaxtonmurphy,SevenLetter,1
anotherplantman,MarshaBlackburn,2
antfromacademy1,antfromacademy1,1
anth_ramosMD,MagallyNyc,1
anth_ramosMD,PeruDoctorsUS,1
anth_ramosMD,alcaldecarlos94,1
anthonyj1977,ArrowheadReport,1
anthonyj1977,anthonyj1977,1
anthonyj1977,getnickwright,1
anthonyj1977,numba24hoops,1
anthonyj1977,stltoday,1
antifa__llc,DonSamuelsMN,1
antifa__llc,IlhanMN,1
antifa__llc,MFT59,1
antifa__llc,MPS_News,1
antifa__llc,MinneapolisDFL,2
antifa__llc,Stowydad,2
antifa__llc,antifa__llc,3
antroastronomo,eldiarioes,1
apawlows,SecretaryPete,1
apawlows,sara_c_martin,1
apbeecher,Nanciliz,2
aprilhill828,POTUS,1
aprilhill828,ZelenskyyUa,1
aprilhill828,aprilhill828,1
aprincipe1,AnnaNeMuss,2
aprincipe1,ChaosNarrative,2
aprincipe1,FireBidenNow,3
aprincipe1,IdahoIndependen,1
aprincipe1,IdahoLark,2
aprincipe1,Warthog1986,2
aprincipe1,aprincipe1,1
aprincipe1,sidnuncio,2
aprincipe1,washingtonpost,2
aracelia665,dpk71956,2
arbuckle_matt,BLABBERMOUTHNET,2
archivebutler,BarryKeoghan,1
areyshelby,Queen_City_News,1
areyshelby,TaraLanewx,2
ariccio,ABC7NY,1
arocoun,AntifaCrossFox,2
arocoun,wolvy6245,1
arshimbo,LauraJedeed,3
arshimbo,MSGNetworks,2
arshimbo,arshimbo,1
arshimbo,kilmeade,2
art_burke,JM_Butcher,2
art_burke,lindseymburke,1
artiekay,Stonekettle,2
asalrezaeitv,ChiefDavidBrown,1
asalrezaeitv,cbschicago,2
asalrezaeitv,cta,1
aschnitt53,DanGrazianoESPN,1
asheresque,ninaturner,1
ashleynshin,pinatacloud,1
ashleyrgold,margarethmcgill,1
asiangirlintech,Eliascm17,1
asiangirlintech,asiangirlintech,1
asiangirlintech,clockwork_xyz,1
asiangirlintech,mtnDAO,1
asiangirlintech,time_composer,1
asimps512,RadioFreeTom,2
asjjmey,OccupyDemocrats,2
askaboutcoins1,WDBONews,1
astalfort,MLB,1
astalfort,Orioles,1
astockwatch1,astockwatch1,1
astockwatch1,sandwidi_usher,1
astrodroids,IG65243777,4
astrodroids,deesnider,2
athena350,SunnyvaleDPS,2
athletics_adams,BinoWatters,1
atothetapi77,realDailyWire,1
atrupar,Acyn,1
aubreybagginses,newjvbell270,2
auburnsucksalot,RonDeSantisFL,1
auburnsucksalot,Skidancer2,1
auburnsucksalot,TrailerSwift84,2
audballcaudball,FloofySisters,2
audballcaudball,PebblesPuss2014,1
audballcaudball,StrayCatsWM,1
aufgehendeRest,siahpoosh_sina,2
auntieblazr,ConnieSchultz,2
auntieissie,VonAllenOK,2
aurorasolarinc,abc4utah,1
austinlouisray,ATLAlexW,2
austinlouisray,EWErickson,1
austinlouisray,bluestein,1
austinoutloud,jstncrsby,2
austinoutloud,shaouns,1
authorofmystery,JakeSherman,1
authorofmystery,RepThomasMassie,1
avatarmax123,AARP,1
avatarmax123,AmandaRNelson,1
avatarmax123,FoxNews,1
avatarmax123,GovDeSantis,1
avatarmax123,MSNBC,1
avatarmax123,NBCNews,2
avatarmax123,RealLyndaCarter,2
avatarmax123,StellaParton,1
avatarmax123,StephenKing,2
avatarmax123,TeamPelosi,1
avatarmax123,TheDemocrats,1
avatarmax123,TheRickyDavila,2
avatarmax123,amyklobuchar,2
avatarmax123,dsobie3,2
avatarmax123,glennkirschner2,2
avatarmax123,lesliedach,1
avatarmax123,weplaywithtoys,2
average84567089,CBSSunday,1
averageguylook,vote4robgill,2
avi32_,AudreyC_TV,1
avi32_,CamillaR_TV,1
avi32_,RomeroIsis,2
avi32_,Simone_DeAlba,1
aviodwarf,NStoolfire,2
awbw,CastelliMatt,1
awbw,DavidPriess,1
awbw,MarkHertling,1
awbw,NickOfATL,1
awbw,TexAgg04,1
awbw,ThaynDamon,2
awbw,adsum_12,2
awbw,mattyglesias,2
awunderlanddrag,Meta,1
ayazhyder,jeffreyjwing,3
aziegel,NBCNews,1
azld12dems,Adrian_Fontes,1
aztezcan,statsepi,2
babich_matt10,NFLRookieWatxh,1
bacana1975,Arsenal,1
bacana1975,RonFilipkowski,1
bacana1975,TIGERMA20507453,2
bacana1975,brookenc2,2
backofthepen,JeffPassan,2
backofthepen,Padres,1
backofthepen,WBCBaseball,1
backofthepen,masnRoch,1
badboylive007,kilmeade,2
badgerfan63,FoxNews,2
badkittycm46,GameShowMan,2
badkittycm46,JohnnyAReed,1
badtouchdisney,AaronParnas,1
badtouchdisney,Madisontx76,2
baker5131,collsmike,2
baker5131,donwinslow,1
balbanese170,LadyMuskieGolf,1
balbanese170,LanceDupler,1
balbanese170,SHSGirlsGolf4,2
balbanese170,lh_news,1
balbanese170,morganwamer,1
baldjoe,TheBG_Show,2
baldwin_daniel_,OANN,1
ballard12_sam,TulsiGabbard,2
bandwickil,TheWho,1
bandwickil,karengillan,1
bangkokboland,baptist_news,1
bangkokboland,markwingdallas,2
bankboy24,USPS,1
barbaramcleodj,NickAdamsinUSA,2
barbi_desantis,Kristennetten,2
barbie_ciroc,WEtv,1
barbie_ciroc,sosobrat,1
barbiebrox,ChuckCallesto,2
barbiebrox,Hotpage_News,2
barbiebrox,Ron4California,2
barbiebrox,TRUMPUSAMAGAKAG,1
barbiebrox,TheRealHershe,1
barbiebrox,TristanSnell,2
barbiebrox,dpl_3,2
barbour_nancy,atrupar,1
baristabenny22,DMarie_SC,2
baristabenny22,DiegoDarwin2021,1
baristabenny22,FinFanForLife,2
barrybakin,MarkMeuser,2
barrybutler9,barrybutler9,1
barrysolaidback,YouTube,1
bartbarber,BaptistPress,1
bartbing71,UjuAnya,2
bartond,madisehmer,1
bartond,mayrenaisamar,2
bashfultraci,DineshDSouza,2
basketmaniac22,bluepolitics_,2
basketmaniac22,hugolowell,1
batman5600777,FoxNews,2
baumansbrain,MatthewKlam,2
bazemore,FoxNews,1
bazemore,headcoach7825,2
bazemore,jtygerx,1
bbehindacamera,GainesvilleSun,2
bbehindacamera,Gator_sports,1
bbehindacamera,doug_ray,1
bcassady28,komonews,2
bcbigclay,theartistbloc,1
bcbnyc1,AutumnDragons,2
bcdonm,DickieV,4
bcptrans250,goodymade,1
bcptrans250,kristine_stone,1
bcyrl888,AllegromyUSA,1
bcyrl888,AmoneyResists,1
bcyrl888,DashDobrofsky,1
bcyrl888,JerryLabathe,1
bcyrl888,RpsAgainstTrump,1
bcyrl888,abcoho1,1
bcyrl888,jcarr911,1
bd89801,RonFilipkowski,2
bdgiddens6,Cameron7Ward,1
bdgiddens6,CoachDickert,1
bdgiddens6,Rj___Stone,1
bdog13attnet1,Kotaku,1
beZee93,Jared_Carrabis,1
beantownkid123,Jiswitty,2
beantownkid123,usnews,2
beastmodemom247,Spokane_News,2
beatrizrowlett,ElioM1991,2
beatrizrowlett,seaofsinxxx,1
beauticheronce,Coolkid_shaw,2
bebe89890,nathaliejacoby1,2
bee_forreals,SwiftieJ13,2
beeljo,DocAtCDI,1
beeljo,GrangerForLa,1
beeljo,J_WNcholson,1
beeljo,Lancegooden,1
beeljo,QuantumHodler,2
beeljo,ScottPresler,1
beeljo,TomFitton,1
beeljo,msnaydani,2
beeljo,wandaransom,2
beeljo,wantmy2dollars_,2
being_steve,RepMTG,1
being_steve,SawyerHackett,1
being_steve,marcorubio,1
beingcurtwithit,UberFacts,1
belindayeung02,_virtualbunny,2
belindayeung02,childebyun,1
ben_bromley,ben_bromley,1
benbernards,DGoweyAuthor,2
benitoz,BluthCapital,2
benitoz,MadThunderdome,1
benitoz,PandaPop27,1
benitoz,neelkashkari,1
benjihyer,john_bevir,2
benjihyer,ollybarratt,1
bennettalnwood,Mr___News,2
bennyblancooooo,ZachWilson,1
bennyblancooooo,e_moore03,1
bennyblancooooo,nyjets,1
bentdog,JRubinBlogger,1
bentdog,lynn6585,2
bentonvillecvb,5NEWS,1
benvanhook_co,eturleye,1
benvidetich,Erinjoytweets,2
bernard_jomard,FHeisbourg,2
bernard_jomard,SergueiJirnov,1
bernard_jomard,Shteyngart,2
bernard_jomard,amnesty,2
bernard_jomard,gallaghereport,1
bernard_jomard,lauhaim,2
bernard_jomard,michaelh992,2
bernard_jomard,samdebendern,1
berthyman,kstraith,4
berthyman,reason,2
beshannonphotos,Mokurai,1
beshannonphotos,realTuckFrumper,2
besttrousers,besttrousers,1
bethanneharms,pitchfork,1
bethanyhardy,irelands4courts,2
bethkbarnes,dharv5theboss,2
bethknobel,CBSNews,1
bethknobel,brittneygriner,1
bethmauser,Angry_Staffer,2
betrott,donofalldons,2
beva5678,sandygartin,1
bfancowboy,IndyCar,1
bfancowboy,IndyCaronNBC,1
bfancowboy,NBCSports,2
bhennrich,kaitlancollins,1
bherrny,TheView,1
bherrny,ananavarro,1
bhof1943,200ColumnsRy,2
bhueypdx,KATUNews,1
bichonsandabc,RonFilipkowski,2
bicoastal2021,JohnFPfaff,2
bicoastal2021,chesaboudin,1
biddlebrian,CafeMutant,1
biddlebrian,m_lawrence2,2
bielmike,Barbarawhite187,4
bielmike,greg_price11,2
bierbreath,RonnyJacksonTX,2
big_felladrink1,AndrewWBloom,2
big_mike9169,MySportsUpdate,1
bigbenny500,Toeknee65145413,2
bigbenny500,bostonharbor27,1
bigbenny500,julie_kelly2,1
bigfat55,GioThePodcaster,2
biggsmoke,DanRather,2
bighitslive,UnderArmour,1
bigolpoofter,FCC,1
bigolpoofter,kilmeade,1
bigpapi1958,Paulthemorticn,1
bigredaries,GOP,2
bigredaries,PARISDENNARD,1
bigredaries,SenBillCassidy,2
bikerbotanist,FoxNews,2
bikojec88,ASCO,1
bikojec88,BeyerLab,1
bikojec88,CaitlinRublee,1
bikojec88,MCWCancerCenter,1
bikojec88,MCW_CHCR,1
bikojec88,MCW_IHE,1
bikojec88,MedicalCollege,1
bikojec88,jamila_kwarteng,1
bikojec88,kiribeyer,1
billclifton5,yvonnewingett,2
billih123,EricTrump,2
billih123,OccupyDemocrats,2
billpearch,JeffPassan,1
billsperos,wbz,1
billydkilgore,JeremyFaison4TN,1
billydkilgore,oatney76,2
bimbly,nypost,2
bing_dicklepuss,EricRWeinstein,1
bing_dicklepuss,ShimonLazarov,2
binkancha,Asiantric,1
binkancha,ChuckCallesto,2
bio_bward,CAALMN,1
bio_bward,FLASchools831,1
bio_bward,SPPS_News,1
bio_bward,edinaschools,1
birchtreeweb,AaronParnas,2
birchtreeweb,Acyn,2
birchtreeweb,RepAndyBiggsAZ,2
birchtreeweb,TheJusticeDept,1
birchtreeweb,kilmeade,2
birchtreeweb,marcorubio,2
birchtreeweb,valdemings,1
bird_77,GOP,1
bird_77,GovChad,1
bird_77,bird_77,1
bird_77,cjschoultz,1
birdforlife,FoxNews,1
birdsongs52,PeteButtigieg,1
birdsongs52,RMGarabedian,2
birdsongs52,TucsonTomorrow,1
birdsongs52,nytimes,2
birzybanks,BitchImMikey,1
bitfiddler,cbs46,1
bitterfruit_ci,rogertansey,2
biuebird1942,DickieV,2
biuebird1942,Willie700WLW,11
biuebird1942,biuebird1942,1
bjh1776,BengalsTalk,1
bjh1776,GoldBlooded79,1
bjh1776,LegerDouzable,2
bjh1776,Sr_Corte_Jamon,2
bjh1776,YoLauraH,2
bklynitemedia,Italiano_Laura,1
blackbettyblog,CBSNews,1
blackbettyblog,GOP,2
blackbettyblog,KansasGOP,2
blackbettyblog,SaysSimonson,1
blackbettyblog,blackbettyblog,2
blackbettyblog,elonmusk,2
blackboywrites,NBCNewsNow,2
blackboywrites,joefryer,1
blackboywrites,sendhelpseries,1
blackhanukkah,GwenLovesMovies,1
blackiowanews,penonfire,1
blacksupremacy0,nflrums,1
blackvaultcom,JasonColavito,2
blackvaultcom,MickWest,1
bladevine,KXAN_News,1
blahsquiat,DrifterShoots,2
blake_wood12,txforever,2
blakerobert20,Laurie0801,2
blakerobert20,Ryanexpress77,1
blakerobert20,The3rdFrame,1
blakerobert20,margoz_1949,1
blankeaux,BazukoChan,1
blankeaux,GilWhitedale,2
blankeaux,JanusTiresias,1
blankeaux,Zebop,1
blewis823,CShoecraft_1928,2
blewis823,Guru22Common,2
blewis823,Liz_Drotar,2
blewis823,dalekchap,2
blewis823,kinziemat,1
blewis823,npanxx,2
blewis823,sabern3thy,1
blinding_quasar,EITMonline,1
blk_shrink,GOPLeader,1
blk_shrink,JoeBiden,1
blk_shrink,LeaderMcConnell,1
blk_shrink,SenSchumer,1
blk_shrink,SpeakerPelosi,1
blk_shrink,VP,1
blue_sapphire79,PhoenixPolice,1
bluenaomi,CNBC,3
bluenaomi,CupoJoeBlow,1
bluenaomi,WooSpry,2
bluesboy23,brianstelter,2
blueshighwaydj,ClayTravis,4
blueshighwaydj,Outkick,2
blueshighwaydj,coffeeistheway,2
blueshighwaydj,tbarb,2
bluespherelover,OccupyDemocrats,1
bluespherelover,kellydugs272727,1
bluespherelover,surreal_its,2
blwilliamsmedia,LimestoneCoEDA,1
bmarvel8,NEOSportsInside,1
bmeier79,kilmeade,1
bmking72,nbc,1
bmking72,peacockTV,1
bmoore3933,JoJoFromJerz,2
bmorealien,Vejeees,2
bmorealien,bmorealien,1
bmwfreq,Freaky2Not,2
bmwfreq,JnrBurt,2
bob_calder,egavactip,2
bobbydodgenyc86,IngrahamAngle,2
bobbynDC,AramisKhandra,2
bobbynDC,OzraeliAvi,1
bobbyross,CTmagazine,1
bobbyross,drmoore,1
bobbyross,kateshellnutt,2
bobguildner,mhdksafa,2
bobnebel,HoustonBernard,1
bobsgirl13,gwenstacying,1
bold_saguaro,CynBlogger,1
bolding_daniel,BelleStruts,2
bolding_daniel,MysterySolvent,2
bolding_daniel,lobosgatos,2
bones410,Brittany42363,2
bones410,HellBentVet,4
bones410,LiamLong85,1
bones410,WhitneyDoesCare,2
bonespower,AnthemBCBS,1
bonespower,DrEricBall,2
bongojohnw,OccupyDemocrats,1
bongojohnw,beachbum1_,2
bonnaaaay,KTLA,1
bonniey18630628,ChrisCuomo,1
bonsaidream,THEKIDMERO,1
boogielordz,CNN,1
boogielordz,DrAndreaJackson,1
boogielordz,painsucksass,1
boogielordz,sixth_brick,1
boogielordz,tkofman,2
boogielordz,ymclark267,1
boogiesurf13,altNOAA,2
boogiesurf13,lori_alvord,1
bookitjane,PADeptofEd,1
bookitjane,PSLA_News,2
bookofelie,Kehnara,2
bookph0ria,mercylangford,1
bookwormsITW,JenMaxfield4NY,1
boomergeek,FBI,1
boomergeek,FrankFigliuzzi1,2
boonewrites,AlysonDay,1
boonewrites,ReemFaruqi,2
boonewrites,renarossner,1
borielmaliante,GregBushSK,1
borielmaliante,borielmaliante,1
borri_mary,ms_w_english,2
bosco1962,Casey_Kinnamon,2
bourbonroad,CoxEnterprises,1
bourbonroad,axios,1
boycottpxg,BarbMcQuade,2
boycottpxg,MagicJohnson,1
boycottpxg,PBarnestax,1
boycottpxg,cjbycookie,1
boycottpxg,jimmykimmel,2
boygrownbig,ABC,1
boygrownbig,CBSNews,1
boygrownbig,CNN,1
boygrownbig,JeremyLittau,1
boygrownbig,MSNBC,1
boygrownbig,abcnews,1
boygrownbig,chucktodd,1
boygrownbig,mitchellreports,1
boygrownbig,nytimes,1
boygrownbig,washingtonpost,1
boyscout123456,WBTV_News,2
bpa314,A_River_Derci,2
brad_m64,RepMTG,1
brad_m64,THR,2
brad_m64,fil4ever,2
bradjc1002,AP,1
bradjc1002,KTSU_2,1
bradjc1002,Ktsu2N,1
bradjc1002,sswalker,1
bradjchester,escargotpro_,2
bradlaneradio,lpeterson830,1
bradmoreso,ConroyFTW,2
bradmoreso,RichardJMurphy,2
bradmoreso,realTuckFrumper,2
bradyj5,atrupar,2
braithwaiteborn,wyattdalton4,1
brajagre,BrianKarem,1
brandank57,OccupyDemocrats,2
brandicossairt,thexiaolab,2
brandon_manus,wishervodka,2
brandoninstl,RonFilipkowski,1
brandonlaw_wx,IowaStateFair,1
brandonlaw_wx,weareiowa5news,1
brandy_walke,killinganya,2
brandy_walke,shaunking,1
branwalk42,nicoleeyyyy,2
branwalk42,slmandel,1
brathet,JenTromans,1
brbosslady,YouTube,1
brclothwrites,brclothwrites,1
brclothwrites,jeanmare_gag,2
brclothwrites,sabelblodgett,2
brendanmahoney,RSGAT,1
brendanmahoney,RichHovorka,3
brendanmahoney,RobertCottoJr,2
brendanmahoney,brendanmahoney,1
brennanmgilmore,ZcohenCNN,1
brent_thomas,FrankFigliuzzi1,1
brent_thomas,dennisswender,1
brent_thomas,laurchastain22,1
brent_thomas,theobro4sammich,2
bretonrlong,lorakolodny,1
brettawithers,FatBellyPretzel,1
brettawithers,IDreamofWeenie,1
brettawithers,NashvillePost,1
brian_shoots,ABCPolitics,1
briandevine,GeorgeWill,1
briandevine,virginianpilot,1
brianfergy2,RyanCohen24,2
brianhugstrees,AaronParnas,2
brianhugstrees,GOP,3
brianlenzmeier1,BuenaVistaUniv,2
brianws51,AWeissmann_,2
brianws51,GenMhayden,2
brianws51,washingtonpost,2
bridgetanne78,TheView,2
bridgetanne78,ananavarro,1
bridgetfa,ABC,1
britchesdusty1,charprivate3,2
brittanyp697,Daysfann31,2
brittanyp697,HotVannaNights,2
brittanyp697,SmokeyRose15,1
broncoguy72,603TD,1
broncoguy72,BettyEs31163081,1
broncoguy72,Bevanimalover,1
broncoguy72,BlueStormComin1,1
broncoguy72,BrandonRodenbu3,1
broncoguy72,CocoChewy1,1
broncoguy72,Elizabe04518078,1
broncoguy72,Emilio63973825,1
broncoguy72,Gbracy3,1
broncoguy72,Getyourfoxyback,1
broncoguy72,Hamps59,1
broncoguy72,Hope1954,1
broncoguy72,MyCatsVoteBlue,1
broncoguy72,NicoleProChoice,1
broncoguy72,SandaYama,1
broncoguy72,ataraxia801,1
broncoguy72,ceapotter,1
broncoguy72,gymshortsjordan,2
broncoguy72,interiortherapy,1
broncoguy72,lone1dove,1
broncoguy72,pissedoffchick6,1
broncoguy72,realgoebs,1
broncoguy72,realgoebsdoppe1,1
broncoguy72,scheffel_paul,2
brooksidemb,LindseyMac57,2
brotherfarr,TeamTeddyRay,1
brownamatthew,GalaxyPodcast,1
brownsrule4007,fccincinnati,2
brrbrrddaengg,DrEricDing,1
brrbrrddaengg,TheGraduate4,2
brrbrrddaengg,kilmeade,1
bruning_sk,ProudElephantUS,1
bruning_sk,kmrandall64,2
brwnbttwn,RebeccaPryorTV,1
bryansmiles,UrbanOutfitters,1
bryansmiles,hernameisBANKS,2
bryenwillems,mattjcan,2
bryn_wright04,ngpreps,1
brywharris,Hunnyrabbit681,2
brywharris,MelvinP63649380,1
brywharris,PearlyB57,1
brywharris,TimRunsHisMouth,1
brywharris,jane_resists,1
brywharris,kaktusbam,2
brywharris,thebradfordfile,1
bsarchiesr,YouTube,1
bschaeffer12,BurnTheSage5,2
bspitzer,NYDailyNews,1
bstuart_44,NOLAnews,1
btaubz,Hooper_Quant,2
btcBiff,TravellingDegen,1
btcBiff,btcBiff,1
btcBiff,doc420eth,1
btktrader,RpsAgainstTrump,2
btktrader,alexander_nanci,1
btktrader,grant_hawkins,2
btnpshr1,ReedTimmerAccu,1
btnpshr1,WAVY_News,1
btnpshr1,accuweather,1
btreports,averyjean707,2
btreports,peacockTV,1
btwncleansheets,MLSTransfers,2
bubba_tweets,PdxInteractive,1
bubba_tweets,PlayRenegade,1
bubba_tweets,jachilli,1
bubbaprog,danabrams,1
bubblegum_jesus,RobSoundsGood,1
bucknam,jeremyjojola,1
budmanbegins,NBCNews,1
buffalogammpa,LouisRBridgema3,2
buffaloscribe,AP,1
buffaloscribe,buffaloscribe,2
bugbozo,cosmicting,2
bugbrennan,ConceptualJames,1
bugbrennan,NewDiscourses,2
bugstory,arvindpadhee,1
bur91742399,CowboysNation,1
bur91742399,aperez3830,2
butchbaccala,DoubleT_Tweeter,1
butchbaccala,JustASportGuy,1
butchbaccala,MataGooner,2
butchbaccala,NotMataGooner,2
butchcat1,FoxNews,2
buttibut,News_Dr252,2
buzztwins,AlexaBliss_WWE,1
buzztwins,BRWrestling,1
buzztwins,TMZ,1
buzztwins,TripleH,1
bvdhai,AFCDieHard,1
bvdhai,GoonerTico,2
bvdhai,SeanAFC48,2
bvdhai,aliladiere,2
bvdhai,kbafcbrnr,4
bvdhai,nonewthing,6
bvincenttt,CultureCrave,1
bwaynestone,CharlieRymerPGA,2
bwaynestone,MDAndersonNews,1
byAmandaOcasio,news4buffalo,1
byabbysharpe,washingtonpost,1
byabigailwarren,CelsiusOfficial,1
byabigailwarren,byabigailwarren,1
bychrisbrito,KimGodwinTV,1
bychrisbrito,RJonesNews,1
bychrisbrito,neerajkhemlani,1
byron_mccauley,JudiciaryGOP,2
byst,Bowiegrrl1,2
byst,Devon4Real,2
byst,ImJohnEli,1
byst,Phil_Lewis_,1
byst,charles_gaba,1
c21discovery,FullertonCA,1
c2ee9c1676cd496,littlered660,2
c_legoz1204,JoshKraushaar,2
c_legoz1204,guypbenson,1
caa1000,ABBA,2
caa1000,ABC,1
caa1000,AgendaFreeTV,2
caa1000,YWNReporter,1
cable_kimbra,BBCBreaking,18
cable_kimbra,CatchYrselfOn22,2
cable_kimbra,CazB52,6
cable_kimbra,ChrisCuomo,2
cable_kimbra,Dr_Alan_Harper,2
cable_kimbra,HillRobertS2,1
cable_kimbra,James_Bolam,1
cable_kimbra,James_Rodgers1,2
cable_kimbra,KendrickBluu,2
cable_kimbra,MrDark1292,2
cable_kimbra,Phoenixownsyou,2
cable_kimbra,Randy00312,2
cable_kimbra,RejewskiM,2
cable_kimbra,Salon,2
cable_kimbra,StevenW48460593,2
cable_kimbra,WalshFreedom,2
cable_kimbra,Zenber1,3
cable_kimbra,billmaher,1
cable_kimbra,cam_phl,3
cable_kimbra,cpoliticditto,2
cable_kimbra,deangloster,1
cable_kimbra,donna_spackman,2
cable_kimbra,iamValC,1
cable_kimbra,kilmeade,1
cable_kimbra,martinrigg78,2
cable_kimbra,menard_tamara,2
cable_kimbra,mpcasey93o0,9
cable_kimbra,munkdrike,2
cable_kimbra,nolan_higdon,1
cable_kimbra,piper4missouri,1
cable_kimbra,realBookdon,2
cable_kimbra,turpen_beth,1
caitlinherdez,ONA,1
caitrinassaf,ChiefKeith,1
caitrinassaf,KARK4News,1
calamazoowho,YuckyTom,2
calatayud7,SusanBarsy,2
calclemency,BoSnerdley,2
calclemency,Dodgers,1
calclemency,EastBayTimes,2
calclemency,RexChapman,2
calclemency,StephenCurry30,1
calebs_void,FilmUpdates,1
calhounsmom,EmmyBear_LabLuv,2
calhounsmom,JoyceWhiteVance,2
calhounsmom,KatyTurNBC,1
calhounsmom,abqkat1,2
calhounsmom,harrylitman,2
calvin_knapp,CHMetallicorey,2
calvin_knapp,KassidyKreitz,1
calvin_knapp,linda69k,1
calvin_knapp,tylerkoenig99,1
calvinfish,marshallpruett,2
cam36945665,robreiner,1
cam36945665,valdemings,2
cam_phl,BBCBreaking,6
cam_phl,BillSchwartz17,2
cam_phl,giabowie,2
cam_phl,mistymeadow22,4
camelbacklady,samsports_trott,2
camilam32m,camilam32m,1
cancers83249841,Johnny_Joey,2
cancers83249841,ShannonBream,2
candyheart_80,KGWNews,2
candykizzes24,mashable,1
cann4ing,justinbaragona,2
cann4ing,thehill,2
capi8a,Apodaca_News,1
capi8a,AyD_ParaTi,1
capi8a,Cicmty,1
capi8a,furriia,2
cappoMG66,BTCTN,1
cappoMG66,BabyDogeCoin,1
cappoMG66,CityofBerkeley,1
cappoMG66,NFTGalIery,1
cappoMG66,Oakland,1
cappoMG66,sanjoseinside,1
cappoMG66,sfgov,1
captainclutch_3,FabrizioRomano,1
captainclutch_3,MattyDub49,2
captainclutch_3,gerardromero,1
captaincook,ABC7,1
cardon_brian,DavidPepper,2
cardon_brian,SarahKleeHoodNY,2
cardon_brian,mynbc15,1
carebearcs82,BigMuir2022,1
carebearcs82,CommonsenseSha1,1
carebearcs82,LisaLivesLoves,1
carebearcs82,dltav,1
carebearcs82,elleninboston,1
carebearcs82,johnrich,1
carebearcs82,nikkiferguson82,2
carinahaley,SethAbramson,1
carlandcole,CTVNews,1
carlocwec,thehill,2
carlosgil83,TheHypeSection,1
carlosroa1,DrOz,2
carlrauscher,kilmeade,1
carol83668358,RhondaBarket,1
carole_wmajors,Numbers28,2
carole_wmajors,teresaecapel,1
carolefeuerman,EuropeOsint,2
carolinerreese,LittleMissNotes,1
carrieella,HenricoNews,1
carries_4_real,thehill,2
cashmereblues,DeJLoaf,3
casshole1129,pastorpapi23,1
cassiepena5,Gator85825363,1
cassiepena5,NikkiFried,1
cassiepena5,theohtafaction,2
cassmacias22,Jaclynhill,2
castletothekeys,ksorbs,2
casualcomicker,MarkHamill,2
cat89jd,DanielCameronAG,1
cat89jd,WLKYMark,1
catalinacuervo,ADAArtists,1
catalinacuervo,AnchorageOpera,1
catalinacuervo,OperawireNews,3
catdadboomer95,DebbieBurleson4,2
catdadboomer95,robertjwolfmd,3
cateked,AlexMayster,2
cateked,EdPRMack,1
cateked,NSPRA,2
cateked,lesleybruinton,1
cathy_hopes,DonaldJTrumpJr,2
cathynhouston,AmandaCulver20,1
cathynhouston,BinnerBud,1
cathynhouston,Dist_5,1
cathynhouston,JillayneMC,1
cathynhouston,JohnWal74913704,2
cathynhouston,Kcharron155,1
cathynhouston,Nigel_Farage,1
cathynhouston,RandyRRQuaid,1
cathynhouston,RepMTG,1
cathynhouston,TheNewArena,1
cathynhouston,TomFitton,1
cathynhouston,Trussa8,2
cathynhouston,TuckerCarlson,1
cathynhouston,chelseaBwatson,1
cathynhouston,kilmeade,2
cathynhouston,mislukt12345,2
cathynhouston,pnpnbh,2
cathynhouston,politvidchannel,1
cathynhouston,seanhannity,1
cathynhouston,shemenacgmailc1,1
caulfi1,bb_roberson,2
cavereric,RodgerC18,1
cavereric,crazymom4262,2
cavereric,hunterw,1
caw72,neorsd,2
cbellistweet,Skycop1,2
cbellistweet,joncoopertweets,1
cbellistweet,vermontgmg,1
cbrennansports,AWSM_SportMedia,1
cbviets,SergeantAqGo,2
cc5191,padres06,2
ccarlsononSU,247Sports,1
ccarrillo1983,crossbones75,2
ccarrillo1983,mmpadellan,1
ccc_personal,B_Estefan,5
ccoleiii,Forbes,1
ccrcgm,FoxNews,2
cdc29,JeffSharlet,2
cdcotton,Atticus59914029,1
cdcotton,RowzizRowz,1
cdcotton,whistlenstripes,2
cdmalis,ShannonKMulaire,3
cdoyle222,CAPAction,1
cdoyle222,CNBCnow,1
cdoyle222,CNN,1
cdoyle222,RepNancyMace,1
cdoyle222,SenatorTimScott,3
cdoyle222,axios,1
ceil_rodriguez,LILGUYISBACK,2
ceil_rodriguez,NellyRoc_81380,2
celticsneighbor,MarshaBlackburn,2
celticwarrior55,NStoolfire,2
cerati9,Variety,2
cerealcam486,Elibby123,2
cfierro714,thehill,2
cfraze3,NFL_Memes,1
cghuelsman,CincyPedsNBikes,2
cghuelsman,kathy_biosci,1
cgoldbaum106,RadioFreeTom,2
cgoldbaum106,hiitaylorblake,2
cgoldbaum106,margunson86,2
cgrapski,thehill,2
chalkartaddict,mikebranchmusic,2
chalkartaddict,mommameetsworld,2
champ2k_,BenzoDaGod,1
champ2k_,LenGriffey,1
champ2k_,thankGod4Gallo,2
chanceisloud,Chiefs,1
channel_20xx,1WayNorth1,1
channel_20xx,NTheatre,1
channingbruss,WingfieldNFL,1
chapin1971,explorfairbanks,1
chapin1971,icealaska,2
chapin1971,newsminer,2
charalenoenusa,GalloMatrix01,1
charalenoenusa,mondaciero,2
charissaisidro,latimes,1
charles_gaba,Ground_app,1
charles_gaba,Neoavatara,1
charles_gaba,burgessev,1
charles_gaba,charles_gaba,1
charles_gaba,umichvoter,1
charleyshroom,notbrokeboy206,2
charlie_white,Angry_Staffer,1
charlie_white,ImJohnEli,1
charlie_white,davenewworld_2,1
charlsiekate,MuppyBean,2
charmedlocks,charmedlocks,1
chartmann99,HomeFront,1
chartmann99,sarahsteward,1
chaseabrown__,11W,1
chaseabrown__,Dan_Hope,1
chaseabrown__,Garrick_Hodge,1
chaseabrown__,GriffinStrom3,1
chaseabrown__,chaseabrown__,1
chaseabrown__,priestas,1
chaserhb,boardroom,1
chatelaineri,NBC10,1
chatelaineri,TedNesi,1
chatelaineri,chatelaineri,1
chatelaineri,wpri12,1
chaz_all,OccupyDemocrats,1
chaz_all,nathaliejacoby1,1
chazzreese,IngrahamAngle,1
chazzreese,Jonny1902,2
chefgiginyc1,BrandonTierney,1
chefgiginyc1,CartonRoberts,1
chefgiginyc1,EvanRobertsWFAN,1
chefgiginyc1,JoeBenigno_real,1
chefgiginyc1,TikiAndTierney,1
chefgiginyc1,TikiBarber,1
chefgiginyc1,WFAN660,2
chefgiginyc1,craigcartonlive,1
cheinrich86,alexbward,1
cheinrich86,gtconway3d,1
chemoazul07,deniseramosm,2
chenwro,SenTedCruz,2
chernowa,AJHilton_News,2
chernowa,ChicagoTVGuides,1
chernowa,survivetvjobs,1
cheryl_marlin,ABC,1
cherylingram,AnthonySabatini,1
cherylingram,CoryMillsFL,1
cherylingram,MillsForFlorida,1
cherylingram,MonicaCrowley,1
cherylingram,SharylAttkisson,1
cherylingram,jeremycarl4,2
cherylingram,joekent16jan19,1
cherylingram,katiadoyl,1
cherylingram,utopianindigent,1
cherylkanere,BruceManno,1
cherylkanere,GOPChairwoman,2
cherylkanere,Ladybugzz21,2
cherylkanere,NewEnglandinCA,2
cherylkanere,PolitiBunny,2
cherylkanere,TimHoopes4,1
cherylkanere,bennyjohnson,1
cherylkanere,cputrbug,2
cherylkanere,mattwilson9090,1
cherylkanere,newsmax,1
chetanrakieten,MarkGruba,1
chetanrakieten,News_8,1
chevyboy2266,T_Rich_ATL,2
chickacee,atrupar,1
chief_mcglynn,FDIC,1
chief_mcglynn,fireengineering,1
chiggins1966,atxBlackMamba,2
chikaunigwe,LolaAkinmade,2
chimpsea,cara__jackson,1
chinatowncdc,chinatowncdc,1
chinatowncdc,lihanlihan,1
chinatowncdc,sfstandard,1
chinkycell,PontiacMadeDDG,1
chipper71186,MEM_Fire,1
chipper71186,The_Shadow__68,1
chipper71186,leeeahhhhh,1
chobot450,ShirleenAllicot,1
choclatebunnyX,therapy4bgirls,1
chr1broo,HeresAshy,2
chr1broo,JordanChariton,1
chr1broo,briebriejoy,1
chris_calvin1,MarketWatch,1
chris_earnest21,SpringWoodsHigh,2
chrisbarcenas_,CABQRaceEquity,2
chrisbarcenas_,MichelleCABQ,1
chrisbarcenas_,kathygriffin,2
chrisgb002000,AJ_10Q,2
chrisgraves,SimoneCazares,2
chriskilroy,DasChampionAlex,1
chriskilroy,DisgustingAct84,1
chriskilroy,soccer_usa_,1
chriskilroy,woolzenz,2
chrislejohnyc,ABC7NY,1
chrislejohnyc,Asianwave_org,1
chrislejohnyc,BrameMadeline,1
chrislejohnyc,CBSNewYork,1
chrislejohnyc,Danyela4NY,1
chrislejohnyc,DavidRem8,1
chrislejohnyc,Dean_Moses,1
chrislejohnyc,ImpeachBragg,1
chrislejohnyc,InformMyVote,1
chrislejohnyc,ManhattanDA,1
chrislejohnyc,MaudMaron,1
chrislejohnyc,NBCNewYork,1
chrislejohnyc,News12D,1
chrislejohnyc,PIX11News,1
chrislejohnyc,fox5ny,1
chrislejohnyc,najimbenine,1
chrislejohnyc,news_ntd,1
chrislejohnyc,saferstreetsny,1
chrislejohnyc,victimsrightsNY,1
chrislejohnyc,votebrian,1
chrislongview,JustinWolfers,1
chrislongview,VeeCeeMurphy76,1
chrislongview,WFLA,1
chrislongview,gimli0413,2
chrislongview,rodrigoslegaspi,1
chrislongview,ryanjreilly,1
chrislongview,thehill,1
chrisrtineenri1,BidensWins,2
chrisrtineenri1,morningmika,1
chrisshonk,msichicago,1
chrissy26E,PrincipalPete,4
chrissy26E,fspbat,2
chrissy26E,newsmax,3
chrissyfeder,13WHAM,2
chrissyfeder,BobLonsberry,1
chrissyfeder,CityRochesterNY,1
chrissyfeder,FoxRochester,1
chrissyfeder,HangryMoFo,1
chrissyfeder,KimberlyRRadio,1
chrissyfeder,News_8,2
chrissyfeder,ROCLocustClub,1
chrissyfeder,RPLCinfosharing,2
chrissyfeder,SPECNews1ROC,2
chrissyfeder,marylupienroc,1
chrissyfeder,news10nbc,2
chrissyfeder,theharid,2
chrissyfeder,whec_bbrean,1
christal_ellard,C8Luna,1
christal_ellard,Louise522,1
christal_ellard,NEWS_MAKER,1
christal_ellard,RISteelerFan91,2
christal_ellard,RandallFlagg122,1
christal_ellard,See_Em_Play13,1
christianafitz,christianafitz,1
christinaixchel,christinaixchel,1
christoph7809,2B7C89526,1
christoph7809,IndianaJones79,2
christoph7809,russvought,1
christoviak41,JaneHelminiak,1
chrisvondoom1,BarbariansRidd1,1
chrisvondoom1,chrisvondoom1,1
chukwura_a,RotimiAkeredolu,2
chukwura_a,biggod000,2
chukwura_a,officialABAT,1
chy_bellamy,Momademia,1
chy_bellamy,nikiamoni,2
ciaras8,Beccalynnohhayy,2
cincomar,RenkoStyranka,1
cincomar,Ta_Lon,2
cincomar,mabdamd,2
cincomar,mikepompeo,2
cincomar,mrbromwich,1
cincomar,ryanmlowery,2
cincygreghoodin,ChrisJansing,1
cindogg88,bsw5020,2
cindycreem,MassGovernor,1
cindylocke47,TheRickyDavila,1
cinfullysocial,helenstravels,2
cintrice,comicbookcouple,1
cintrice,lesliewinston69,2
cintrice,red_letter_news,1
citybusdriver17,APA099,2
citybusdriver17,Emarie110265,2
citybusdriver17,FrenchFry14595,2
citybusdriver17,TxDem73,2
civichealth_all,SellsBryan,1
civichealth_all,fairfightaction,1
cizorj,Wizard101,1
cjdjam,AftabPureval,1
cjdjam,AlexaHelwig,1
cjdjam,CityOfCincy,1
cjdjam,HubOtr,4
cjdjam,KearneyForCincy,1
cjdjam,thebreeisnyrmnd,1
cjmath,Stevelo27481202,2
cjn54,AndrewCai18,1
cjn54,WISCTV_News3,1
cjn54,jessieopie,2
cjn54,maestrotimothy,2
cjn54,mattsmith_news,2
cjn54,patrickdmarley,1
cjn54,sbauerAP,1
cjrhodes1121,AmoneyResists,2
cjrhodes1121,thehill,2
cjrhodes143,RobStark4Mayor,1
cjrhodes143,TheRealCornPop1,2
cjrhodes143,TimFindleyJr,1
ckopyar,IGN,2
ckuhtz,RAF_Luton,1
ckuhtz,VFNEST,2
clareifying,MelbaLara,1
clareifying,NPR,1
clareifying,WBEZ,1
clarkj_31,FoxNews,2
claudettolbert2,OccupyDemocrats,4
claudiagestro,dailymlbtweets,1
claudiameehan88,duty2warn,1
clayharbs82,Haason7Reddick,1
clayharbs82,JAKIBSports,2
clayhensley,danbauman77,2
claymationinc,KnowTheCause,1
claystorm,FlyingHeritage,1
clearlylori,AGKarlRacine,1
clearlylori,SenMarkKelly,1
clearlylori,reneeaclay,1
cleveterinarian,SFGate,1
cleveterinarian,peterfmackay,2
clickthatfollow,LeBronFactCheck,2
clint3344,DanRather,2
clintworthing,Honors_Zombie,2
clockworkjojo,P_McCulloughMD,1
cloudarkITect,AUProSports,1
cloudarkITect,ajbrandolini,2
cloudarkITect,officiallaxgirl,1
clownfarm,BayleeLeavitt4,4
cmc_pankaj,DrHimanshuSoni,1
cmc_pankaj,cmc_pankaj,1
cmcdittmer,MarkHertling,2
cmclymer,Meghann_MT,1
cmurphypro,YouTube,1
co_pony,MadameDeFarge13,1
co_pony,Max_OMatic,1
co_pony,bunsenbernerbmd,1
coach_moffatt,Hferguson28,2
coach_moffatt,RockHillHS,1
coach_moffatt,pastors4txkids,1
coachbuckler,RPD_News,1
coachbuckler,StellarRichmond,1
coachclancy11,MensTriton,1
coachflats76,ItemSports,1
coachflats76,Lynnfield_AD,1
coachflats76,MrLamusta,2
coachflats76,lynnfield_news,1
coachgodsil,BCam3_,1
coachgodsil,CodyTCameron,1
coachgodsil,DobsonMustangs,1
coachgodsil,JUSTCHILLY,1
coachgodsil,ZachAlvira,1
coachgodsil,azc_obert,1
coachgodsil,gridironarizona,1
coachmellowman,MacFarlaneNews,2
coachnez9,CNN,1
coachnez9,CNNPolitics,1
coachwhitman,qthetrackcoach,2
coastalguy7,SimonWPDE,1
coastalguy7,Specneedsmom4,2
coastalguy7,cameron_kasky,2
coastalguy7,wpdeabc15,1
cobra851,ChrisFYN,2
cobra851,ErozinisE_4,1
cobra851,GAHSFBScoreShow,1
cobra851,GHSF_news,2
cobra851,GHSFdaily,1
cobra851,GeorgiaMaxPreps,2
cobra851,GradickSports,1
cobra851,HeardBraves,2
cobra851,High5Sports,1
cobra851,KameronEdge3,1
cobra851,LIONSTRONGFB,1
cobra851,LjGreen_9,1
cobra851,NwGaFootball,2
cobra851,PrepRedzoneGA,1
cobra851,RecruitGeorgia,1
cobra851,bowdonrecruits,1
cobra851,scoreatlanta,2
cobra851,turdfurgesonrpt,1
cocktailhag,devisedchaos,1
cody_brousek,CoachBrousek,1
cody_brousek,camderr19,1
codycoop72,_DanOmar,2
cohenss,BBCBreaking,7
cohenss,NatashaAustinCA,9
cohenss,cohenss,2
colderthan__ice,vildezgoines,1
coleman_peanut,Henry68157,1
coleman_peanut,eatbeefnow,1
coleman_peanut,jlturner100,2
colindabkowski,LeighGiangreco,2
colindabkowski,Sulliview,1
colinlord,GatsbyJS,1
collinkrum,BlueCanyonTech,1
collinkrum,C4ISRNET,1
collinkrum,RaytheonIntel,1
collinkrum,calbon,1
collinkrum,defense_news,1
coloncancermike,CCAlliance,1
coloncancermike,NCIDirector,1
coloncancermike,NCIResearchCtr,1
coloncancermike,bertagnollimm,1
colonelchi,ComicBook,1
colonizedeez,KenBorsuk1,2
colonizedeez,brooklynmarie,2
colonizedeez,vosdscott,1
comethazine69,Rap,1
commgrad71,BillPlaschke,1
commgrad71,DodgersInTheUK,1
commgrad71,DodgersNation,1
commgrad71,DodgersTailgate,1
commgrad71,Dodgers_Muse,1
commgrad71,ESPNStatsInfo,1
commgrad71,JKDodgers,1
commgrad71,LosDodgers,1
commgrad71,MLBMetrics,1
commgrad71,OrelHershiser,1
commgrad71,snidog,2
commgrad71,statfax,2
commgrad71,truebluela,1
common_sensedoc,bubbaprog,1
comptixking,MI_Country_Hick,3
comptixking,Pistonpower23,3
comptixking,RandPaul,2
comptixking,RepAdamSchiff,2
comptixking,TheLeoTerrell,6
comptixking,WilkowMajority,2
connieinmpls,kilmeade,2
connor_allen21,JohnnyWingo,1
connorsmw19,Kenosha_News,2
constantineMWM,Monarch_Wealth1,1
coogler16,BetterWorld899,2
coogler16,GregAbbott_TX,1
cooper_zion,DVinyard8814,2
cooper_zion,PMBreakingNews,1
cooper_zion,StackTax,1
cora_cervantes,RominaAdi,1
cora_cervantes,usatodayDC,1
coreysjohnson1,Outkick,1
corneliagracchi,AP,1
cornett,ItsameSalva,2
cornett,david_perell,2
cornish_la,FoxNews,2
cornish_la,GOP,1
cornish_la,kilmeade,1
coryandtreezy,MuellerSheWrote,1
corymccabefilms,Blackmagic_News,1
court_bennett11,detroitpolice,1
cowboycraig8922,MarshaBlackburn,2
cpane94,flomarlow_lab,3
cpane94,jboerckel,1
cptpoopnsnort,KTXS_News,2
craig_beauch,PSexton94,1
craig_beauch,PentictonVees,1
craigbachler,DavidKlepper,1
craigbachler,NikkiFried,2
crazymuffler,sharifmv,1
crazymuffler,verified,1
crestviewgator,FusedBark33,2
crestviewgator,Guslefou149,3
crestviewgator,crestviewgator,1
crevalcore,BBCBreaking,1
crevalcore,CNBC,1
crevalcore,FoxBusiness,1
crevalcore,MiamiHerald,1
crevalcore,foxandfriends,1
crillmatic_,ilov3starz,2
crimedoor,MPANaus,1
crimedoor,MissingKids,1
crimedoor,australian,1
cristianmitse,DulceMa19857484,2
cristianmitse,senadorhumberto,1
cristymsilva,RominaAdi,1
cristymsilva,dberrygannett,1
crrrrrraig,ParkerMolloy,1
crrrrrraig,TGOT_msp,2
cruznews,NBCNews,1
crystalsloth,MikeBalsamo1,1
crystalsloth,PaulWartenberg,2
crystalsloth,big_will51,2
crystalsloth,jackabryan,1
cscaadvocacy,LindseyGrahamSC,2
csoy13,Zarquan,1
cspencer96,ronmknox,1
csstjohn,kilmeade,1
csstjohn,realTuckFrumper,1
cthyrobert7,ABC7NY,1
cthyrobert7,danibeckstrom,2
ctototoo,cmunkey2,2
ctycka,AbsoluteLe,3
ctycka,JJSingleton1,1
ctycka,Queen_City_News,1
cultofJT,96hoya,1
cultofJT,BrookeJenkinsSF,2
cultofJT,HamasakiLaw,1
cultofJT,MHurabiell,1
cultofJT,ThomasOstly,2
cultofJT,VoteandChangeSF,1
cultofJT,chesaboudin,1
cultofJT,decadimitry,1
cultofJT,jajajojo415,2
cultofJT,lopez4schools,1
cultofJT,safersfnoboudin,1
cultofJT,shamannwalton,1
cultofJT,tigerbeat,2
cultofJT,willsandtrusts1,1
curlyheadty,JustDoItDeon,1
curtissteele14,LOTP14,2
curtissteele14,LionsNationU,2
cuvee_corner,WineRiver,1
cuvee_corner,wineworldnews,1
cwhinds,BarackObama,1
cwhinds,RpsAgainstTrump,2
cwhinds,VernonForGA,2
cwmsiv,Friday_Everyday,2
cwoytach,Poynter,1
cwsmayor,Manny_Navarro,1
cybervenus,VonnettaLWest,2
cybervenus,shellypalmer,2
cycsharonboyd,CNN,1
cycsharonboyd,PerErikSchulze,1
cycsharonboyd,alisterdoyle,2
cyndilenz,HiroHamadaBTC,5
cyndilenz,JoeBiden,3
cyndilenz,Miscreantt,3
cyndilenz,POTUS,4
cyndilenz,Pericles_02,1
cyndilenz,markfromalbany,2
cyndilenz,masonbo,3
cyndilenz,new__defect,4
cyndilenz,real_defender,4
cynladd1,diboone001,1
cynladd1,natsechobbyist,2
cynoffire,LaughsLit,1
cysco3770,HITS961,1
cysco3770,KelbinLive,1
cysco3770,MiguelFuller,1
cysco3770,MiguelandHolly,1
cysco3770,RadioHolly,1
czthdy1,LelandShow,2
daForeman19,FOURTRESS43,1
daForeman19,TruBelian,2
daaman81,BelikeFederer,2
daaman81,NikkiFried,1
daaman81,fred_guttenberg,1
daddyosr66,atrupar,2
daersay,Wordshore,2
daeziebug,daeziebug,1
dagrons,BTW8892,2
dagrons,NYP_Brooksie,1
dahunt1962,texaspenguin,2
daily_migraine,AaronParnas,2
daisyyyyleonor,EASTLA_NEWS,2
daisyyyyleonor,mahooroh,2
dakini_3,MacFarlaneNews,2
dale_kappel,JamesZeitler,2
dale_kappel,TheGoldenHart,1
dale_kappel,johncusack,1
daleonard9,MailOnline,1
dallashathcock1,msfil_way,2
dallasmom53,ABC,1
dallasmom53,SouthernGh,2
dallasmom53,nbc,1
dallasmom53,screwthechew,2
dallasmom53,whitetiger0203,2
dame_diddy,GlasxxTv,1
dan95050,RepAndyBiggsAZ,2
danaolitaogden,djrothkopf,2
danaolitaogden,joncoopertweets,1
danato84,HeathMayo,2
danbixby,FreeMMAPicks,2
danboever,CharlieRymerPGA,2
danboever,MDAndersonNews,1
dancindoti,AppStore,1
dancindoti,FBICincinnati,1
dancindoti,FoxNews,1
dancindoti,MattGertz,2
dancindoti,patriottakes,2
dancindoti,seanhannity,2
dands0017,JacquelyneHowa7,1
dands0017,TulsiGabbard,1
dands0017,joncoopertweets,1
daniDtown,PFUFA_org,1
daniDtown,blue_jeep,2
daniel_dennison,ASUNSports,1
daniel_dennison,TheSunnysidePOD,1
daniel_jackett,Fopakjak,2
danielallen1738,Seth_Duckworth,1
danielhcorey,HallieOnMSNBC,1
danieljtgallen,BrianDohn247,1
daniferNFT,yooshi_official,2
danmleu,AnnevelinkD,2
dannyjnoonan,disclosetv,1
danpi,HannahElliott,2
dansaltzstein,nthjohnwilliams,2
dansedmonson,SpecialPuppy1,1
dansedmonson,dansedmonson,1
dansedmonson,phelprya,1
dansewell,AP,1
dansewell,FarnoushAmiri,1
dansewell,JDVance1,1
dansewell,TimRyan,1
dansewell,chevytothe_levy,2
dansewell,dbauder,1
dansewell,ohiogop,1
dante561,TuckerCarlson,1
dante801,atrupar,2
dante801,brianstelter,1
danvock,danvock,1
danwentzel,JasonOverstreet,2
danwentzel,LilacGirl2,1
dappermegan,Disneyland,1
dappermegan,DisneylandAP,1
darknightzo87,DPRK_News,2
darksidedginger,Kgarr514,2
darksidedginger,RepMTG,1
darksidedginger,octave_spa,1
darksidedginger,wingsfaninvsted,1
datdudechico,Connor_J_Hughes,2
dave_schilling,Variety,1
dave_the_libn,ShawniebethM,2
dave_the_libn,kelsey_dallas,2
dave_wakeman,chrisbrowntv,2
daveblend,AnthonyMKreis,1
daveblend,BretBaier,2
daveblend,RepMeijer,1
daveblend,SenMastriano,1
daveblend,benshapiro,1
daveblend,realDailyWire,1
daveblend,tedcruz,1
davecdnb,Knizek_Stephen,7
davecdnb,NorthSox1312,4
davecdnb,davecdnb,1
davecdnb,mtracey,4
daveconrey,mattmedved,2
davedeckerphoto,brooklynvegan,2
daveforbmore,MayorBMScott,1
daveforbmore,melissa_schober,2
daveknapp6,andrewcuomo,2
daven_md,DrEmilyBrunner,1
daven_md,ThorsborneMarg,1
daven_md,daven_md,1
daven_md,dawso007,1
daven_md,drjessigold,1
daven_md,psychmdmom,1
davepringus,davepringus,1
davidalanhawkin,YouTube,1
davidbrower,Durhamdocs,1
davidbrower,MooreSqMarket,1
davidisradical,MariaESalinas,1
davidjaka53,Mike_Pence,2
davidmarquez,AdamParkhomenko,1
davidmarquez,FoxNews,1
davidmarquez,kilmeade,1
davidmarquez,mikezahra,2
davidmoore_7,IraSchoffel,2
davidplastik,olivianj,1
davidshepardson,capitalweather,1
dawniecro,SPPS_News,1
dawniers,dawniers,1
dawnimatrix,DonaldJTrumpJr,2
dawnleetaylor,RpsAgainstTrump,1
dawnleetaylor,SarahLongwell25,2
day_falconbd,AshaRangappa_,1
day_falconbd,RepRaskin,1
daydreamer1027,NYPost_Mets,2
daydreamer1027,TooGooden17,1
dayfrank10,LarryOConnor,1
dayfrank10,ShannonBream,1
dayfrank10,mercedesschlapp,2
dayfrank10,momhugstree,2
dazz0_716,KlasfeldReports,1
dbarone1958,IngrahamAngle,2
dberwyn,newsobserver,1
dbluetroy,gggirl924,2
dbounds,kevinrose,2
dbyobama07,FBI,2
dclynick66,DetroitTigersPR,2
dclynick66,SkubalSZN,2
dcmeder,OccupyDemocrats,2
dcresap05,chrisfenske2167,2
dcsteve5,dcsteve5,1
dddfaber,Dailmamamoose,2
dddfaber,EthanResists,1
dddfaber,MikhaelShadow,1
dddfaber,YourAvgPrimate,1
ddfdba,PrincessMacgee,2
deaconmohan,CREWcrew,2
deaconmohan,michaelianblack,2
deaconmohan,petetroit,1
deadlyconvos,sk8_project,1
deanbush,CDjLive,2
deanbush,JudgeJoeBrownTV,1
deanbush,drboycewatkins1,1
deankilmer,DanRather,1
deankilmer,LaurieW95199604,2
deankilmer,QuinnTelsa,1
death_tyrannis,GOP,1
deathwish_rep90,SoFi,1
debbie_american,Jim_Jordan,2
debbie_american,JudiciaryGOP,1
debbie_american,SWinstonWolkoff,2
debbie_american,gtconway3d,1
debbie_american,seanhannity,1
debbieboucher88,strategywoman,2
debbielala58,AngelRe96386095,1
debbielala58,Damaan4u33,2
debbielala58,Patrick21537063,2
debbielala58,SierraPoppies,2
debbielala58,oneunderscore__,2
debbielala58,robertfranek,1
debbielala58,robertr121,2
debby04473555,2Strong2Silence,2
debby04473555,AaronHu83817446,2
debby04473555,PScannelli,2
debby04473555,PsychoticaTiru,1
debfus1,CatholicHigh,1
debfus1,CulottaShow,1
debfus1,WAFB,1
debrapriestley7,thebias_news,2
dee_elizabeth_,SullivanKing,1
deelystan4,johnisminty,1
deelystan4,lukejax59,2
deeslonim,Redskin_girlnm,2
defendthebanc,LAFC,1
defendthebanc,tombogert,1
dejyah,DailyLoud,1
deliser66,jonkarl,1
dellorussochar1,BBCBreaking,1
dellorussochar1,BBCPolitics,1
dellorussochar1,BBCWorld,1
dellorussochar1,MSNBC,1
dellorussochar1,PBS,1
dellorussochar1,SheSternly,1
dellorussochar1,SkyNews,1
dellorussochar1,TBeaucoupe,1
dellorussochar1,ZenBuddhette,2
dellorussochar1,barbara84530729,2
dellorussochar1,debraj112,1
dellorussochar1,frontlinepbs,1
dellorussochar1,kilmeade,1
dellorussochar1,thebias_news,2
demich1941,BrynnFarusiel,1
demich1941,InDecades,1
demich1941,SvartUlfer,2
demich1941,alndoud,1
demich1941,tedcruz,1
dempstermd,Reuters,1
denise_rodnick,IngrahamAngle,1
denise_rodnick,Jim_Jordan,2
denise_rodnick,TimRunsHisMouth,2
denise_rodnick,camrynbaylee,2
deplorable_G,auto_news_feed,2
deplorable_G,glennkirschner2,2
derekmorrison_2,News__CFB,3
derekmorrison_2,UNCFootball,2
derekmorrison_2,bearl252,2
derekshowerman,NicoleGabeTV,2
derekshowerman,SaysSimonson,1
derekshowerman,elonmusk,2
derikv,4tybin,2
derikv,Biz_Ukraine_Mag,1
derikv,BradleyWhitford,1
derikv,ConditorCancri,1
derikv,GOP,1
derikv,Langousti,1
derikv,POTUS,1
derikv,VanityFair,1
derikv,Vesemirr,2
derikv,bhaviklathia,2
derikv,davidsirota,1
derikv,general_ben,2
derikv,shaneharris,1
dermatophyte,DrJBhattacharya,1
dermatophyte,FBI,1
dermatophyte,MartinKulldorff,1
dermatophyte,The_News_Herald,2
dermatophyte,akheriaty,2
dermatophyte,barnes_law,1
dermatophyte,news_ntd,1
desertflyer,D4GordonMar,1
desoto_news,5thQtrScores,1
desoto_news,CoachMcCannHHS,1
desoto_news,MHS_Chiefs_Ath,2
desoto_news,MemAmericans,1
desoto_news,NISLPro,2
desoto_news,NWCCVolleyball,2
desoto_news,SocialSportsMs,5
desoto_news,desoto_news,6
desoto_news,misshsaa,1
desoto_news,msnewsgroup,1
devD298,KanchanGupta,1
devD298,PTI_News,5
devD298,TimesNow,2
devD298,zoo_bear,2
devashenk,Rotary,1
devgru1980mi,fredericks44,2
devibharati,BKTrending,1
devibharati,RanchHand0351,1
devibharati,giltandglamour,2
devinmartintv,devinmartintv,1
devoidofbreath,Chicanatravels,1
devoidofbreath,JuneSummer1,1
devoidofbreath,MirandaLBkr,1
devoidofbreath,afrosabi,1
devoidofbreath,brat2381,1
devoidofbreath,veterans_i,1
devoladaz,jorgeramosnews,1
devoladaz,matador_4t,1
dewbertdc,motoridersd,2
dfeltner11,CNN,1
dfinn,DineshDSouza,2
dfinn,DrOz,2
dfinn,dfinn,1
dgpoh,937theFan,1
dgpoh,ThePoniExpress,2
dgpoh,jhathhorn,1
dhmontgomery,FBI,1
dhmontgomery,edokeefe,1
dhmontgomery,healthyskeptic_,2
diamonforever88,MarkSZaidEsq,1
diane_portas,Strandjunker,1
diane_portas,baumusc,2
diane_portas,k_TAP_g,1
dianelewis48,Reuters,1
diaz_idalis,StoneKaiman,2
diaz_idalis,albertfonse11j,1
diegornelas,Mudcat55,2
diegornelas,PadreFanDan,2
dietcokexbust,JoeyxRoss,2
dilfmage,LiZaOutlives,1
dimanzee,svtv_news,2
dinahleigh,GeneralHospital,1
dinahleigh,JustJokingJK,1
dinahleigh,MichalSamulski,2
dinahleigh,News_Dr252,2
dinahleigh,kinshriner,1
dinahleigh,valentinifrank,2
dino246gts,durjoy,2
dirkvandenpoel,kdd_news,2
dirtberry,Deadspin,1
dirtberry,JohnVidiodad73,2
dirtwolf66,MarshaBlackburn,2
dirtybeardad,realTuckFrumper,1
dissolveriol,NicoleConlan,1
dissolveriol,millbot,2
districtofdaisy,PoPville,1
dizzyborden1972,missjuliebrown,2
dj3cb,nbcsnl,1
dj3cb,therecount,1
dja1757,DollyParton,1
dja1757,UnitedWayLC,2
djalexreyes,PlacerSheriff,1
djbarro,BillKristol,1
djbarro,rmlunn,1
djbarro,seleln1,2
djcriswell265,CNN,1
djcriswell265,FBI,1
djcriswell265,Fla_Pol,1
djcriswell265,PepiSouthern,2
djcriswell265,PeterSchorschFL,1
djcriswell265,kaitlancollins,1
djdoug4ever,GuntherEagleman,1
djdoug4ever,JaeaGeep,2
djjoegeorge,AtownArtMuseum,1
djnst,Glenn__Kenny,1
djsoap92,djsoap92,1
djstrangelove09,ABC7,1
dkborsos,tvanfosson,2
dkoonce10,sunny,1
dlee7447,VanessaFreeTV,2
dlemos_02,Dodgers,1
dmajek7,dhusslefr,6
dmcpettit,Captain71679137,2
dmcpettit,mmpadellan,1
dmputney1,FoxNews,1
dmul53,JackPosobiec,1
dmvaugha,DrCherylllP,1
dmvaugha,Michele68927062,2
dmwaldron,NY1,1
dmwaldron,NYCferry,1
dmwaldron,ShannanFerry,2
doby8285,Lakatos08,2
doceotors,drliansi,2
docgobble,BetoORourke,1
docgobble,JeffSyptak,1
docgobble,KellyCoughlin6,2
doctor63,SophiePayne23,2
dodgefast,thecoretraining,1
dodgerdogvegas,thebias_news,2
doll_aim,ajzahn510,2
dollarsaystudio,BBCBreaking,1
dollarsaystudio,BBCNorthAmerica,1
dollarsaystudio,CNN,1
dollarsaystudio,KendallJenner,1
dollarsaystudio,POTUS,1
dollarsaystudio,cnnbrk,1
dollarsaystudio,jmunc25two,1
dollarsaystudio,rpsitRU,1
domesticatedgee,KXAN_News,2
dondrennon,BlueTx3,1
dondrennon,JoshMankiewicz,1
dondrennon,Limeylizzie,1
dondrennon,OKnox,1
dondrennon,TwitterSupport,1
dondrennon,tom_9s,1
dondrennon,triciaonkiss,2
donellefranklin,NStoolfire,1
donna38059,TristanSnell,1
donna38059,TrumpFrederick,1
donna38059,kurtbardella,1
donna38059,rainerickson,2
donnadamiano,BeachCity55,2
donnatrocha,kilmeade,1
dontfukwitmeh,Bakari_Sellers,1
dontfukwitmeh,Clemtiger86,2
dontfukwitmeh,Michael69Resist,1
donwill94062871,AdulHelle,1
donwill94062871,AllanKirkhart,1
donwill94062871,AnnieOldenough,1
donwill94062871,BKnoggin,1
donwill94062871,BS2KZ,1
donwill94062871,Bannerzz1,1
donwill94062871,Cara_TXZEAL,2
donwill94062871,ChuckGrassley,1
donwill94062871,Conserve2MAGA,1
donwill94062871,Debbie22210,1
donwill94062871,ElaineSoCalGov,1
donwill94062871,GlennWhite1,1
donwill94062871,HankMullaney,1
donwill94062871,HawleyMO,2
donwill94062871,HelensLunch,1
donwill94062871,IPrincess1901,1
donwill94062871,Ig0tsW0rdz,1
donwill94062871,JayVanOrman,1
donwill94062871,Kirkralphb,1
donwill94062871,ModBond1,1
donwill94062871,MrMcChubby,1
donwill94062871,Peoples_Pundit,1
donwill94062871,Pepe__J,1
donwill94062871,Scrambu11,1
donwill94062871,SenMikeLee,1
donwill94062871,SenRickScott,1
donwill94062871,SenRonJohnson,1
donwill94062871,SpicyNoodles2,1
donwill94062871,Sportsmomma2020,1
donwill94062871,TTuberville,1
donwill94062871,Tex_968,1
donwill94062871,TheLeoTerrell,1
donwill94062871,TheRand2025,1
donwill94062871,Tinybutfierce1,1
donwill94062871,TonyaFlew,1
donwill94062871,WharfRat1969,1
donwill94062871,_mzishi_,1
donwill94062871,_s3mp,1
donwill94062871,billjon72062888,1
donwill94062871,birockinn,1
donwill94062871,blcartwright,1
donwill94062871,denise_snively,1
donwill94062871,irreveRANThumor,1
donwill94062871,is_contagious,1
donwill94062871,jellen805,1
donwill94062871,michaeljashmore,1
donwill94062871,mightysaguaro,1
donwill94062871,olystubbies44,1
donwill94062871,plimouthoutwest,1
donwill94062871,politicalwilli,1
donwill94062871,rchandler312,1
donwill94062871,scmom13,1
donwill94062871,tedcruz,1
donwill94062871,tombus06,1
donwill94062871,usamabroad,1
donwill94062871,wakeywakey16,1
donwill94062871,whackamolio,2
donwill94062871,wmahoney5,1
dooobrah,VABVOX,2
dorocren,Josiensor,2
dorocren,susanmcp1,1
dorothy55720514,crawley_mick,2
doug_DaBroke,doug_DaBroke,1
doug_vonbank,BlizzardBasebal,1
doug_vonbank,JayGuerin2,3
doug_vonbank,PurdueBaseball,1
doug_vonbank,TylerGuerin4,2
doug_vonbank,mvvarsbaseball,1
dougcohen10,BBCBreaking,1
dougcohen10,BeerBuddy4,2
dougdaulton,dougdaulton,1
downanddirty200,MerciNoCoup,2
downanddirty200,NancyMAGAmonkey,1
downanddirty200,POTUS,1
downanddirty200,tvlmuse,2
doyle_dearman,IngrahamAngle,2
doyle_dearman,LisaMarieBoothe,2
doyle_dearman,Phydeauz,1
doyle_dearman,michaeljknowles,1
doyle_dearman,nathaliejacoby1,2
doyle_dearman,piyushmittal,2
doyle_dearman,placeboDemocra1,2
dpasghar_,Coach_Rusty,1
dpasghar_,DineshDSouza,1
dpasghar_,YarnDarn,2
dpasghar_,josephferris76,1
dpasghar_,twittytwister35,1
dpbennett_dan,skb_sara,2
dpd2332,AndrewMarchand,1
dphole,shashj,1
dpicon88,AmericanOutlaws,1
dprussell51,C8Luna,2
dprussell51,NEWS_MAKER,1
drainpipe_,AddyChewer,2
drainpipe_,cacmrg,1
drainpipe_,johnghendersons,1
drainpipe_,wright96d,2
dramc2004,Deetroit_Dave,2
drdominee,krystal_asmith,1
drdominee,thtrisha16,2
drdrbrockman,JesseWFAA,1
dreamarlowe85,KyserL,2
dreamarlowe85,TimSullivan714,2
dreamy_gal70,NEWS_MAKER,2
dresscirclecouk,Bonnie_clydeLDN,1
dresscirclecouk,dan_looney,1
dresscirclecouk,ivanmenchell,1
drew27529,COACHJONES14,2
drew27529,SAUFalcons,1
drew27529,SAU_News,1
drfolamay,DOM_UCLA,2
drfolamay,DeptVetAffairs,1
drfolamay,LosAngelesVA,1
drfolamay,UCLAHealth,1
drfolamay,UCLAPCCM,1
drfolamay,dgsomucla,1
drfolamay,rsalehirad,2
drooski0311,RandyRRQuaid,1
drphone,AndySwan,1
drschaos,KimMangone,1
drschaos,RexChapman,2
drske1031,EASTLA_NEWS,2
drtesiadwilson,HeadMagnetMS,1
drugtsunami,JoshuaPotash,1
dsgill87,CaniacZach,2
dsparks149,DonaldJTrumpJr,2
dsyzdek,NWSSpokane,1
dsyzdek,dsyzdek,1
dsyzdek,mlanger,2
dsyzdek,pygmyrabbitgirl,2
dsyzdek,vermontgmg,1
dtelford10,ZubyMusic,2
dtqt4IdluhMjqbI,FoxNews,2
dtqt4IdluhMjqbI,k05m1cg1rl,2
dtqt4IdluhMjqbI,seanhannity,1
dtyler321,ChrisWiegman,2
dubl_dee09,KTNV,1
dude3pt0,MsBossyLeo,1
dude3pt0,Raider_Ceasar,1
dude3pt0,diamondjoegator,2
dufort_jeanne,FridaGhitis,2
dugganreports,dugganreports,1
dulaney_melanie,Scholastic,1
dulaney_melanie,karianneholt,1
dunekacke,smegs,2
dunisayno,WSJPolitics,1
dusty_koschny,Angenette5,2
dusty_koschny,LawCrimeNetwork,1
dvidsilva,AcornSandwich,2
dvidsilva,JayFrosting,1
dvidsilva,WesleyLowery,1
dvshrrr,andrewhitenight,2
dwaltchack,CoinDesk,1
dwdx6w9,JudiciaryGOP,2
dweber34,POTUS,1
dweber34,VP,1
dweber34,WhiteHouse,1
dweber34,breannastewart,2
dwmanderville,BwasGoat44,1
dwmanderville,KovacTricia,1
dwmanderville,MikeMarchant29,2
dwmanderville,Stanbowen4,1
dwmanderville,hodgetwins,1
dwolfman54,BudGothmog44,1
dwolfman54,DebFerris3,1
dwolfman54,TmthyPatrick,2
dwolfman54,selfreflectlife,1
dwyerkg,MrWhiteMAGA,1
dwyerkg,StratRider,2
dylannn7_,KXAN_News,1
dylannn7_,dylannn7_,3
dylonwilson,twoborosbrewery,1
dystopixnews,MSNBC,3
dystopixnews,Reuters,1
eLDeeTheDon,eLDeeTheDon,1
e_preese,SteveRattner,1
ealvareznews,NPR,1
eardley1,FCBarcelona,1
eardley1,GalaxyPodcast,2
eardley1,poisedsushi,1
easonchen0102,CAMECA_News,1
easonchen0102,OxfordAtomProbe,1
east_side52,AshaRangappa_,1
east_side52,gtconway3dg,2
eastbayvicious,munecatheedoll,2
eastsidemags,DCComics,1
eateramanda,erinbooke,1
eatthisinKCmatt,OffcolorBrewing,1
eatthisinKCmatt,katie_cammm,2
eawolfisWolvfe1,FCR_News,3
eawolfisWolvfe1,Fayettecountydd,1
eawolfisWolvfe1,GameOfThrones,1
eawolfisWolvfe1,JiffyLube_Live,1
eawolfisWolvfe1,JosephAirToyota,1
eawolfisWolvfe1,KetteringOhioPD,1
eawolfisWolvfe1,KilKareRaceway,1
eawolfisWolvfe1,Ohio_OHS,1
eawolfisWolvfe1,TravelAmerica,1
eawolfisWolvfe1,USSupremeCourt,1
eawolfisWolvfe1,boohoo,1
eawolfisWolvfe1,bp_America,1
eawolfisWolvfe1,deputysheriff,1
eawolfisWolvfe1,eawolfisWolvfe1,2
eawolfisWolvfe1,fayettesheriff1,1
eawolfisWolvfe1,jiffylubelive1,1
eawolfisWolvfe1,promulgate,1
eawolfisWolvfe1,svgmotors,1
eawolfisWolvfe1,washingtondc,1
eawolfisWolvfe1,whitehousepress,1
ebcinpa,LaurHof11,2
eborneman,mehdirhasan,2
ebpersons,DC4Hope,1
ebpersons,GOP,1
ebpersons,cathinthekitchn,2
ebpersons,wjcarter,1
eburrowes,AJEnglish,3
ece9cf9f5873477,alexiswsyx6,2
ecl326,CharlieSlowes,1
ecl326,DaveJageler,1
ecl326,Lizzs_Lockeroom,2
ecofriendlybro,datmfshay,2
edercampuzano,StarTribune,1
edgardo_ny,Alfdoc2,1
edgardo_ny,BairdAM,1
edgardo_ny,DanielCagney,1
edgardo_ny,Dcollinsflynn,1
edgardo_ny,DrJNaidoo,2
edgardo_ny,JackWestMD,1
edgardo_ny,LungCommunity,1
edgardo_ny,RCPI_news,1
edgardo_ny,RCSI_Irl,1
edgardo_ny,ValsamoA,1
edgardo_ny,gerryhanna,1
edgarvlermamd,JASN_News,1
edgechamber,MetropolisCoCo,1
ediazgontv,Univision,1
ediazgontv,UnivisionOrl,1
edkless,jovaneerden,1
edlundberg59,BrianKarem,1
edmiller19,sportz5176,2
educatoral,pentaclethra,1
eeadams,CraigDMauger,2
eeadams,DNBethLeBlanc,1
eeadams,annaliznichols,1
eeadams,detroitnews,1
eee_bone,lookitszac,2
eelarson,BenjySarlin,1
eelarson,eelarson,1
eeyore566,seanhannity,2
efeatherston,BrianShipmanCIO,1
efeatherston,MylesSuer,2
efeatherston,Pedro_BCN_MX,1
efeatherston,S_dF,1
efeatherston,_KenLeBlanc,1
efeatherston,_jfeldman,1
efeatherston,anthony_mcmahon,1
efeatherston,colttrickle,1
efeatherston,davidseidl,1
efeatherston,dchou1107,1
efeatherston,eyb,1
efeatherston,jayferro,1
efeatherston,jckgld,1
efeatherston,jcycio,1
efeatherston,kenkauppila,1
efeatherston,landryst,1
efeatherston,mcdavis10,1
efeatherston,mskaff,1
efeatherston,mzyw,1
efeatherston,nyike,1
efeatherston,tcrawford,1
efeatherston,wlassalle,1
effess3,Brewbound,1
effingpolitics,GOP,1
effingpolitics,HillaryClinton,1
effingpolitics,OccupyDemocrats,1
eframe97,seanhannity,1
egamarro1,DonaldJTrumpJr,2
egggirl,undeadisntdead,1
ehgkulow,Indefatigabl_,2
ej8302,KING5Seattle,1
ek6145,bahazit_music,1
ek6145,bahazit_news,1
ek6145,israel_hirshman,1
ek6145,motimaagalim,1
ek6145,tam04321,2
ekucolonel92,teri_atthepaper,2
elJanjo99,MuscogeeCreek,2
el_armstrong_,MarjheMason,1
el_armstrong_,katie_bodlak,2
el_chaveezy,CleanairCA,2
el_chaveezy,guardiannews,1
el_chaveezy,latimes,1
el_chaveezy,voxdotcom,1
el_raul,DanStraitIAm,1
el_raul,DrumpfForJail,1
el_raul,NPR,1
el_raul,StephenKroger,1
el_raul,nathaliejacoby1,1
el_raul,srg5400,2
elanahami,olivianj,2
elcheshen,bennyadamo1,2
electsikora,DominionPostWV,1
elenaparent,bluestein,1
eliasfvaldes,OccupyDemocrats,2
eligit,eligit,1
elijahdavid613,KSHB41,1
elimairead,AndrewWarrenFL,2
elimairead,DawgHandsome,1
elimairead,FrankForeaker,2
elimairead,Meidas_Adrienne,2
elimairead,virami,2
elisasalinas09,BeltwayGriper,2
elisasalinas09,RogersForTexas,1
elisasalinas09,pastors4txkids,1
elitejean,CostanzaRdO,2
elitolstovb,DenverPolice,1
elitolstovb,jeremyjojola,4
elizajamesvln,USATODAY,1
elizakruczynski,WFSBnews,1
elizlemmonds,ashvan08,1
elizlemmonds,uofmemphis,1
elkhorntraining,TheXplosiveEdge,1
elkhorntraining,elkhorntraining,1
ellaeb5,EASTLA_NEWS,2
ellemcgrath1,Bound4Prison,5
ellemcgrath1,HuckSawyer1,2
ellemcgrath1,John_Scott_G,2
ellemcgrath1,RepMTG,2
ellemcgrath1,RpsAgainstTrump,1
ellemcgrath1,donwinslow,2
ellemcgrath1,lindyli,2
ellemcgrath1,mmpadellan,2
ellenbyronla,JoeMyGod,2
elmore_don,CHCEDC,2
elmore_don,carannmcc,1
elmore_don,news_gazette,1
elnanin2010,ethereum,1
elnhopkins,FTHESYSTEM8,2
elnhopkins,JudgeJeanine,1
elnhopkins,bigelow989,1
elnhopkins,davereaboi,2
elnhopkins,dbongino,1
elrobby12,TheLeoTerrell,2
elvisca68875241,JoJoFromJerz,2
elysehammettPR,CoxEnterprises,1
elysehammettPR,Cox_PR,1
elysehammettPR,NABJ,1
elysehammettPR,philanthropyATL,1
elysehammettPR,prsageorgia,1
embeegle,DanRather,1
embeegle,FBI,1
embeegle,HillaryClinton,1
embeegle,LoriDBlack1966,1
embeegle,ProjectLincoln,1
embeegle,business,1
emceebusybee,GloriousAllianc,2
emceereach,emceereach,2
emery13osmr,SpencerRattler,1
emiliainnyc,Acyn,1
emilyjacobs,NeillEppersonMD,2
emmabellexox,adater,2
emmaline1221,RepMattGaetz,1
emmaline1221,fromstacia,2
empowergracewi,Kentwainscott,1
empowergracewi,SpeakerVos,1
empowergracewi,mattsmith_news,2
enduraphin,MarioSaccoNC9,1
english_august,JohnRHuffman,1
english_august,SouthlakeIndep1,2
enjoielife,dhmeyer,1
enp777,AGHamilton29,2
enriquez_kc,TrivWorks,1
enriquezpatti1,EASTLA_NEWS,8
epiphanyinbmore,BMore_Healthy,1
eppersports,JonesForAR,1
eppersports,RickDHarrington,1
eppersports,SarahHuckabee,2
eppersports,eppersports,1
eranatyler,octoopusgarden,2
ericasjourney19,AP,1
ericasjourney19,sean_polish,2
ericawacker,BisiOnile_Ere,1
ericawacker,SPPS_News,1
ericawacker,SUTR_SPPS,1
ericboynton,JeffPassan,1
ericfranklinTV,AllieWWMT,2
ericjunior,Coutorce,2
ericjunior,axios,1
erickalet,caCHRB,1
erickalet,jeremybalan,1
ericopel,davidaxelrod,1
ericreports,ATSGinc,1
ericreports,AtlasAirWW,1
ericreports,FreightWaves,2
ericreports,apolloglobal,1
ericzstacey,VTodorovHEEL,2
ericzstacey,davemeltzerWON,1
erikableiberg,JessicaHuseman,2
erikableiberg,snietomunoz,2
eriketacost_tv,26shirts,1
eriketacost_tv,CountyExecBello,1
eriketacost_tv,DJG_Music,1
eriketacost_tv,LevinsReports,1
eriketacost_tv,News_8,5
eriketacost_tv,eriketacost_tv,1
erikhinderer,biddy15,2
erikka2ks08,blackinfonet,1
erisstarships,MikeSliferWX,2
ernunnos,TacticalStNick,1
erockCLE,TheCLE,1
eromansky,tombogert,1
esinger1999,Yankees,1
esporoe1,DashDobrofsky,2
esporoe1,DeanObeidallah,1
esporoe1,POTUS,1
esporoe1,craigunger,1
estefaniammitre,LaVerdadJz,1
estefaniammitre,diariodejuarez,1
estefaniammitre,elpasotimes,1
estefaniammitre,estefaniammitre,1
estefaniammitre,yociudadanojrz,1
estradardaniel,JohnCornyn,1
estradardaniel,MSNBC,1
estradardaniel,dallasnews,1
estradardaniel,startelegram,1
estradardaniel,tedcruz,1
esumiyos,YouTube,1
ethan__sargeant,Bengals,1
ethanjuice,ZnelsonSLS,2
ethiofmethiopia,YouTube,1
euanashley,BUSPH,1
euanashley,EpiEllie,1
euanashley,StatGenDan,2
euanashley,genemodeller,1
euanashley,jnovembre,1
evaelle,JasonGancedo,2
evamaile,EuromaidanPress,1
evamaile,KyivIndependent,3
evamaile,SamRamani2,1
evamaile,WarMonitor3,2
evamaile,joncoopertweets,1
evamaile,pravda_eng,1
evan_garber,masslivenews,1
evanponter,RealEvanPonter,1
evascalzo,GenesisGroupCA,1
evascalzo,angelakim_,2
evascalzo,jenazantian,2
evawut,FoxNews,2
evoterra,caseymckinnon,2
ewhitmore,AlejandroRoark,2
ewhitmore,FCC,1
eyeland2,Shujaat_Mirza,3
eyeland2,eyeland2,1
eyespy203,BeschlossDC,2
eyespy203,theskinnypop,1
eytan1212,IngrahamAngle,1
ezra_reis,LynnMor01381535,1
ezra_reis,rweingarten,1
ezriviere,DwayneMcguire3,2
f_fakhrusy,Persona_Central,1
f_junior3,IDF,1
f_junior3,RozRothstein,1
f_junior3,TPS_News_co_il,2
fabmar04,googlenews,1
fabricdragon,FinntheHammer,2
fade2blackvideo,FoxNews,1
fade2blackvideo,IngrahamAngle,1
fade2blackvideo,dwfrayer,2
fahrquah,bubbaprog,2
faisal07066841,nidal_news,6
fallingleaves,Anirudh1969,1
fallingleaves,BBCBreaking,1
fallingleaves,Macmonkey74,2
fallingleaves,NicholaMiller7,1
fallingleaves,cullenshaw53,1
falstin,KevinNewburn,2
falzarac,AdamSchefter,1
familyonbikes,AmoneyResists,1
familyonbikes,SecretaryPete,1
familyonbikes,atrupar,1
familyonbikes,tomiahonen,2
faridghalili,AMHotFlash,14
faridghalili,Alexarenee1,17
faridghalili,D_Ericson,12
faridghalili,DarwunStJames,14
faridghalili,DeniseDarrer,1
faridghalili,FritsV4,14
faridghalili,GulliAz,1
faridghalili,Hilltop__Leader,1
faridghalili,JaxHarley5,1
faridghalili,KLGLASS2,1
faridghalili,LSD122070,13
faridghalili,LePapillonBlu2,1
faridghalili,LennyChevere,13
faridghalili,Mary1Kathy,1
faridghalili,MaureennKelly,3
faridghalili,Msdesignerlady,1
faridghalili,NatashaDidonato,12
faridghalili,PappyParki,1
faridghalili,RENEEWEATHERS2,1
faridghalili,RexThomresist45,1
faridghalili,RhymesRadical,1
faridghalili,RitaMacMom,17
faridghalili,RosannaPhillip,21
faridghalili,Roseymelhill,1
faridghalili,SARA2001NOOR,1
faridghalili,Samiknowsbest1,13
faridghalili,SlickVicUno2,1
faridghalili,Texy_Liz,1
faridghalili,TimLee57,1
faridghalili,Vic_Resist,2
faridghalili,VintageKnits,15
faridghalili,WilliamFPeters2,1
faridghalili,Winners786,2
faridghalili,Wipapa5,1
faridghalili,bamableu,1
faridghalili,beachaholic823,10
faridghalili,claireluvsbearz,13
faridghalili,dizie61,13
faridghalili,drwineau,1
faridghalili,eve_gaige,1
faridghalili,joan_cpc,12
faridghalili,jodisblue2022,11
faridghalili,kayaeger1,1
faridghalili,news_houndnc,14
faridghalili,oregon_resister,1
faridghalili,richones1,1
faridghalili,small1ldy1,3
faridghalili,srh_medco,2
faridghalili,strom_annette,15
farm_tj,JillianNY,2
farm_tj,KelleyAshbyPaul,1
farm_tj,NBCDFW,1
farrarpjoy,bobcesca_go,2
farrarpjoy,newtgingrich,1
farttattoo,HazeRedux,2
faseidl,MarshaBlackburn,2
fateswarning86,stevehillwriter,2
fatnasty863,BankofAmerica,1
faxman75,MarkAdamBennett,1
faxman75,garretforreal,2
faxman75,laurenboebert,1
faxman75,minnesorta,1
fbce2cdl,DcEnquirer,1
fbce2cdl,seanhannity,1
featherbeds,kwalkc,2
featherbeds,miketurner,1
federicoalves,BBC,1
federicoalves,JulioRazona,1
federicoalves,gchahal,1
feets215,AlexNBCLA,1
feets215,LaurenmCoronado,1
feets215,NBCLA,1
feets215,RMGNews,1
feets215,RosaNBCLA,1
feild99,FoxNews,1
feild99,GOP,1
feild99,RVAwonk,1
feistyfemale21,BeschlossDC,1
felipedallalana,Buckhout_Bull,2
fernandotoro,DavidBegnaud,1
fernandotoro,rafernandezlaw,2
fgoldbuster,FoxNews,1
finedr1965,MargoRusconi,2
finesse_josh,lunnaversalview,2
finestofSC,JayBreezySC,1
finestofSC,WalkByFaith_24,2
finneyeric,ZackCooper,1
firefang78,AZ_Brittney,2
firefang78,AmoneyResists,2
firefang78,CaseRN12,1
firefang78,FBI,1
firefang78,FoxNews,1
firefang78,KatherineWeesn3,1
firefang78,LadyJayPersists,1
firefang78,LauraJedeed,2
firefang78,MarkMeuser,1
firefang78,MotherRiverZen,2
firefang78,POTUS,2
firefang78,ReallyAmerican1,2
firefang78,RogueCitizenOne,1
firefang78,SpeakerPelosi,1
firefang78,VP,2
firefang78,WizeAssBitch50,1
firefang78,caslernoel,1
firefang78,fcretired,1
firefang78,randywi24993042,2
firefang78,rmsylvia,1
firefang78,soUNTOUCHABLE2,1
firefang78,tribelaw,2
firefang78,twt2718,2
firefighteratmc,IntelPointAlert,1
firefighteratmc,deb_h7,2
fitz2022,newsmax,2
fkess23,dandrezner,2
fkfidd,BrendanBuck,2
flajeffreyt,Acyn,1
flajeffreyt,FoxNews,1
flajeffreyt,SafetyPinDaily,1
flanfriday,BookNerd73,2
flanfriday,SundaeDivine,1
flashphotog15,HOT97,2
flashphotog15,Lloydbanks,2
flashphotog15,Rap,2
flashphotog15,nojumper,2
fletcherdurant,maggieNYT,1
flightseven,FBI,1
floatinfran,SenWhitehouse,2
floridamandawg,oppenslime,2
flutehues,WTOC11,1
flyinpenguin,murphwv,2
flyinpenguin,weekley,1
forbidengekoluv,DarleneLewis100,2
forbidengekoluv,DonaldJTrumpJr,1
foretdepins,kdd_news,2
foretdepins,proftjn,1
foretdepins,ryanbeal95,1
forknbottle,shannonrwatts,2
fornewhope,WalshFreedom,2
forrestbmac,SakCrypto,2
forrestbmac,bvb093,1
forrestbmac,thebradfordfile,1
fotofluient,PB_News,1
fotofluient,jahlquistPHOTO,2
foundation_joe,AbsoluteLe,2
foundation_joe,Queen_City_News,1
foundlaurie,UROCKlive1,1
foundlaurie,atrupar,2
foundlaurie,laureldavilacpa,2
foureyedannie,briggityboppity,1
fox_sheldon,OnlyFans,1
fox_sheldon,fox_sheldon,2
fox_sheldon,wsvn,3
foxymoma,CartoonCanadian,2
foxymoma,PaulStanleyLive,1
franchrismaf,AaronParnas,2
franchrismaf,DineshDSouza,2
francvs,JoeBiden,1
francvs,TheJusticeDept,1
francvs,david_m_wagner,2
frandrewoconnor,fwd_mvt,1
frandrewoconnor,scottagunn,1
frankmedia,AnaCabrera,4
franknorton4,newsmax,2
frankregan,MartinMaola,1
frankregan,VP,1
frankregan,jenaglez,2
fransings4u,robreiner,2
fredfreemanjr,KAKEnews,1
fredseibert1,Manny_Funes,2
freedom2debate,freedom2debate,1
freedom2debate,ss,2
freewillagain,DeptofDefense,2
freewillagain,FoxNews,1
freewillagain,Steam,1
freewillagain,mountaineerinfo,1
freewillagain,yegfoodbank,1
french_monica,PleaseCallMeXYZ,1
french_monica,booty_truck,2
french_monica,joekent16jan19,1
fritzie4art,BeschlossDC,2
fritzie4art,SykesCharlie,2
fritzie4art,TheRickWilson,1
fritzklug,AlexJamesFitz,2
frosh_coach,adigeronimo_,1
frosh_coach,cleveland19news,2
fsholars,Sammy_Roth,1
ftandru,AAARPGodess,1
ftandru,AlexCarrMLB,1
ftandru,BBCBreaking,1
ftandru,LisaBreadenW,2
ftandru,Susan28674359,2
ftandru,_Dans801,2
ftandru,byalexcoffey,1
ftandru,jayrod814,2
ftandru,rtenews,1
ftlpaul8,Morning_Joe,1
fuck4scar,burrowmyman,2
fuelcut,JimmyRis,1
fuelcut,algekalipso,1
fuelcut,fuelcut,1
fukuburger,LasVegasLocally,1
fukuburger,RTCSNV,1
fukuburger,jrj1575,2
fuller_edward,DarleyRob22,2
funksoulbubby,funksoulbubby,1
g1totherescue,NI_News,2
g1totherescue,SmokedOutLuger,1
g8erlaw68,TheEconomist,1
gabe_pedregon,RXCafeTX,2
gabemott,SupriyaYelimeli,1
gabotamayo,CALL_ME_DR1ZZY,2
gadgetsmart,acedtect,1
gadgetsmart,dtnsshow,1
gailousl,News_Dr252,4
gaiuschibueze,gaiuschibueze,2
galinkazoo,ALakerfan78,1
galleg000s,AdamDodgers,1
galleg000s,Dodgers_DH,1
galleg000s,Jdub_Dodgers,1
galleg000s,thestainsports,2
galleg000s,xxXChuchXxx,1
gallop52,ABC7,1
gallop52,abc7george,2
gambino_emanuel,maizeblu37,2
gamblerlost53,OccupyDemocrats,1
gamblerlost53,TristanSnell,1
gamblerlost53,Victorshi2020,1
gamblerlost53,googlenews,1
gapgirl2000,perfect_girl_xo,2
gardenia073,DNC,1
gardenia073,JenaroAbraham,2
gargaric,atrupar,2
garicgymro,anon_opin,2
garth7garth,shellhun44166,2
garth7garth,soletiole2912,1
gary_CALguy,briantylercohen,1
garykingofscots,mhdksafa,2
garypatmoore,JeremyKniffin,1
garypatmoore,Phil_Lewis_,1
garys1012,BrianCoz,1
garys1012,Connor_J_Hughes,1
garys1012,ZackBlatt,1
garywest877,ChuckCallesto,1
garywest877,FZjo16,1
garywest877,Reign3Shine,1
garywest877,RyGuy607,2
gates71,AmericanGirl43,2
gates71,DineshDSouza,1
gates71,Popehat,1
gates71,christina_bobb,1
gates71,realLizUSA,1
gatica1813,NEWS_MAKER,2
gatica1813,Tesla,1
gatica1813,TeslaPittsburgh,2
gatica1813,rickygervais,1
gator1962,Phyllis94584953,2
gatormason,atrupar,2
gbdawkins,scrowder,1
gboyredneck88,CouchRacerShop,1
gboyredneck88,SpotterBrett,2
gboyredneck88,sheliagriffin,1
gbtiepolo1,Neoavatara,1
gbtiepolo1,redsteeze,2
gbtiepolo1,varadmehta,1
gdcollinsjr,FoxNews,1
gdimpress,IngrahamAngle,2
gdimpress,laurenboebert,2
gebemartinez,PeteWilliamsNBC,1
gebemartinez,sgurman,1
gedawei,Neil_Irwin,2
geddahon,DeanObeidallah,3
geddahon,IRaised2BadKids,3
geddahon,RonDeSantisFL,3
geddahon,blythebernhard,1
geddahon,firstHat,4
geddahon,magsrdoherty,2
geddahon,noanonymouse,2
geddahon,ruxcytbl,4
geekbroll,PirateKingYog,1
geekbroll,ctpbetting,2
geekbroll,rednikki,1
geis_shane,MrboomstickXL,1
geis_shane,VGC_News,2
gemj0009,Schnabbs,2
gemj0009,atrupar,1
genelowrey62,BeAccountable4u,2
genelowrey62,JoeConchaTV,2
genelowrey62,Maga4Justice,1
genelowrey62,gatewaypundit,1
geoclade,geoclade,1
geoffpilkington,EricTrump,1
geoffpilkington,Phil_Lewis_,1
geoffpilkington,ScottAdamsSays,2
geoffpilkington,TMZ,1
geoffpilkington,axios,1
geoffpilkington,kilmeade,1
geographile,CNBC,1
georgebroaddus,MarkHaydock5,2
georgebroaddus,TNflattop,2
georgehahn,richardmarx,1
georgjar,pidgeo,2
geospatialroyal,FDA,1
geralddavidsson,mattyglesias,2
geraldwolfe1,greatervision,1
geravitywave,brendonme,2
geravitywave,shawnmilrad,2
gerivas66,AndrewYang,2
gerstfam,HellBentVet,2
gerstfam,Woden,2
gescheidle,Josiensor,2
gescheidle,Phil_Lewis_,1
gescheidle,kilmeade,2
getsmartmax,Jim_Jordan,2
gfunderburgNC9,SouthernNews,1
gg92742806,natsechobbyist,2
ghinesNBA,Vanglorious13,1
ghinesNBA,dpburnette,2
ghinesNBA,nojumper,1
ghostlure,sithlet,2
ghostofarbys,enews,1
ghow,ellsmxy,2
ghow,mhdksafa,2
giantspecks,lauren_wilford,2
gigglemitz,thebias_news,2
gigs73,MapleLeafs,1
ginajellybeana7,DarkWebWarrior,1
ginajellybeana7,covie_93,2
ginajellybeana7,guye_guion,2
ginger_teach82,StarrsCards,2
gingerbradman,McDonalds,1
gingerbradman,TeaPainUSA,1
gingerbread7791,JoJoFromJerz,2
gingerbread7791,OccupyDemocrats,2
giogiorabbit,MissLeanaLee,1
giogiorabbit,Rellie80218381,2
giraffeguy1962,AppleTVPlus,1
giraffeguy1962,loverboysince98,1
giraffeguy1962,mikekellogg,2
gjb813,TampaSportsGirl,2
gjvankempen,BarbaraKJanik,2
glendaEmoore,melsavage12,1
glendaEmoore,paulapoundstone,2
glenn_kinley,ESUSports,1
glenn_kinley,KSNTSports,1
glenn_kinley,esuhornetsfb,1
glnlw,DianeKingHall,2
glnlw,TR401,1
gloriagaynor,PureFlix,1
gma6jeb,AnnaBel09390268,1
gma6jeb,joyce_ziebell,2
gmagnetmann,mommamia1217,2
gmcazares,LINK_Houston,1
goLaunchTech,heyKevinD,1
goLaunchTech,securitycompass,1
goaliefan1973,KTLAWeekendAM,1
goaliefan1973,heatherpaterson,2
goaskmac,Accenture,1
goaskmac,ArlanWasHere,2
goaskmac,BankofAmerica,1
goaskmac,Relomove,1
goaskmac,blklaunch,2
goatdrianna,lyingsins,1
gobuxgal,JoeBiden,1
gobuxgal,Pelotonia,1
gobuxgal,SenSherrodBrown,1
gobuxgal,senrobportman,1
gocashking,Edison_1999_,1
gocashking,ShotTakingTime,2
godsman1994,Bards9,2
godsman1994,FactsATruth,3
godsman1994,HNTurtledove,1
godsman1994,MishaVanMollusq,2
godsman1994,macadee,2
gogo_science,iamjohnoliver,1
golfgod21,B_Odom_InSpires,1
golfgod21,BradleyJFox1,2
golfgod21,ESPNHoopGurlz,1
golfgod21,GamecockWBB,1
golfgod21,LolaRamona8,2
golfgod21,Meterpreter03,2
golfgod21,MilaysiaF,1
golfgod21,NEWS_MAKER,3
golfgod21,SCWBB_News,1
golfgod21,TheStreetExec,1
golfgod21,WBBWorldWide,1
golfgod21,dawnstaley,1
golfgod21,edumacator7,2
golfgod21,golfgod21,1
golfgod21,jle411,4
golfgod21,kay1139,1
golfgod21,longshotmagoo,2
golfliferag,Buster_ESPN,2
golfliferag,alexandrameeks,1
gone2300,PurpleHazedays,1
gone2300,monicaonairtalk,1
gone2300,pvtjokerus,1
gonz5307,KPRC2,1
goodbadbaseball,thewrezindex,2
goon48,CBSSports,1
goon48,DStarmanHockey,2
gopads313,itsniobe,2
gordon_delima,ChuckCallesto,1
gordon_delima,kylegriffin1,1
gorginagershon,gorginagershon,1
gosawx69,AshleyRParker,1
gosawx69,DevlinBarrett,1
gosawx69,PerryStein,1
gosawx69,SpringSteps,2
gosawx69,jdawsey1,1
gosawx69,shaneharris,1
goslings,lavern_spicer,2
gouch98,amyklobuchar,2
govtflu,CBSEveningNews,3
gpe_1972,AlliRat7,2
gpfarrall,MTrilli,2
gracemarion928,IdaKnoe1,2
grajillas,Rebel55girl,2
grajillas,captainK42069,1
grammy2,MichaelHillCHQ,2
grammy2,SalmanRushdie,1
grammy2,chq,1
grammy2,rimaanabtawi,1
grantmead,DSMH2O,1
grantmead,KCCINews,1
gratitudegrl1,kilmeade,2
greenwave38,mpopovichREP,2
greg_doucette,CafeChatNoir,1
greg_doucette,GobeLasers,1
greg_doucette,OblivionVortex,1
greg_doucette,greg_doucette,3
greg_magnuson,UnniHundhammer,1
greggers1868,SamMcConkie,1
greggoreo,WNYC,1
gregmerfy,RStefansky,2
gregmerfy,amanduhill,2
gregmparks,the_markcast,2
gregmroscoe,googlenews,1
gregoryholman,AndrewSullender,1
gregoryholman,FMfredSTL,2
gregoryholman,JRehwaldSGF,2
gregoryholman,JoplinGlobe,1
gregoryholman,galenbacharier,1
gregoryholman,gregoryholman,1
gregoryholman,johnhacker,1
gregoryholman,ksmu,1
gregoryholman,lindyspfld,1
gregoryholman,sgfcitizen,1
gregoryholman,springfieldNL,1
gregorykorte,MarioDParker,1
gregsgroove,Rajprasong_News,26
gregsgroove,gregsgroove,2
gretchemaben,tmprowell,2
grhansen,FOX9,1
grmadjt4,AveryBa68752542,2
grmontano,ComaBlackMMx,1
grmontano,inkmaster,1
gryphon1019,ukrpravda_news,1
gsal5000,CNNEE,2
gsal5000,DavAguilar1985,2
gsal5000,LoboSol67716855,1
gsal5000,Victoria12_A,1
gsanchez_writes,ABC,1
gt350wab,Queen_City_News,1
gt350wab,TaraLanewx,2
gtconway3d,Timodc,1
gucciman5000,MalcolmNance,1
gucciman5000,MuellerSheWrote,2
gucciman5000,cnnbrk,2
gucciman5000,davenewworld_2,2
gucciman5000,gtconway3d,1
gudda47,noshigilani,2
gunclemicah,kilmeade,1
gunnwilliams,KansasReflector,2
gunnwilliams,sherman_news,1
gutizano,ABC7NY,2
guy1749,melissamonetxxx,1
gwardhome,JoeBiden,1
gwboles,DailyCaller,2
gwhipp,CBSEveningNews,1
gwhipp,CharlieDeMar,1
gwhipp,cbssimon,1
gypsyfootprints,BlackKnight10k,2
h126I50,AmericaInTheMi1,2
h126I50,FrakerMonica,2
h126I50,Lenny507MN,2
hackerschamp,hughhewitt,2
hacknet,FoxNews,1
hacknet,jkbjournalist,2
hacknet,xeni,1
hagman_brian,CProvacature,1
hagman_brian,CindyLaMar,1
hagman_brian,DineshDSouza,1
hagman_brian,JohnOrlinski,2
hagman_brian,P007Timothy,1
hagman_brian,RealMarkFinchem,1
hagman_brian,RonFilipkowski,1
hagman_brian,dye_jed,1
hagman_brian,ecerv2004,2
hagman_brian,hagman_brian,2
hagman_brian,samanthamarika1,1
hagman_brian,thecoffeeisonme,1
hagman_brian,tomasnjill,1
hainesforohio,ByDavidMurphy,1
hainesforohio,PhillyInquirer,2
hairhofla,googlenews,1
hairy_n,ClayTravis,1
hairy_n,HeyTammyBruce,1
hairy_n,foxnewsnight,1
hairy_n,foxnewspolitics,1
hairy_n,seanhannity,2
hairyromeo,ABC,1
hallcwilliam,Braves,2
hallcwilliam,GrissomVaughn,1
hallegill27,farosworld,1
hamblind20,roachizm13,1
hammerandnigel,RickFOP86,1
hammy725,JessicaTarlov,2
hammy725,TheFive,1
hamohman,BetoORourke,1
hamohman,JacobWindrix,1
hamohman,SunDispatch,2
hanchappelldick,BrownU_TFXC,2
hanifsahib,ImranKhanPTI,1
hannahkahn2,Arnold_Ventures,1
hansonmark777,adorientem,1
hansonmark777,mattyglesias,1
hansonmark777,mwgNYC,2
harknessa,ChiCookWORKS,1
harknessa,IllinoisCentral,1
harknessa,IllinoisDCEO,1
harknessa,US_EDA,1
harold_geerman,NoticentroWAPA,2
harrigan_pete,cate_long,1
harris_tamisia,NotAdamiami,2
harryholmes76,Leslieoo7,2
hartlips,RpsAgainstTrump,2
hartlips,dpakman,2
hashtagdizzle,State_Champs,1
hashtaglinz,kilmeade,1
hatchdw,HealthierGen,1
hatchdw,NRPA_news,1
hatchdw,pascaledsmall,1
hausen13,BravesWorldwide,1
hausen13,Braves_Rumors,1
hausen13,Strange80974530,2
hausen13,baldheaded1der,1
hawknado,Vogner1019,2
hayles,zompus,2
hayleyontology,hayleyontology,1
haylms,justdancegame,1
hdwayne,JesseBWatters,1
headshrunk,EricKleefeld,1
heather_schmit1,FWISDT_L,1
heather_schmit1,MarceySorensen,1
heather_schmit1,yinkamooreojo,1
heatherfink,davenewworld_2,1
heatherleigh73,DrewOnTheRadio,2
heatherleigh73,TheJohnSenning,1
heatherwritesss,BNONews,2
heatherwritesss,CountyVentura,2
heatherwritesss,DevinNunesGram,2
heatherwritesss,MelpomeneMel,1
heatherwritesss,ODAction_News,3
heatherwritesss,heatherwritesss,1
heatherwritesss,perpetualmystik,2
heatherwritesss,pettyranch,2
heatherwritesss,vcpublichealth,1
heathwcarter,JLWeisenfeld,1
hectormm2024,FoxNews,1
hectormm2024,SV_Athletics,1
hectormm2024,TheValley_FB,1
hedaredme,Megan_Carter_,1
heidi_seidr,DoubleBogey1985,2
heidi_seidr,Greglovesgold,1
heidi_seidr,zerohedge,1
heidi_sorenson_,AnneWheaton,2
heitzman_tom,AViperDen,2
heitzman_tom,GOPLeader,2
heitzman_tom,JoJoFromJerz,1
heitzman_tom,NikkiHaley,2
heitzman_tom,RepMTG,1
henry_petzold,DOJPH,1
henry_petzold,FBI,1
henry_petzold,business,1
herbertwgriffin,herbertwgriffin,1
herbertwgriffin,ram957,1
herbragsdale,ThatOmahaChick,2
herbragsdale,kelseymb7590,2
herdezjoe,kilmeade,2
herlihy_f,robertcattell1,2
hernan_ferrea,duty2warn,1
hernan_ferrea,huk_wa,2
hernan_ferrea,promking2013,1
herostoryrory,HuffPost,3
hexel_co,dartmedia,1
hexel_co,matthavener,2
hey_yall_mary,MaryKayCabot,1
heykarlin,CNN,1
heykarlin,heykarlin,1
heylizjones,DocumentaryNow,1
hiccupasterisk,CentroLeaks,1
hiccupasterisk,ShingStar5022,1
hiccupasterisk,Zinna_Nagashi,2
higg_alan,AndreaR9Md,2
higg_alan,kaitlancollins,2
higginsgggg,FrancisJeffrey7,2
hiimflip,itstomathan,2
hillcienda,johncalvinabney,1
hiltonwiener,20204Democracy,1
hiltonwiener,MarkLeeInSF,1
hiltonwiener,UROCKlive1,1
hiltonwiener,daveshaheen,1
hiltonwiener,juddob1,2
hinklej,GraceReaderTV,2
hinklej,KXAN_News,2
hinklej,hueyjayd,1
hishateourfate,kilmeade,2
hitthalightz,the208KTVB,1
hlrule,Burnzie88,1
hlrule,mnwild,1
hlrule,rstanzel,2
hmeducate,PortsVASchools,1
hmeducate,draswynn,1
hmeducate,ebracyPPS,1
hmeducate,wl2tch,1
hobbesmommytwo,Dr_JeanCooper,1
hollyisawake,AriFleischer,1
hollyisawake,Jeanne_Mann,2
holmesrip2,YouTube,1
homejames4,thespicygnome,2
homophonous,RachelSchine,2
hondo750,ABC,4
honeymuffy1059,BillOReilly,2
honeynoir,OlbrichGardens,1
honeynoir,PeriodicalsBand,1
honeynoir,WISCTV_News3,1
hoodyx,technology,1
hooverstreet,BrianMFloyd,2
hope_mcguan,LakeMichigan13,1
horrorfemme,EzraAeryn,2
horsetrl,RoArquette,2
horsetrl,jadedcreative,1
hosehead33,KnoxvilleNats,1
hosehead33,TShafferracing,1
hosehead33,WilliamsGrove,1
hosehead33,WorldofOutlaws,1
hosehead33,knoxvilleraces,1
hottandscolman,willsommer,1
houdart,OutRightIntl,2
houdatlisa,AllenK_81,2
houdini77,DashDobrofsky,1
houdini77,LemonSlayerUS,2
houdini77,RonFilipkowski,1
houdini77,ShaneASwank,2
houdini77,TCara65,1
houdini77,emptywheel,1
houdini77,kerrymacp1,2
houstonairw,houstonairw,1
howards40170869,Acyn,1
howards40170869,FPWellman,2
howards40170869,TheRickWilson,2
howards40170869,VanityFair,2
howards40170869,ZaleskiLuke,2
howednan2,EricKleefeld,2
howserob,AntoniaEliason,1
howserob,EdwardGLuce,1
howserob,JeremyJWaldron,1
howserob,TaylorAstra,1
howserob,UChicagoPress,1
howserob,dsallentess,2
howserob,katforrester,1
howserob,narosenblum,3
howserob,rodrikdani,1
hugorojo,alliesandza,1
hulinst,fox,1
hulinst,kilmeade,2
humnrghtshoney,POTUS,1
humnrghtshoney,camiloreports,1
hunterbarnes,ananavarro,1
hunterbarnes,kilmeade,2
hurstspencer,mhdksafa,2
hzleyedwarrior,RealOmarNavarro,2
hzleyedwarrior,TimRunsHisMouth,2
iAMGHuff,LSpenserSmith,1
iAMGHuff,thehappyhourwHB,1
iBrews,iBrews,1
i_am_scifi,ComicGeekSpeak,1
i_ken_XY,GlowingUpfire,2
i_want_monfongo,Jim_Jordan,2
iamGeneSolis,NME,2
iamPeteiam,ACLUIndiana,2
iamPeteiam,DashDobrofsky,2
iamPeteiam,DavidPepper,1
iamPeteiam,GunReformRyan,1
iamUncleAC,EASPORTSCollege,1
iamdustinfaber,ProFootballTalk,1
iamdustinfaber,SBJ,1
iamdustinfaber,TobytheBeagle1,2
iamfujimura,yamamoto_layla,1
iamkar33m,DaishinDev,2
iamkar33m,SadoCrypto,1
iamkar33m,SharityToken,1
iamkar33m,SharitysGift,1
iammrmeehan,wfaa,1
iamneilbarrett,accnetwork,1
iampaulgrenier,Greensauce18,2
iampaulgrenier,Just_LA_Abe,2
iampaulgrenier,marcmaron,1
iamrocknation,AdamSchefter,1
iamscottenglish,WaysMeansCmte,1
iamshendy_,mscompsci22,2
iamzflo,AndrewHiesinger,1
iamzflo,Capital_Hungry,2
iamzflo,iamzflo,1
ian_and_corgi,RonDeSantisFL,1
ianrbuck,walkabilityfan,2
ibntek,ibntek,1
ibstern7,SoundTransit,1
ibstern7,ibstern7,1
ibtdriver,AaronParnas,1
ibtdriver,Gussied71,2
ibtdriver,Korey81852861,2
ibtdriver,newsmax,1
ideaconnect2,BBCNews,1
ideaconnect2,anchor,1
ideaconnect2,idexo_io,1
idobebarking,JaviO_18,1
idobebarking,hi1ar10us,1
iekika,AnnaPolkharkiv,2
iekika,MatGJohnson,1
iekika,OrthoIndy,1
iekika,PippaMann,2
iguerin,MyHorryNews,1
igweigwe71,DemolaRewaju,2
iirites,iirites,1
ikehaji,JeremySWallace,1
ikehaji,gosanangelo,1
ilbeseeinu,MikeFOX29,2
ileneax,JudgeJeanine,2
ileneax,joncoopertweets,1
ileneax,kilmeade,1
illhaveahotdog,Brant_Moore,1
illhaveahotdog,YouTube,1
illiotti,SC_MEDIA_WORLD,1
imRyanElizabeth,lindaholmes,1
imTulip,FLOTUS,1
imTulip,kacee00dl,1
imTulip,ksummers7,2
imTulip,vtbirkenstock,1
image3studio,greggutfeld,2
imagewords,8NewsNow,1
imaproudliberal,RepRiggleman,2
imaproudliberal,atrupar,2
imaproudliberal,kilmeade,1
imaproudliberal,ps9714,1
imbackPresElect,GroverNorquist,1
imbackPresElect,SleepingPhnx28,2
imcshe,THR,1
imosoreal,WashInformer,1
imrahulmenon,faststocknewss,1
imrahulmenon,imrahulmenon,1
inababi,drgurner,2
inababi,inababi,1
inababi,miixxy,1
inc_reporters,brhodes,2
indelibleand1,RexChapman,1
indepsquare,CourthouseIndp,1
infamouskid,B_Shousejr,1
insonifier,Acyn,2
insuRestaurants,kfippin,1
interface7,emet_news_press,6
interfaithusa,AP,1
interfaithusa,chq,1
invisiblemass01,InvestmentTalk3,1
invisiblemass01,LockjawVerity,2
invisiblemass01,RepElaineLuria,1
invisiblemass01,RepLizCheney,2
invisiblemass01,disclosetv,2
iowarowing,iowarowing,1
ipmuniversal,80sThen80sNow,2
irfan1usa,AdeelAliKhan313,2
irfan1usa,MaryamNSharif,1
irfan1usa,yawarkhokhar1,1
irivlass,BBCBreaking,1
irivlass,BBC_ua,1
irivlass,RepSpartz,1
irivlass,SpecRepUkraine,1
irivlass,UKRintheUSA,1
irivlass,USAmbKyiv,1
irivlass,apmassaro3,1
irivlass,chicagotribune,1
irivlass,guardian,1
irvbaker33,RonFilipkowski,2
irvbaker33,jackhammer3853,1
irvbaker33,lachevron,1
isaacdunk,joromiahhh,1
isalartista,BajaBeachFest,1
ischneiderlab,glaudelrio,1
ishapiro,AriFleischer,1
islacerrera,TheDailyShow,1
islandskris,lemonylyman,2
isomeme,GaryLegum,2
itsMikeTown,VicariousPR,1
its_ash,LAMaiden24,2
its_ash,its_ash,1
itsamemikey,bkabak,2
itsavengerstime,JustinDigsData,2
itsavengerstime,iamthesprite,1
itskevinblais,FilmUpdates,1
itsme_shellyb,AnneHeche,1
itsme_shellyb,Goodable,1
itsmebiggs,MissShellz35,2
itsmigz559,MikelJoshua,2
itsmigz559,lxavrh,1
iu70us,jakepalmieri,1
iu70us,thebias_news,2
ivan_bezdomny,Jason,1
ivanmelendez61,GOPLeader,2
iveyjanette_207,blackenterprise,1
iveyjanette_207,ebcinpa,2
iveyjanette_207,jolinegkg,1
iveyjanette_207,lugnuts6,2
iwasdivine,ClaudetteGGibs1,1
iwasdivine,MikePetrosky5,2
iwasdivine,evanasmith,1
iwasdivine,i_retrievers,1
iwentrare231,YouTube,1
jIabruins,CullenM920,2
jJandbytheGram,therecount,1
j_cohl,RealJackCassidy,2
j_cohl,TonyKhan,1
j_cohl,jilevin,2
j_isaiahyoung,CharlieChurchi1,2
j_isaiahyoung,hbomax,1
j_nikolski,SenatorLankford,1
j_twood,Cristina2News,1
j_twood,JeremyHarrisTV,1
j_twood,KUTV2News,1
j_twood,KUTVMary,1
j_twood,tvheidihatch,1
j_w4lk1ng,m_dan25,1
j_yohn3,espn,1
jaadu16,nytimes,1
jacjules,CherylCWS1,1
jacjules,DebsSincere,2
jacjules,SharylAttkisson,1
jack_h_day,AdamSchefter,1
jackcoker9,climate,1
jackellerdesign,DashDobrofsky,1
jackflash630,YouTube,2
jackieforil47,hankgreen,2
jackiemacmilla1,CoachRDunton,2
jackiemacmilla1,ShannonBream,1
jackiemeyercpa,Aprilshowerstax,1
jackiemeyercpa,shannonkcpa,2
jackstoneagain,RexChapman,2
jacktaugher,LolaRamona8,2
jacktaugher,NEWS_MAKER,1
jacob_tady,OGMedic666,2
jacobimadness,GeoffNews,2
jacobo43582189,ICTPressPool,1
jacobsdesk97,ABC11_WTVD,1
jacobsdesk97,ABC7,1
jacobsdesk97,FOX5Atlanta,1
jacobsdesk97,GoodDayAtlanta,1
jacobsdesk97,KDOCTV56,1
jacobsdesk97,KXAN_News,1
jacobsdesk97,NBCLA,1
jacobsdesk97,SpectrumNews1TX,1
jacobsdesk97,WRAL,1
jacobsdesk97,abcactionnews,1
jacobsdesk97,accesshollywood,1
jacobsdesk97,cbs46,1
jacobsdesk97,myTV38,1
jacobsdesk97,peachtreetv,1
jacobsdesk97,thecw22,1
jacobsdesk97,wbz,1
jadlowski_terry,lavern_spicer,2
jaimieeb,Arby_Bergstyelz,1
jaimieeb,madeleina_beep,2
jakelagrone,JoeNichols,1
jakelagrone,foxandfriends,1
jaketlarsen,AdamSchefter,1
jalfonsoaz,BarbaraSCohen00,2
jalfonsoaz,FBI,1
jalfonsoaz,NormEisen,3
jalfonsoaz,UpinCT,2
jalfonsoaz,nytimes,3
jalfonsoaz,themarketswork,1
jalmendarez57,tstewart2,1
james_mclamb,A_Harrisimo,1
james_mclamb,ClayTravis,1
james_mclamb,ColleenHerold,2
james_mclamb,KeithDB80,1
james_mclamb,TheEconomist,1
james_mclamb,alyse1209,1
james_mclamb,catotheyounger1,2
jamesgleventhal,washingtonpost,1
jamesjets_often,SenateDems,1
jamesjets_often,SenatorSinema,1
jamesjets_often,kyrstensinema,1
jamesjets_often,mkraju,1
jamesoconnor,DainVictory,2
jamesoconnor,riotgames,1
jameswa97915546,AdorablePups5,1
jameswa97915546,BlissTabitha,1
jameswa97915546,KeecoWang,1
jameswa97915546,Larryputt,1
jameswa97915546,Lauria1960,1
jameswa97915546,Lynda63986855,2
jameswa97915546,NickAdamsinUSA,2
jameswa97915546,The_Real_Feisty,1
jameswa97915546,TonyVenutiShow,1
jameswa97915546,YouTube,1
jameswa97915546,haveaconcern,1
jameswa97915546,laurenboebert,1
jameswa97915546,ledrew,1
jameswa97915546,marroelmonero,1
jameswa97915546,ramsey_lewis007,1
jameswelham,BBCSounds,1
jameswelham,bbc5live,2
jameswelham,flintoff11,1
jameszad,JustinTrudeau,1
jameszad,NPR,1
jameszad,POTUS,1
jameszad,washingtonpost,1
jamie_hammonds5,ellsmxy,1
jamieob256,ABC,1
jamieob256,FBIMiamiFL,1
jamieob256,FBIWFO,1
jamieob256,GOPLeader,1
jamieob256,HouseGOP,1
jamieob256,LeaderMcConnell,1
jamieob256,SDFLnews,1
jamieob256,SenateGOP,1
jamieob256,TheJusticeDept,1
jamieob256,jkbjournalist,1
jamifloyd,jamifloyd,1
jammyjam25,azalben,1
jane06857168,ABC,1
janegilbert,JonLemire,1
janellej2727,BarbMcQuade,1
janellej2727,DeadlineWH,1
janellej2727,MSNBC,1
janellej2727,NicolleDWallace,1
janetkay2012,Acyn,1
janetkay2012,BrianRupp16,2
janeymarywendy,ScottAdamsSays,2
janice66_janice,i_am_cunningham,2
janis_wilds,KKarlosky,2
janis_wilds,hardlynormal,1
janlyn991,01cathy07,1
janlyn991,JoJoFromJerz,1
janlyn991,JoeSandwich5,1
janlyn991,TimOBrien,1
janlyn991,emptywheel,1
janlyn991,mehdirhasan,1
janmshal,BaddCompani,2
janmshal,RpsAgainstTrump,2
janne_clark,Shawn_Farash,2
jardiniac,AudacityofGoats,2
jardiniac,chortletown,1
jaredcornutt,jaredcornutt,1
jartese,JacksonR08,1
jartese,Okcsnow,2
jartese,TheLeoTerrell,1
jartese,TheLoneR_VolFan,2
jartese,bennyjohnson,2
jartese,benshapiro,1
jasdcs,ThatmattersNews,1
jasdcs,djsl1966,2
jasdcs,todays_picks,1
jase1129,BaseballReba,1
jase1129,baldheaded1der,1
jase1129,bravecarrie,2
jase1129,caseinpoint_7,1
jase1129,leeeahhhhh,2
jasmineviel,CBSLA,1
jason030181,BubbaWallace,1
jasonarti,edwards21228,1
jasonarti,jasonarti,1
jasonarti,teddyluttenburg,1
jasonbloch305,TheMiamiTimes,1
jasonbmiguel,DiscussingFilm,1
jasonbmiguel,SenatorLeahy,1
jasoncopeland73,jasoncopeland73,1
jasondidner,acnewsitics,2
jasondmitchell,TMZ,1
jasongaulden,LukeRagland,2
jasonjohnson32,FrangiRick,2
jasonstaples,BaynesLeslie,2
jasvetz,dog_rates,1
javierabegazo,JeffAHamilton,2
javimorgado,MikeCaprio,1
javimorgado,olivianj,1
javimorgado,randyslovacek,1
jawafawa,CommandrInCheat,1
jawafawa,LogicIsAlive,2
jawafawa,MasonGunn01,1
jawafawa,berg2025,1
jawafawa,joncoopertweets,1
jax1079,Blackmagic_News,1
jayRecher,OfficialCCBL,1
jay_ammon,UCRiverside,1
jay_ammon,jay_ammon,1
jay_ammon,metrolosangeles,1
jay_schiavone,PaulLukasiak,1
jay_schiavone,jayrosen_nyu,1
jay_schiavone,rGiskard_R,2
jaycatvt,btvjim,2
jaycoffeyradio,FoxNews,1
jaycoffeyradio,ShannonBream,3
jaycoffeyradio,brithume,2
jaycoffeyradio,jimmyfailla,2
jaygardner78,News_8,1
jayhastings79,jamiekagol,1
jayhenry79,WeWatchedAMovie,1
jayk0719,DrAudreyGlover,1
jayk0719,MartikaBrownie,1
jayk0719,RepSwalwell,1
jayk0719,Tammy69866469,2
jayk0719,blomax476,1
jayleeson,Poynter,1
jayleeson,allencorbin,2
jayleeson,jayleeson,1
jayolstadtv,jkbjournalist,1
jayoung1892,CTDems,1
jayoung1892,CTGOP,1
jayoung1892,RepTKlarides,1
jayoung1892,cthouserules,1
jaywwalker1,BobbyB_RI,1
jaywwalker1,FoxNews,1
jaywwalker1,GOP,2
jaywwalker1,JoeConchaTV,1
jaywwalker1,RonDeSantisFL,1
jaywwalker1,SingOutLouiseNY,1
jaywwalker1,TheHillOpinion,1
jaywwalker1,davidhogg111,2
jaywwalker1,postcards4USA,1
jaywwalker1,tedcruz,2
jaywwalker1,thehill,2
jayy7431,leflower,2
jazzmastersmoo1,GOPChairwoman,2
jbhenchman,bikeshare,1
jbhosmer,caslernoel,1
jbhosmer,lilipeterson35,2
jbicha,MattGertz,1
jbielecki69,CleGuardians,1
jbillz27,IsaacRomig1,1
jbirdpollan,allisonsoult,2
jbirdpollan,jgieseking,2
jbirdpollan,universityofky,1
jbob55193,mmpadellan,2
jbolling13,MavericTV,2
jburkespraker,donie,1
jburkespraker,isabellacueto,1
jc50000000,inputmag,2
jc_liberal,DSenFloor,1
jc_shelton_,UGAfootballLive,1
jcampanelliNYC,ABC,1
jcarlsonma,stjets,2
jcatanoso,vermontgmg,2
jchenelly,News_8,1
jchenelly,WinnCompanies,1
jchenelly,ccjgarzone,1
jchenelly,ljohn44,2
jchulo14,DaHypedChris97,1
jcjacksparrow,GOPSenate_AR,1
jcjacksparrow,HouseGOP,1
jcjacksparrow,LEBassett,1
jcjacksparrow,Out5p0ken,1
jcjacksparrow,TuckerCarlson,1
jcjacksparrow,foxnewstalk,2
jcjacksparrow,seanhannity,1
jclarke713,CasualtyWar,1
jclarke713,danushman,2
jclholn1,JonLemire,1
jclholn1,samstein,3
jcoopern,eddieclarke2,2
jcraig3k,Treksphere,2
jcsrobinson,andrewcuomo,1
jcstorbeck,FoxNews,2
jcstorbeck,washingtonpost,2
jcuevas2333,abc15,2
jd1quinton,MulnIsRetail,2
jdavisnut,JenBrezinski,1
jdavisnut,MWFA_News,3
jdavisnut,RobertRBaer,1
jdavisnut,TravelingSlsman,1
jdavisnut,herbst_tabitha,1
jdavisnut,jillymarielewis,1
jdavisnut,mdelawder72,1
jdavisnut,testedtriedtrue,1
jdbull69,GM,1
jdbull69,WAVY_News,1
jdbull69,WTKR3,1
jdbull69,chevrolet,1
jdbull69,chevylocal,1
jddelaney,AJentleson,2
jdgrover,elizaskinner,1
jdgrover,jdgrover,1
jdhutch64,nancygibbs,1
jdlovitz,THETonyMorrison,2
jdm8265,FBI,1
jdm8265,FrankHadzalic,1
jdm8265,Linguini_Lord,1
jdm8265,Lonnie_Walker,1
jdm8265,Raytown_12,1
jdm8265,RonFilipkowski,1
jdm8265,Ronniejf,1
jdm8265,RonnyJacksonTX,1
jdm8265,have_odd,2
jdm8265,hrafnkat,1
jdm8265,meeee03120,2
jdm8265,peb310,2
jdny2,Acyn,1
jdsailors,NBCDFW,1
jeannine_mclain,JedCastles,1
jeannine_mclain,NEWS9,1
jeanstwitt,LivingMagazineW,2
jedmo7,rainbasin,2
jeff7871,MayoIsSpicyy,1
jeff7871,TruthHealthFree,2
jeff7871,tedcruz,1
jeff7871,thebeachlife6,2
jeff_e_nance,jenfelvus,1
jeff_e_nance,mnusports,1
jeffblankenburg,ShawnWildermuth,2
jeffdemlin,jeffdemlin,1
jeffdemlin,uncleFLEXINGTON,1
jeffdotseth,DavePalet,2
jeffdotseth,lonestarfriar,1
jeffdotseth,midgetbubz,2
jeffery1970,BGPolitics,1
jeffery1970,TessaDuvall,2
jeffleroydavis,showgirlcf,2
jeffm1981,santa_care,2
jeffmackdaddy,60Minutes,1
jeffmackdaddy,CNN,2
jeffmackdaddy,MichaelLaRosa46,1
jeffmackdaddy,MichaelLaRosaDC,1
jeffmackdaddy,ReliableSources,2
jeffmackdaddy,brianstelter,2
jeffnoelspeaks,CityNMB,1
jeffnoelspeaks,TheLatestBlock,1
jeffnoelspeaks,alexandre_lores,1
jeffreyabrick,GoldrushFestAZ,1
jeffreyabrick,JWorra,1
jeffreyabrick,PublicWorksSF,1
jeffreyabrick,RecordingAcad,2
jeffreyabrick,RelentlessBeats,1
jeffreyabrick,SFGreatNorthern,1
jeffreyabrick,YouTube,2
jeffreyabrick,annalunoe,1
jeffreyabrick,djannamiranda,1
jeffreyabrick,hemorageSF,1
jeffreyabrick,lewiskunstler,1
jeffreyabrick,purpleshield1,1
jeffreyabrick,sfoutsidelands,3
jefposk,sfexaminer,1
jefrainstl,GregAbbott_TX,1
jefrainstl,ResisterBritt,2
jefrainstl,SenJohnThune,2
jefrainstl,SenateGOP,1
jefrainstl,grampage_on,1
jefrainstl,saribethrose,2
jehuty88,D3_PUBLISHER,1
jehuty88,Marooners_Rock,2
jehuty88,OFKband,1
jehuty88,popagendaco,1
jen_lerner,CNN,1
jen_lerner,kylegriffin1,1
jenbegakis,jenbegakis,3
jencash75,aTyrNews,1
jendudley,CptHollingworth,2
jenearnhart,kylenabecker,1
jenhouse,SABehar,3
jenhouse,jenhouse,1
jenialbahrani,theecongames,1
jenlynnharris,ccplonline,1
jenna_agni,FINALLEVEL,1
jenna_agni,IAmYourNextGen,2
jenna_agni,censured0N3,1
jenna_agni,eagle4congress,1
jennatonelli,GothamFC,1
jennfrey,nytopinion,1
jennhorne5360,KariLake,1
jenniferlcroft,washingtonpost,1
jennyhKOIN,RollingStone,1
jennyshalev,mattschaar,2
jennyshalev,paulg,1
jennystitzel,TVietor08,1
jennzahling,AP,1
jenwinters971,cfbleave,1
jeonghanruby,soonhrt,1
jercan2,juliaioffe,1
jerel_demonte,googlenews,2
jeremiahmorrell,IUPUI,1
jeremiahmorrell,thejeffvibbert,1
jeremykohler,AKarSTL,2
jeremykohler,deldeib,1
jeremywsyx6,ABC,1
jeremywsyx6,FBI,1
jeremywsyx6,OSHP,1
jeremywsyx6,mbruning81,2
jerrie_maag,joncoopertweets,1
jerry41413871,MrPatMineo,1
jerry41413871,ResisterSis20,1
jerry41413871,duty2warn,1
jerry41413871,gtconway3d,1
jessecwoodward,BoStjerne,1
jesseleefulton,JuliaEAinsley,1
jessepstein,AvivaKlompas,1
jessepstein,jessepstein,1
jessepstein,jmhorp,1
jessicafrech,NBCNews,1
jesustattoos,BasileKMJ,2
jesustattoos,BroeskeMusson,1
jesustattoos,DriveKMJ,1
jesustattoos,GermanAutoFres,1
jesustattoos,KMJNOW,2
jesustattoos,basilepolitics,1
jesustattoos,lisalovebasile,2
jets_rebellion,uSTADIUM,1
jfitzpatrick62,CNN,1
jfitzpatrick62,CSciarretta,1
jfitzpatrick62,CrimeBossTrump,1
jfitzpatrick62,DrDinD,1
jfitzpatrick62,FoxNews,2
jfitzpatrick62,GOPChairwoman,2
jfitzpatrick62,HerschelWalker,1
jfitzpatrick62,KumarAGarg,1
jfitzpatrick62,MJoyce2244,1
jfitzpatrick62,PKoop,1
jfitzpatrick62,POTUS,1
jfitzpatrick62,POTUS44,1
jfitzpatrick62,Pauljaines,2
jfitzpatrick62,RighteousBabe4,1
jfitzpatrick62,Stephaniefishm4,1
jfitzpatrick62,StormSignalSA,1
jfitzpatrick62,TheRynheart,1
jfitzpatrick62,TrickFreee,1
jfitzpatrick62,ananavarro,1
jfitzpatrick62,cnni,1
jfitzpatrick62,foxycuda,1
jfitzpatrick62,guypbenson,2
jfitzpatrick62,realDonaldTrump,1
jfitzpatrick62,splinter_news,1
jfitzpatrick62,tonyannett,4
jfitzpatrick62,tracygreen,1
jfitzpatrick62,vintageviolasse,1
jfksteelie,DucksUnlimited,1
jfox873,BigJoeBastardi,1
jfreeman2731,Pi_News_punks11,2
jfyjuico,AyawSaFake,2
jfyjuico,RalfRivas,3
jfyjuico,RocafortElmer52,2
jfyjuico,_dBasterd,1
jfyjuico,gmanews,1
jfyjuico,rapplerdotcom,5
jg24blr,MeidasTouch,2
jgownder,nowthisnews,1
jhalkias,CleGuardians,1
jhallito,4Wade2021,1
jhallito,BoardGeniuses,2
jhallito,BrianCoz,2
jhallito,ChrisMWilliams,1
jhallito,ChrisVannini,1
jhallito,MarketWatch,1
jhallito,Ry_Hills,1
jhallito,TimBrando,1
jhallito,UtahPigBus,1
jhallito,cgn_recruiting,1
jhallito,geoffjBYU,2
jhallito,jhallito,1
jhallito,pac12,1
jhallito,zakhicken,1
jhamby,BrianEntin,1
jhamby,YouTube,1
jhamby,danny_ashley,1
jhamby,jhamby,5
jhamby,seanhannity,1
jhoyt,2kaRask,2
jhumphries88,galleg000s,2
jhumphries88,twisted_mystic,2
jhusband42,WestJournalism,1
jicox,NicolleDWallace,1
jicox,maddow,1
jidekol,BlackPrideAtl,1
jidgeMist,seanhannity,2
jimbak12,ProudElephantUS,2
jimbobfrank1948,RepMaryMiller,2
jimcostellook,ABC,1
jimcostellook,DavidMuir,1
jimdunn,TrueFactsStated,2
jimdunn,maddow,1
jimmyrunsmoney,ousterlidar,1
jimmywa30418243,10News,1
jimmywa30418243,CBS8,1
jimmywa30418243,EricNews8,1
jimmywa30418243,NedaNews8,2
jimmywa30418243,fox5sandiego,1
jimsting10,jimsting10,1
jj4dancing,GAnewyorker,2
jj4dancing,LeaderMcConnell,1
jj4dancing,MeemsLaura,1
jj4dancing,TravisAllen02,1
jjjjhskr,maddow,1
jjjjhskr,tennisbrad08,2
jjmather,Reuters,2
jkastritis,GOP,2
jkfecke,reesetheone1,2
jlevinscherz,jlevinscherz,1
jlhicks43,DanRather,1
jlhicks43,DeplorableDojo,1
jlhicks43,soccermamax2,2
jlizak,Reuters,1
jlly9,PixieDustVibes,2
jlombar09449162,mirandadevine,2
jmackenzie42,brianstelter,3
jmax7,BruceBartlett,2
jmess_24,blwaller1966,2
jmess_24,espn,1
jmichaelegray,Angelica1117,2
jmikeluster,MarshaBlackburn,2
jmonreal1969,BeesUnited,1
jmonreal1969,BrentfordFC,1
jmonreal1969,FabrizioRomano,1
jmooremeister,SweetCheeks9296,1
jmooremeister,nelroy78,2
joannaraeb,BeccaBalintVT,1
joannaraeb,vtdigger,1
jodeeisamazing,sarahdavisagain,2
joditclark,Brandon_Moore1,2
jody_folk,MarshaBlackburn,1
joe32538,AWeissmann_,2
joe90740,DEMONDICEKaren,1
joedlc71,BBCBreaking,2
joegoodhuela,WSJ,1
joehagansays,__cam_c,2
joehagansays,joehagansays,1
joelshapiro20,PatsFans,3
joelshapiro20,SteveB7SFG,2
joelthemingway,KariLake,1
joemag_games,APFactCheck,1
joepound,CharlieCrist,2
joepound,LostInGOPLand,1
joerickley,AdamSchefter,1
joethemonster22,WGames_News,2
joethemonster22,WWEgames,1
joewaltman,coinbase,1
joewaltman,emiliemc,1
joewaltman,maxbranzburg,2
joeysalvia,lou_cappetta,2
joeysl0gan0,daltongood18,2
joeyzazaza,KelceyAyer,1
joeyzazaza,NikChewing,1
joeyzazaza,agjohl,2
joeyzazaza,localnatives,1
jofh5,DashDobrofsky,2
jofh5,LisaMonaco,1
jofh5,TheJusticeDept,1
john_b_ill,blevimyers,1
johnbond7776,Bellamari8mazz,1
johnbond7776,next_world_news,2
johncarldemay,caafoundation,1
johncraven1,Bill_Flood,2
johncraven1,FOX61News,1
johncraven1,LeoraLevyCT,1
johncraven1,NBCNews,2
johncraven1,News12CT,1
johncraven1,newsbell,1
johndowns101,ScarletChronic,2
johnewing66,AP,1
johnewing66,APChristie,2
johnewing66,RonFilipkowski,2
johnfmoralesf,ByRobinEpley,3
johnfmoralesf,SacBeeEditBoard,2
johnfmoralesf,SacCountyCA,2
johnfmoralesf,johnfmoralesf,1
johnfmoralesf,sacbee_news,4
johnhpoindexter,BeschlossDC,2
johnhpoindexter,joncoopertweets,2
johnhschaefer,PetitePhD,1
johnhschaefer,WhatAmIDoing0o0,2
johnk0914,LakotaMan1,2
johnlukebell,NWEA,1
johnlukebell,THE_Journal,1
johnlukebell,dst6n01,1
johnn477,GoodishIntent,2
johnnybmorbid,BandB_CBS,1
johnnybmorbid,McSchlossberg,1
johnnybmorbid,WilliamZabka,1
johnnybmorbid,evabasler,1
johnnybmorbid,healdrules,1
johnnybmorbid,jonhurwitz,1
johnnybmorbid,ralphmacchio,1
johnnybmorbid,seankanan,2
johnnyortiz24,johnnyortiz24,1
johnnysfgiants,BenVerlander,2
johnnysmooth,duncphd,2
johnron,hollijo,1
johnsoj2,Popehat,1
johnsoj2,korb_heather,2
johntlowery,JoJoFromJerz,2
johnwal03857653,Philip_Ryan,1
johnwal03857653,daithi_regan,2
johnwcbragg,HeatherMallick,1
johnwcbragg,dmrider,1
johnwcbragg,johnwcbragg,1
johnwcbragg,orvalhaines,1
johnwdavis,ChennedyCarter,1
johnwdavis,CoachFredW,1
johnwea12325359,AnaCabrera,2
johnwoolleypnw,kilmeade,2
joiner_aaron,jacketstime,2
jojo_ackermann,ChaiseTattoos,1
jojo_ackermann,OmarEdmison,2
joln828,GregAbbott_TX,1
joln828,anantabhan,2
jon_lebar,ABC,1
jon_lebar,HalSparks,2
jonathan_ziemba,chesscom,1
jonathanbarrow_,MercedesAMGF1,2
jonathangooda,GBieloszabski,1
jonathangooda,espresso613,1
jonathanmqzl,asheborn57,2
jonathanmqzl,kashanacauley,1
jonathanreiber,AP,1
jonathanreiber,jonathanreiber,1
jonaweiss,DelMaggie43,1
jonaweiss,GOP,1
jonaweiss,NPR,1
jonaweiss,danbalz,1
jonaweiss,danielsgoldman,1
jonaweiss,ewong,1
jonaweiss,maggieNYT,1
jonaweiss,nprpolitics,1
jonaweiss,titonka,2
jonbrodes,NathanJ04060931,2
jonbrodes,ScoopB,2
jonbrodes,mariolopezviva,2
jondls76,SweetCor2theMax,2
joneill55,30days30ways,1
joneill55,AvK17,1
joneill55,BethFratesMD,1
joneill55,BiscottiNicole,1
joneill55,Cbp8Cindy,1
joneill55,Jay_Rombach,1
joneill55,Mousefan98,1
joneill55,Piroska_Bata,1
joneill55,SLBriscoe,1
joneill55,SteveHammActor,1
joneill55,TheAngelOrsini,1
joneill55,cazij,1
joneill55,ccatmpt,1
joneill55,coastgirl34,1
joneill55,confessions_cup,2
joneill55,forkmespoonme,1
joneill55,hmgivingsoul,1
joneill55,ja2cook,1
joneill55,jflorez,1
joneill55,linds4fins,1
joneill55,melanie_korach,1
joneill55,simplysallyh,1
joneill55,suziday123,1
jonjonhughes,SpiroAgnewGhost,1
jonjonhughes,comcast,1
jonmott,emmaefetz,1
jonmott,seagulljaap,2
jonsommerhauser,RichMiller28,1
jonsommerhauser,elerianm,4
jonsommerhauser,markets,1
jonwhipple50,FloofySisters,2
jonwhipple50,Malcolm_theCat,2
jordailynn,Yatande_,1
jordan_strong14,trvisXX,1
jordanlucasray,ForeignPolicy,1
jordanverhulst,NJCAA,1
jordybphotos,USATODAY,1
jordybphotos,cady_stanton,1
jordybphotos,jordybphotos,1
josecarreras1,JoeNBC,1
josecarreras1,Morning_Joe,2
josecarreras1,POTUS,2
josecarreras1,VinnyandthaJets,2
josefheynckes,StN_News,1
josefheynckes,StZ_NEWS,1
josefheynckes,hand_aufs_hirn,2
josephcdaniel,craiggroeschel,1
josephferris76,bennyjohnson,2
josephmayes,AdamGreenway,1
josephmjamison,anthony_Terliz,2
joshuacharles__,A_Daneshzadeh,1
joshuavmc,jakeriley,2
jotstweet,TODAYshow,1
jotstweet,skillyskud,2
joy_gimbel,APFactCheck,2
joy_gimbel,BernieSanders,1
joy_gimbel,JonnyYaeger,2
joy_gimbel,SenSanders,1
joy_gimbel,mikememoli,2
joy_gimbel,voxdotcom,1
joycpeter_joy,JustinTrudeau,2
joycpeter_joy,news_pug,2
joyforfl,emilyslist,1
joyjenkins,anitawrites,1
joyjenkins,joyjenkins,1
jpanzar,MattHjourno,1
jpanzar,latimesharriet,1
jpbraconnier,AKB_Mooney,1
jpbraconnier,_CCCHOIR,1
jpburns,CNN,1
jpburns,Newsweek,1
jpburns,fox,1
jpdel11,AZ_Brittney,2
jperp88,ShannonLoehrke,1
jpsmith5804,unusual_whales,1
jpstivers,MalePrincipal,2
jr84resistor,RonFilipkowski,2
jr84resistor,kwok_xian,2
jr_armentrout,BrettHNews,2
jr_armentrout,JunkratTweets,2
jr_armentrout,NAVSTA_NOR_PAO,1
jr_armentrout,USSHARRYSTRUMAN,1
jr_armentrout,WAVY_News,1
jr_womack,ABC,2
jramals,Braden_Keith,1
jrc22407,PatMcAfeeShow,1
jrcourage1,DEFY,1
jrduncans,GOPLeader,1
jrock2582,MailOnline,1
jrock2582,bunnyhustle,1
jroushkolb,AlyTrostMartin,1
jroushkolb,katie_cammm,1
jrowings,YouTube,1
jrt_cheche,SenateDems,1
jrt_cheche,SenatePress,1
jrt_cheche,VP,1
jrwheatl22,SeanAshWX,1
jrwheatl22,krispykreme,1
jrwitster,antifaoperative,1
jsadams33,ChaseAdams214,1
jsadams33,FootballWarhawk,1
jsadams33,NOVAPremierBB,1
jsadams33,rd_baseball,1
jsandersleads,ASanchezEdu,2
jscurry44,EbonyJHilton_MD,2
jscurry44,rolandsmartin,1
jsfreed,SamTRicketts,2
jsonclayton,SKdavis80,1
jsonclayton,ccboe_news,1
jsonclayton,iPartnersCCS,1
jsonclayton,jreyes_jr,1
jsonclayton,wilburn_ccboe,1
jsoul27,TheRealOJ32,1
jsppurple,deptulahasrage,2
jstathought917,Ford1950Ford,1
jstathought917,Lmouse1980,2
jstathought917,NEWS_MAKER,1
jstathought917,Weinsteinlaw,2
jstathought917,denslynne,1
jsvalenti1,LisaMarieBoothe,2
jta1066,MaureenPanzera,2
jtighe08,nrogers_news,2
juanabelperez7,ABC7,1
juanabelperez7,CBSLA,1
juanabelperez7,DiegoSaldanhaSa,1
juanabelperez7,KTLA,1
juanabelperez7,emilioT72,2
juancotxpr,max_moll,1
juandr47,jrisco,1
juanpabloloppez,m_joel17,1
juanvallren,ABC,2
juanvallren,BernieSanders,2
juanvallren,Danielsalcan_,2
juanvallren,teleamazonasec,2
judypchristie,Acosta,1
judypchristie,AugieNash,1
judypchristie,MLB,1
judypit,BrianKarem,2
judypit,LeaderMcConnell,1
judypit,OccupyDemocrats,2
judypit,ShelbyKStewart,2
judypit,briantylercohen,2
juggalo_sosa,BoBBoTheKlown,2
juggalo_sosa,Halloween__News,1
juggalo_sosa,SpiritHalloween,1
juggalo_sosa,_HalloweenFan,1
juliaa_grace,NNN_News,1
juliaa_grace,hannahzhjiang,1
juliachanb,shefalil,1
juliahosack,DrjimPhifer,2
juliahosack,rachel_garniss,1
julianawriter,BeschlossDC,2
julianawriter,FBI,1
julianawriter,FoxNews,1
julianawriter,IngrahamAngle,2
julianikhinson,julianikhinson,1
julie_wronski,MattGlassman312,1
juliebonnblank,reachjulieroys,1
juliedawson2802,conservcoach,2
juliedawson2802,guypbenson,1
juliedunmire,nick_ponton,1
juliejacques67,BidensWins,1
juliejacques67,DebLindsay58,2
juliejacques67,POTUS,1
juliejacques67,ReefSixtyNine69,2
juliejacques67,StandingForGood,2
juliejacques67,tphenom,2
juliejacques67,william_gissy,2
juliepile,GCTC_News,3
juliepile,ParentCamp,2
juliepile,dr_poe,2
julies3julies2,NikkiHaley,2
julietighe17,aduehren,1
julievriahi,RealMarkFinchem,1
julievriahi,RichSaluki,2
julioCarrasqu16,MarshaBlackburn,1
julioCarrasqu16,ihategoogle5511,2
juliusmay,DawnStensland,1
juliusmay,DomShow1210,1
juliusmay,JohnDePetroshow,1
juliusmay,MaryWalterRadio,1
juliusmay,Richzeoli,1
juliusmay,RossOnRadio,1
juliusmay,_piccone,2
junebugskippin,TonyAndracki23,1
junglebobfuller,FoxNews,2
junglebobfuller,seanhannity,1
junie_cordero,WBTV_News,2
junieandjerrod,TheLuExperiment,1
jupitergirl,Jessicam6946,2
jupitergirl,LMastergeorge,1
jupitergirl,TobyGialluca,2
jupitergirl,amvetsupport,2
jupitergirl,kilmeade,1
jupitergirl,nathaliejacoby1,2
justchilliando,VGC_News,2
justin_farish,join_yaa,1
justisjeff69,justisjeff69,1
justjessmcd,TheBachBabes,1
justjessmcd,katiethurston,1
juwanthewriter,juwanthewriter,1
jvergara,KCURUpToDate,1
jvergara,aroundblockkc,1
jvergara,chefcorky,1
jvergara,lizcookkc,1
jvgauer,FoxNews,1
jwallom,GetSpectrum,1
jwallom,GovKemp,2
jwbooth_killjoy,JosephPBrown6,1
jwgain01,Reuters,1
jwgain01,notdred,2
jwogradyjr,googlenews,1
jymetcalf,NPRKelly,1
jymm119,FoxNews,2
jytheory,my_sober_diary,2
jytheory,ungerbn103,2
jzigoris,MCWConf,1
jzigoris,phcartaya,1
k5kee,CBSNews,1
k5kee,IAmPoliticsGirl,1
k5kee,JonesForAR,1
k5kee,MSNBC,1
k5kee,NoLieWithBTC,1
k5kee,abcnews,1
k_lundy_,IAmSteveHarvey,2
k_miles,allynwest,2
kaanapali2,ABC,1
kaffnews,12News,1
kaffnews,DaciaLJohnson,2
kaffnews,FOX10Phoenix,4
kaffnews,RyanFSloane,2
kaffnews,azfamily,4
kaffnews,davezorn72,1
kai_arman,kai_arman,1
kaitGAY,kaitGAY,1
kalijah69,kylegriffin1,2
kallieelayne,AARP,1
kallieelayne,amyklobuchar,2
kallieelayne,lesliedach,1
kamenfan1,cantwait2b,2
kamille_thorne,GirlUKnoUBadd,2
kamille_thorne,TruthReigns0,1
kanekpb,LouDobbs,2
kaneviktorovich,kaneviktorovich,1
kanga5328,AnnOkla,1
kanga5328,Ironyrulesall,2
kaosknox,BoldCityBrigade,1
karachite10,BOLNETWORK,2
karachite10,PTIofficial,1
karachite10,SdqJaan,1
karenandbowz,warwithpain,2
karenlmw,ScottPresler,1
karmicpete,PressSec,2
karmlaskalinem1,PoliticsInsider,2
karoncu82,cutigs1,2
kascnef82,ComicBook,1
kasxyz,AnaKasparian,3
kasxyz,TYT,3
kasxyz,TheYoungTurks,3
kasxyz,stsparky,6
kat_films,AlisonCuddy79,1
kat_films,N0_Reservations,1
kat_films,davepperlmutter,1
kat_films,goldenmileprods,1
kat_films,johnale74780783,1
kateburke600,AVindman,2
kateburke600,TulsiGabbard,1
kateburke600,UROCKlive1,1
kathdriskell,maggiesmithpoet,1
kathdriskell,spaldingwriting,1
katheri38929168,ResistanceWorks,2
katheri38929168,ericswalwell,1
katheri38929168,politvidchannel,2
katheryn_crump,NikkiHaley,2
kathyrist11,AP,1
kathyrist11,kathyrist11,1
katie7800jovi,mor100,1
katielaneTV,WKBW,1
katiemorrison,OleMissFlagship,1
katiemorrison,thedm_news,1
katrovert,krittabug,2
kattitfortat,TulsiGabbard,1
kattitfortat,mtaibbi,2
katwmyers,News_Dr252,4
katydanielson,katydanielson,1
kavindrapatel,Dreamforce,1
kavindrapatel,Nads_P07,1
kavindrapatel,RupeshBhatia85,2
kaycy,Hamletgarcia17,1
kaylajohnson28,itsallisonleigh,2
kaylasmithnews,sublimebyrd,2
kaylasmithnews,trashpandas,1
kaylasmithnews,whnt,2
kaylnjo6,ngpreps,1
kayluhmcd,MoniPython,1
kayluhmcd,ribbertruffnek,2
kaylynhf,AKA_RealDirty,2
kaylynhf,DavidWDale3,1
kaylynhf,MurielBowser,1
kaylynhf,SPepper1964,2
kaylynhf,joekent16jan19,1
kaylynhf,jtd_gameon12,1
kbatku,cosmotexan,2
kbatku,matthewjdowd,1
kbatku,natsechobbyist,2
kbla1580,LAFOCUSNEWS,1
kbla1580,thedrsunshine,1
kbores1,FOX26Houston,2
kbores1,robncypress,2
kbsquared1961,JesseBWatters,1
kbsquared1961,LindseyGrahamSC,1
kbsquared1961,dilayd,1
kbsquared1961,jesseprimetime,1
kbsquared1961,kevincorke,1
kbsquared1961,snarkforce1,2
kcaramancion,kcaramancion,1
kcchris6,kcchris6,2
kcchris6,pbelesiotis,2
kdander222,MarshaBlackburn,2
kdander222,alicetweet,1
kdander222,googlenews,1
kdevil66,DecodingFoxNews,1
kdevil66,chareth1234,1
kdevil66,cyndikash,2
kdmnsf,CFinNYC,1
kdmnsf,aliner,2
ke4ole1,CassieLee,1
ke4ole1,ShawnSpears,1
keads116,inqdragon2,2
keegan_tweets,Redistrict,1
keegan_tweets,chasel1994,1
keegan_tweets,chertz,1
keegan_tweets,keegan_tweets,1
keegancoopertv,wluctv6,1
keeley_dubensky,CARSTour,1
keenanls,emptywheel,2
keenanls,winnermegan,1
keithchatinover,SarahFairVT,1
keithchatinover,kathyfox87,1
keithmartin62,CNN,2
keithrconrad,CNET,1
keiththeanalyst,BRWalkoff,1
kellee_maria,ElizBanicki,2
kelleytuthill,ABC,1
kelly_kintner,AuroreSibley7,2
kellyaj72,PeterSchorschFL,2
kellyaj72,RepValDemings,1
kellyaj72,marcorubio,1
kellygrade6,kellygrade6,1
kellyisright,JOnAthAn4RealZ,2
kellyjoeray,Dan__Persson,1
kellyjoeray,JeromeFromBham,2
kellyjoeray,TreasurefieldW,1
kellyjoeray,rtmdc72,1
kellyjoeray,southpawpete,1
kelseyjuneee,KSL5TV,1
kemetcoleman,2000_vine,1
ken__nolan,Jasminedunniga2,2
ken__nolan,MikeLong072,2
ken__nolan,Netters40525581,1
ken__nolan,bitchbaby221,1
kenbahler2004,JordanStrack,2
kenbahler2004,PointsBetUSA,1
kenbahler2004,tigers,2
kenberman,JoseonOne,2
kenberman,revhowardarson,1
kendizzzall,virginianpilot,1
kenhdesigns,OccupyDemocrats,3
kenhdesigns,judgejeanineee,2
kenhesser,PHLEaglesNation,1
kenhesser,RonFilipkowski,1
kenjames2112,OccupyDemocrats,2
kenjames2112,laurenboebert,2
kenmartinboston,FoxNews,2
kennethkline13,GeorgePapa19,2
kenraythmp,StLadyDeadPool,2
kensturdivant,MichaelKeaton,1
kentlee47,AdamInHTownTX,1
kentlee47,Bman_w_No_Plan,2
kentlee47,GOPLeader,1
kentlee47,LeaderMcConnell,1
kentlee47,ProjectLincoln,1
kentlee47,shawamendnent2,1
kenuputt,SModcastle,1
kenyattayamel3,BivingsDoris,2
kenyattayamel3,CELB2000,2
kenyattayamel3,ClaudetteGGibs1,1
kenyattayamel3,KyivIndependent,6
kenyattayamel3,OddswithGOP,2
kenyattayamel3,PazyFish,2
kenyattayamel3,SarahMacDunn,1
kenyattayamel3,WarMonitor3,4
kenyattayamel3,Yahoo,1
kenyattayamel3,Zen_Soul,2
kenyattayamel3,arb_kc,2
kenyattayamel3,drgrinstead,2
kenyattayamel3,jackhammer3853,2
kenyattayamel3,nexta_tv,2
kenyattayamel3,scott4pendleton,2
keosha__,keosha__,1
kerelious,RWCombsJr2,2
kerelious,SomeMoreNews,1
kerelious,blackblocpoly,1
kernakk,JerJerrybrown,1
kernakk,JoyceWhiteVance,1
kernakk,ShanniqueQ77,2
kernakk,SleepyPoro,1
kernpegues,sayitnspinit,2
kesslahh,BBCBreaking,2
kesslahh,Nephilim_090,2
kesslahh,foddermountain,3
keungshowUSA,KearenPang,1
keungshowUSA,empmovies,1
kevc1980,THR,1
kevc1980,burgessev,1
kevinamontalvo,voteshekar,2
kevinjflood,VOvegan,2
kevinkkeller1,DonLew87,2
kevinkkeller1,NBCNews,1
kevinkkeller1,joncoopertweets,1
kevinkkeller1,kylegriffin1,2
kevinkkeller1,marezfromtherun,2
kevintmccauley7,rayhartmann,2
kevloweryphoto,CareInActionUS,2
kevloweryphoto,HillaryHolley4,2
kevoh04,NationAfrica,2
key2thelocal,FirstFridayLV,1
key2thelocal,night,1
keywestnan,jessicabakeman,2
keywestvibes,TheJordanRachel,2
kfippin,UrbanRootsBeer,1
kgrusso66,NBCPhiladelphia,2
khammanyD,farronbalanced,2
khanartist79,FlakedAndFormed,1
khanartist79,PeterAPeel,2
khope00,susannellane,2
kialectics,gdmorejon,2
kialectics,leftofphil,1
kialectics,rochellehd,1
kichuna_licious,LornaITgal,2
kickitoldschool,SVA_News,1
kickitoldschool,asIiceofhistory,2
kickitoldschool,robertjdenault,2
kid_yoshida,BleacherReport,1
kiddako89,DanaBrookeWWE,1
kiddako89,LANDsGal28,1
kiddako89,itsBayleyWWE,2
kielfitz2,BrookeJenkinsSF,1
kielfitz2,DSA_SF,1
kielfitz2,DeanPreston,1
kielfitz2,KPIXtv,1
kielfitz2,KTVU,1
kielfitz2,MissionLoco,2
kielfitz2,PoliAnimalPress,2
kielfitz2,Public_Justice,1
kielfitz2,QCToday,1
kielfitz2,QC_News,1
kielfitz2,UCHastingsLaw,1
kielfitz2,abc7newsbayarea,1
kielfitz2,chesaboudin,2
kielfitz2,firearmsteacher,1
kielfitz2,frankhwu,1
kijo838217,DonaldJTrumpJr,2
killian_sh,KrisWilliams,2
kim13_mz,SonoranSteve97,2
kimanncurtin,chasharris1025,1
kimanncurtin,kimanncurtin,1
kimanncurtin,stuartk86,1
kimasabe,AaronParnas,1
kimberley_tui,OccupyDemocrats,2
kimberlin82,TheOrville,1
kimberlin82,TheOrville247,1
kimberlin82,disneyplus,1
kimberlin82,lori_sadler,2
kimcommvideo,TheMattBRoberts,1
kimcommvideo,peekaboo_jen,2
kimmie_c_,TMZ,1
kimmy6192004,TulsiGabbard,2
kimowens252,CzarinaRadziwil,2
kimowens252,NinaBirchfield,1
kimowens252,POTUS,1
king_Gomes_,MoonMarket_,2
king_tuzi,king_tuzi,1
kingjimmyc,DevineNews,2
kingjimmyc,HiRezTheRapper,3
kingjimmyc,SCBioMethod,1
kingjimmyc,big_scotty_754,2
kingjimmyc,clamezcua1,2
kingjimmyc,dnsv123,1
kingnigel_,aliyahInterlude,1
kingronnie24,EricM46,2
kipsusie,AolCRAFT,2
kipsusie,gtconway3d,2
kipsusie,nathaliejacoby1,1
kirbydjohnson,JoeTalkShow,1
kirbydjohnson,dusty_dweller,2
kirillthrill97,MNWildSOHNews,1
kirkemiller,marca,1
kirstengraham,DeiLeahy,2
kirstenkrupps,ellealexis01,1
kishu_chef,BabyDogeNFTs,2
kishu_chef,babydog_news,1
kissames,ErikAndersonSc4,2
kisswithah,SIfill_,2
kit_duff,DonaldRash12,2
kit_duff,duzy2,2
kittycat942,DonaldJTrumpJr,1
kittycat942,FINALLEVEL,2
kittycat942,Judas3rd,2
kittycat942,SandyJo15311630,2
kittycat942,SunshineJennB,1
kittycat942,treat_fairy,1
kiyarrell,SarahHuckabee,1
kiyarrell,Sheilby24,2
kiyarrell,clairecmc,1
kjs1943,mojomarconi,2
klCanyon,BBCBreaking,2
klagrange4,ChrisGWxKCCI,1
klastastic,atrupar,1
klausfeldam,EricTrump,1
klausfeldam,GOP,1
klausfeldam,NoContextBrits,2
klausfeldam,kilmeade,2
klausfeldam,kylegriffin1,2
kleif_mane,Halleylujahhh,2
kleif_mane,Popeyes,1
kleif_mane,Wendys,1
klenhof,MarshaBlackburn,2
klwtts,AcrossCharge,1
kmrog1126,PatrioticFirst,1
kmundis,CarterCritiques,2
knotjen1973,Blue_eyes1220,2
ko4umq,ARRLKY,1
ko4umq,ARRL_ARES,1
ko4umq,ARRL_News,1
ko4umq,KYARESDistrict9,2
ko4umq,KYSECARES,1
ko4umq,arrl,1
ko4umq,arrl_greatlakes,1
koalapuffss,MeganMarijane,2
kocorner_thatc,BoxingMyths,2
kocorner_thatc,YoungDanielDad,1
kody_ocean,theScore,2
koiralaranjan,nagarik_news,2
kokothenut,angelayee,1
kprimm143,PopCrave,1
krausemom,krausemom,1
kremlincardinal,AP,1
kremlincardinal,davidpegueroc,2
krezae,TrailBum2,2
krieman18,Big_Eazzzzy,1
krissymom2,BrowardCTE,1
krissymom2,EducationFL,1
krissymom2,GovRonDeSantis,1
krissymom2,HenmackIII,2
krissymom2,browardschools,1
krissymom2,rpetty,1
krissymom2,suptvcartwright,1
kristendesilva,lasvegasweekly,1
kristin262smith,mikepompeo,2
krizia_williams,WKBW,1
krizia_williams,newhousemasters,1
krobmeh,CalebJHull,1
krobmeh,JoyFlick1,1
krobmeh,LexTalionis97,2
krobmeh,Non_MSM_News,1
krobmeh,PoliSockPuppet,1
krobmeh,bernielomax,1
krowberry,tedcruz,2
kryssycakes,funnyjulius,1
ksumrall98,DanRather,2
ktstoks,BitcoinMagazine,1
ktwithak,Phil_Lewis_,1
kushibo,RachelRGonzalez,1
kwabscouture,kwabscouture,1
kyblueblood,eastview_granny,2
kyblueblood,hugolowell,1
kylehagge,LearningBrew,1
kylehagge,karagoldin,1
kylejluebke,Sammy_Roth,1
kyleksparks,kyleksparks,1
kyleloomis11,Amandafaye02,2
kyleloomis11,Brandon_U2,1
kyleloomis11,KnoxvilleNats,1
kyleloomis11,annkingery,1
kyleloomis11,burbaniak,1
kylemackieradio,SofiaAJeremias,2
kylepigman,10NewsFirst,1
kylepigman,13abc,1
kylepigman,DerekWittWx,1
kylepigman,Heather_Pollauf,1
kylepigman,NatashaExelby,1
kylepigman,YouTube,1
kylepigman,lachlan_kennedy,1
kylepigman,mckenzie13abc,1
kyleve,JacobEthanWhite,2
kyleve,TheFederman,1
kyleve,suldrew,2
l3oopaard,farshiid84,2
la_fresa88,Acyn,1
lacoutita,ThatEricAlper,2
lacptng,CoupdTrump,1
lacptng,DanRather,1
lacptng,IJReilly4,2
lacptng,JamesClimateGuy,1
lacptng,Kason0420,1
lacptng,LuLuRoche,2
lacptng,TeaPainUSA,1
lacptng,TheJusticeDept,1
lacptng,TimRunsHisMouth,2
lacptng,WontCaveDave,2
lacptng,caslernoel,2
lacptng,mcspocky,2
ladderbrooklyn,NBCNews,2
ladybugdink,jilevin,2
ladywolvie82,JeromeAdamsMD,1
ladywolvie82,mrsjuliastitch,1
ladywolvie82,usa_thinker,2
laescobedo,JLozanoA,2
laetitiabrock,Number1Sons,1
lagloriacubano,RNCResearch,2
lailatov777,YouTube,3
lambertman,LanceMcAlister,1
lame_old_guy,MaxMarkhamNFL,2
lamore,JimHandly,1
lamore,RealLeonHarris,1
lamore,nbcwashington,1
lanetigers,YoungJamaicaJLP,1
lanetigers,do_di_right_,2
langstrategies,DNC,1
langstrategies,harrisonjaime,1
langstrategies,leadingdems,1
lapham923,FeistyPK2,2
lapham923,JoJoFromJerz,1
lapham923,joncoopertweets,2
larrydurland,billyjoel,1
larrydurland,xpnmorningshow,1
larryrstreet,lisachristinect,4
laura_democracy,Wonkette,1
lauracain32,RavenFlocker,2
lauriefarrellPR,Jcjpl,1
laurynmossWAVY,KPattersonWAVY,1
laurynmossWAVY,WAVY_News,11
laurynmossWAVY,fleetparkLL,1
laurynmossWAVY,laurynmossWAVY,4
lawanda43,Congressgohome,2
lawanda43,GregAbbott_TX,2
lawanda43,IAPonomarenko,1
lawanda43,SecBlinken,1
lawgirl985,GailGW13,1
lawgirl985,Yeedamnhaw,2
lawgirl985,cocainecross,1
lawgirl985,davidmweissman,1
lawgirl985,laura_joakimson,2
lawrenceluksha,TalkinBaseball_,1
lawrenma,erikajayne,2
lawyer822,BreannaMorello,2
laxsmart,CNN,1
laytergater,Acyn,2
lazyj616,CabadingRon,2
lazyj616,Laydonnelly,1
lazyj616,PeperWard,1
lazyj616,bennyjohnson,1
lazzy_learner,calvinjburke,1
lblee58,RKalisher,2
ldbca7,Snorripup,2
ldelao76,nudog71,2
ldelao76,ruthellaowens,2
leacceas,JeongPark52,1
leaferi,DuthieAlyne,1
leaferi,EwartJoanne,2
leaferi,denniskennedy,2
leaferi,jill_d35,1
leahsix77,KathySabine9,2
leanneburgess16,leanneburgess16,1
leathersmarts,007_cony,2
leathersmarts,OccupyDemocrats,3
leathersmarts,RobertCsmothjaz,2
leathersmarts,anaddict2beauty,1
leathersmarts,beachbum1_,2
lee_brenon,dmbarnette,2
lee_montgomery,Acyn,1
lee_montgomery,andyroddick,2
leeeahhhhh,leeeahhhhh,1
leejneves,UOPacific,1
leflerk0,GOBLUE37,2
lefty559,AJCassavell,1
legionbirdman,googlenews,1
legitOliviaM,Lauren_Daigle,1
legoweatherboy,Bloxy_News,2
legoweatherboy,Legowxbloxstu,1
legsluquis,LasNoticiasT11,1
legsluquis,shirlyanodette,2
leibel,leibel,1
leimer,SkyNews,1
lellingw,CityRochesterNY,1
lellingw,HeyFatFace,2
lellingw,NG_NewGuy,2
lellingw,News_8,2
lellingw,mkramer,2
lemice,VickyisGrateful,2
lemons_connor,Cardinals,1
lenarosen,AaronParnas,1
lennyaduncan,ThrillHoGaming,1
lennyandcompany,JenniferNYC,1
lennyandcompany,Lucialicious22,2
lennyandcompany,NancyNoCo24,1
lennyandcompany,Pattihatestrump,2
lennyandcompany,marlene4719,2
lennyandcompany,vicsepulveda,1
lensmith22,RichKolko,1
lensmith22,lensmith22,1
lensmith22,winknews,1
lenubienne,BlackttFuture,2
lenubienne,Loulebel,2
leod46,leod46,1
leonalcaras,Acyn,1
leonelcamiro8,CultureCrave,1
leonmeredith10,JonahFurman,1
leroywilsonjr,DOJCivil,1
leroywilsonjr,DOJCrimDiv,1
leroywilsonjr,JRubinBlogger,1
lesliebialler,Billieresistor,2
lesliebialler,BlueGME,1
lesliebialler,ButtersKatz,1
lesliebialler,CookieCaspari,3
lesliebialler,DashDobrofsky,2
lesliebialler,GoodTrouble42,1
lesliebialler,GulliAz,2
lesliebialler,HarleyDad731,1
lesliebialler,JadeM2816,2
lesliebialler,JaxHarley5,2
lesliebialler,JitterCrow,1
lesliebialler,KeysMom1031,1
lesliebialler,Leslieoo7,2
lesliebialler,MajorFactor2,1
lesliebialler,Marshalls_Human,2
lesliebialler,Meidas_Jules,1
lesliebialler,NewJeffCT,1
lesliebialler,OctoberFerguson,1
lesliebialler,RexThomresist45,1
lesliebialler,RhymesRadical,1
lesliebialler,SARA2001NOOR,3
lesliebialler,SmackeyCracks,1
lesliebialler,TeresaM19445404,1
lesliebialler,Vaw511,1
lesliebialler,WilliamFPeters2,2
lesliebialler,Wipapa5,1
lesliebialler,momsbsm1,1
lesliebialler,news_houndnc,2
lesliebialler,ozthegoatguy,1
lesliebialler,small1ldy1,1
lesliebialler,tatn,1
lesliebialler,xtraferocity,1
lesliebialler,yoksig,1
lesteraponte1,PetePothole,2
lesteraponte1,Reuters,1
letstalkentmt,FilmsQuirky,1
letstalkentmt,JanuaryMovie,1
letstalkentmt,VaderJaws,1
letstalkentmt,bales1181,2
letstalkentmt,filmizon,1
letstalkentmt,fredforthemets,1
letstalkentmt,ithrah69,1
letstalkentmt,krazykeithrules,1
letstalkentmt,midgetmoxie,1
lgc_com,dsgill87,2
lghcox,AudraRaley,2
lghcox,Mike_Pence,2
lghcox,Qwarktastic2,2
lghcox,Smithette1745,4
lghcox,larrykalchik,2
lghcox,whitehershey_91,2
liberal_maurice,Acyn,1
liberal_maurice,samsondenver,1
lifeasjennnnn,caliiinoel,2
lifeguardone,RussiaWonWar,1
lifeguardone,zerohedge,2
lightning36,Abramski_C,2
lightning36,WECpoker,1
lightning36,flushhdraw,1
likeohmygatos,DetroitTigersPR,1
lilacandbirch_,DonnaCWrites,2
lilacandbirch_,PermutedPress,1
lilbit822,Faceles5Ghoul,1
lilbit822,JSchrambo,2
lilbit822,pjs0210,1
lillypharris,Linds_NanceWSMV,1
lilmangamr,AngryJoeShow,2
lilmangamr,EAMaddenNFL,1
lilmangamr,NFL,1
lilrags76,Nathan_Epstein,4
lilrags76,NorfolkVA,1
lilrags76,WAVY_News,2
lilrags76,fleetparkLL,1
lilrags76,slbws,1
lilyosheabecker,RiverfrontTimes,1
lilyswaller,THR,2
limon_ken,RonnyJacksonTX,1
limon_ken,limon_ken,1
lindaSH77906251,Lancegooden,1
lindaSH77906251,joncoopertweets,1
linda_bond,RonFilipkowski,1
linda_bond,cathyob1,2
lindatyree13,SeanTrende,1
lindseyrbhair,Arike_O,2
linebackrbarbie,SalSpice,1
link781,WhooptyHell440,1
link781,roachizm13,2
linzberry007,1MrBarber,2
linzberry007,crushtheracists,1
lisa_hootman,AP,2
lisafdavis,BridgetWhearty,2
lisafdavis,MedievalAcademy,1
lisafdavis,pardon_mi,2
lisahandback,lisahandback,1
lisahawk0206,pulte,2
lisajo8021,Avivacioussold8,2
lisajo8021,RepLizCheney,1
lisajo8021,SeanS2010,1
lisaownet,nypost,1
lisasolarstar,LiZaOutlives,1
lisavielee,indystar,1
listandsellnow,OTCmillionaire1,2
litovangilst,MonicaLewinsky,2
litovangilst,juzjulian,2
littlegrandma63,WaysMeansCmte,1
littlejoysfarm,KariLake,2
livernrs,IngrahamAngle,2
livluvward,NikkiFried,1
livluvward,SunDispatch,2
lizaATX,ChuckGrassley,1
lizaATX,GrassleyPress,1
lizaATX,RphBJK,2
liztemkin,Franterest26,2
lizthomsonnm,NBCNews,1
lizzyb9521,QueenieOfNorway,1
lkaldschmidt,JosephJinglehe2,2
lkaldschmidt,JuliaMorales,1
lldnt,eclipsethis2003,1
llondo,llondo,1
lmagri13,LisaMarieBoothe,2
lmc,D4GordonMar,2
lnkpowell,charliekirk11,1
lnkpowell,rebeccaradfor15,2
localmediarocks,kilmeade,1
lois_martha,Pontifex,1
lois_martha,cnalive,2
lojakz,OrangeFreddyG,2
lokibeat,metsrewind,1
lolapoliticka,B52Malmet,2
lolitasam11,rhianmnop,2
longgoodie,BandB_CBS,2
longgoodie,paramountplus,1
lonnykeels,LivingMagazineW,2
lookin4datrooph,CaseyHomeless,2
lookin4datrooph,DaroldLV,2
lookin4datrooph,Fly_Sistah,1
lookin4datrooph,Richard99152776,1
lookin4datrooph,laurenboebert,1
lookingforhotm1,AVenezuelan19,2
loralof,CovfefeKatie,2
loralof,FoxNews,1
lordatwarturf,TimSullivan714,2
lorusso_eric,MattCarp13,2
lorusso_eric,Yankees,2
lorymasters,Adam_Flores1982,4
lorymasters,spectee_news,2
lostandfoundliz,kimwehle,1
lostnkaradise,AP,1
lostnkaradise,NWIOren,1
lostnkaradise,ThomasKithier,1
lostnkaradise,nique_smoov,2
lou_nautic,BBCWorld,1
loudflavor,GuinnessRodman,2
loveforchrist22,ArtValley818_,1
loveforchrist22,Bill_Swindle,1
loveforchrist22,FrannySG49,1
loveforchrist22,MaryStarkweath8,2
lovemusicjunky,ABC,1
lovespuppies55,Amy_Siskind,1
lovespuppies55,POTUS,1
lovespuppies55,kylegriffin1,2
lovespuppies55,w0ng_again,1
loveyolife11,GShelia1951,2
loveyolife11,IncognitoBanski,1
loveyolife11,TheHonestS,2
loveyolife11,kilmeade,2
loveyolife11,nathaliejacoby1,1
lowell321,JayRBP,1
lozadaroo54,wjxt4,2
lradamz,Caspergirl1018,1
lradamz,JoeBiden,1
lradamz,Lfacemaker,1
lradamz,MuellerSheWrote,1
lradamz,POTUS,1
lradamz,SubZeroPoet,2
lradamz,error_preston,2
lradamz,fred_guttenberg,1
ls1228,HillReporter,1
lsabanosh,MarshallBoprey,2
lsgarza3,POTUS,1
lsgarza3,SenateDems,1
lsgarza3,SenateFloor,1
lsgordon,AFarray,1
lsgordon,BKPinSF,2
lsgordon,Fly_Sistah,1
lsgordon,Kalarigamerchic,2
lsgordon,TamDActivist,1
lsgordon,cryanhyde,2
lsgordon,invisiblelad007,2
ltgrusselhonore,11thHour,1
ltgrusselhonore,CNN,1
ltgrusselhonore,SRuhle,3
ltw0303,DALLASBRADEN209,1
ltw0303,Jared_Carrabis,1
lucasbae28,NRMorrow,1
luckyloserswin,POTUS,2
luke_portell,DarrenBaileyIL,1
luke_portell,DonHuffines,1
luke_portell,IllinoisReview,1
luke_portell,bwaltens,1
lukedukewysocki,LongchainneyBob,1
lukemeyer78,KamieRoeslerTC,2
lukesawhook,Cuse3000,1
lukesawhook,ForTheGameFF,2
lukesawhook,NFLSTROUD,1
lukesawhook,ProFootballTalk,1
lukesawhook,tb12isDAgoat,1
luna_bombay92,DsmallzJ,1
luna_bombay92,SamuraiGenetics,2
luvafoodie,YouTube,1
luvmyjenna,EddyCaplan1,3
luvmyjenna,MichaelHopps4,2
luvmyjenna,larry_levitt,2
luvmyjenna,standorn,3
luvsall71,crystalxfatima,2
luxeinferior,luxeinferior,1
lvhothead2483,FoxNews,4
lvhothead2483,RonFilipkowski,2
lykum1,KSNStormTrack3,1
lykum1,LucyDollWx,2
lylestyle23,ClassicAtDamien,1
lylestyle23,auburnhoops,2
lynneeharrison,MontyBoa99,1
lynnsferrazza1,Celiawood18,2
lyon_warrior,SamHeughan,2
lyonsberry,Broncos,1
lyonsberry,CondoleezzaRice,1
lyonsberry,LewisHamilton,1
m70056,jodiafowler,2
mabbs_,mabbs_,1
macgowans,CBowl18,1
macgowans,Fornelljdr,2
macgowans,LegalPeaker,1
macgowans,NancyAShelton3,1
macgowans,peekaboo_jen,1
mackmckelvey,GoldieChan,2
macsgym,DavidKINDE3,2
macsgym,UPS,3
macsgym,UPS_News,3
macsgym,UPSers,3
mactrack52,FoxNews,1
mactrack52,IngrahamAngle,1
mactrack52,Trump4Prison24,2
mad1663,FoxNews,2
maddiewhitetv,Bigcountrydabs,2
maddiewhitetv,FOX5Vegas,4
maddiewhitetv,LASairport,3
maddiewhitetv,LVMPD,3
maddiewhitetv,_SarahEYork,2
maddiewhitetv,alekshewitt,1
maddiewhitetv,carla45133676,2
maddiewhitetv,sitehubllc,2
madechulavista,CBS8,1
madechulavista,Foxnew,1
madechulavista,JakeGaregnani,2
madechulavista,KUSINews,2
madechulavista,MayorToddGloria,1
madechulavista,Padres,1
madechulavista,SanDiegoLoyal,1
madechulavista,SanDiegoPD,2
madechulavista,chicanofed,1
madechulavista,fox5sandiego,1
madechulavista,sandiegowavefc,1
madechulavista,sdschools,6
madechulavista,sdut,3
madechulavista,seanhannity,2
madiganobrien,New_Era_News,1
madiganobrien,ReelBearMedia,1
madiganobrien,joshuadun,1
madiganobrien,twentyonepilots,1
madiganobrien,tylerrjoseph,1
madregoose,JudiciaryGOP,2
madregoose,RepStefanik,2
madteam3,Tobycooklyn,2
mae6489,Monaheart1229,2
mae6489,politvidchannel,2
magicjewball,AmtrakNECAlerts,1
magicjewball,PatMcNJ,2
magkelly777,MarkHamill,1
maingray,JeepCares,1
major_bux,BirnbaumMatt,1
major_bux,FLGOPclowns,2
major_bux,LisPower1,1
major_bux,dmgreenberg340,1
malachiobrien,steve_dighton,1
malindac,kcranews,2
malone_doc,malone_doc,1
malonemj,Jim_Jordan,2
malumpr0hibitum,KHayhoe,1
mamajo1208,bautistadanielb,3
mamasparkles168,HaroldFordJr,1
mamasparkles168,JacksonLeeTX18,1
mamasparkles168,SecBlinken,1
mamasparkles168,TheFive,1
mamasparkles168,elizabethwhelan,2
mamasparkles168,gregg,1
mamasparkles168,jakejsullivan,1
mancode1972,Debbiefaye1956,2
mandersonville,npenzenstadler,1
mandieboox3,_broookkee,2
mandinotmandy_,itsbananas13,1
manentsunbather,Strakastruka,2
manentsunbather,linnru4,1
marauder34,BathysphereHat,2
marcblackwell,MandiMoss,2
marcjaycfp,Ceaser787,1
marcjaycfp,LimitUpLLC,2
marcjaycfp,jonnajarian,1
marcjaycfp,petenajarian,1
marcjaycfp,ryanmastro5,1
marcjaycfp,theoptionoracle,1
marcmurd,DTheKingpin,1
marcocongiu,marcocongiu,1
marcussammons4,Miguelnbc,1
marcussammons4,NBCNightlyNews,2
marcussammons4,charliekirk11,2
marcussammons4,gaiusxxx,1
marcussammons4,tvkatesnow,1
marczcostello,OccupyDemocrats,2
margaret_merhi,joncoopertweets,1
margaretcox2299,BronaghRoisin,2
margaretcox2299,catturd2,1
margaretkibbee,BlackKnight10k,2
mariannenzman1,nypost,2
mariapalmaok,NVIndyEspanol,1
maribarke,CalPolicyCenter,1
marisahempel,atrupar,2
marisahempel,kilmeade,1
marisaporto,stevenwaldman,1
marisollebron,NACLA,1
mark_parody,agustechmr,2
markacarbondale,PipeDreamTC,2
markalkire1,ACTBrigitte,2
markalkire1,PapiTrumpo,2
markbrad,GroverNorquist,2
markbrad,SZisStillMad,2
markbrad,nihil_ad_rem,1
markeatman1,Ron_West_52,2
markeatman1,WilliamTurton,1
markhoffmankc,FrontiersCTSI,2
markoradisic111,iamspencercliff,1
markracine,wbz,1
marksmithvr,HiltonWaikoloa,1
marqmanner,TMZ,1
marqwertyOG,PatrickDailey,2
marrianne,CityCastChicago,1
marrianne,JacobyCochran,1
marrotti_vic,ABC,1
marrotti_vic,AllanRicharz,2
marrotti_vic,Jomboy_,2
marrotti_vic,JoshLovesNews,2
marrotti_vic,Super70sSports,1
marshmallowm0k,SamChampion,1
marthabayne,WithEdSimon,2
marthabayne,belt_magazine,1
martin_heilman,AP,1
martin_heilman,KariLake,2
martin_heilman,NickAdamsinUSA,2
martin_heilman,RonFilipkowski,1
martin_heilman,kaffnews,3
martin_heilman,michelsforgov,1
martinezpuig12,imlespier,1
martinezpuig12,trabucoPeErre,2
marty888nyc,BuzzFeed,1
marty888nyc,LayneToo,1
marty888nyc,PesicBrana,2
martyhudtloff,NBC29,1
martyhudtloff,UVAWomensHoops,1
martyhudtloff,YMCAPiedmont,1
martymadrid,VentureStudioHQ,1
marvinfloyd,googlenews,1
maryevers30,BOSHockeyNow,1
maryt7171,googlenews,2
marytodd,WalkerBragman,1
maskxrp,ProCoinNews,2
mass_ave,AndersonDrew,2
mass_ave,Cummins,1
mass_ave,GovHolcomb,1
mass_ave,Mar_E_,2
mass_ave,McFaul,1
mass_ave,cResources,2
mass_ave,erikdafforn,2
mass_ave,euronewsgreen,1
mass_ave,indgop,1
mass_ave,inqdragon2,1
masshirecentral,HECCMA,1
masshirecentral,MassCCs,1
masshirecentral,Quinsig,2
matenendez,DeuceHussle35,1
matgeorg,TMobileCFO,1
matmondro_wx,WNEMTV5news,1
matt26001,GangGreenNation,1
matt_lardie,matt_lardie,1
mattahertz,IDreamofWeenie,1
mattbcontractor,AdamNMayer,1
mattbcontractor,Tylerart1337,1
mattbcontractor,huip1,2
mattblively,KCENSports,1
mattcanei,JoJoFromJerz,2
mattcolleps,geniusbarcast,1
mattcolleps,iupdate,1
mattcolleps,jon_prosser,1
mattcroyle,FoxNews,1
mattcroyle,YouTube,1
mattdammeier,ShamsCharania,1
matter_cats,JeffDoan8,2
matter_cats,Margare71289691,1
matter_cats,RonFilipkowski,1
matter_cats,laurenboebert,1
matter_cats,nj_giordano,2
matter_cats,rhonda_harbison,1
mattgrocoff,VeridianLiving,1
matthematician,DougJBalloon,1
matthematician,deonteleologist,2
matthematician,nytopinion,1
matthenson247,Cardinals,2
matthew_leal,1011NOWweather,10
matthew_leal,1011_News,25
matthew_leal,AnnetteLawless,12
matthew_leal,BradAnderson_WX,11
matthew_leal,Bryan1011NOW,13
matthew_leal,Deb_Farris,9
matthew_leal,FrankWaughKAKE,9
matthew_leal,HankOnFood,5
matthew_leal,HannahKingKAKE,13
matthew_leal,KAKEnews,13
matthew_leal,KWCH12,1
matthew_leal,KWCHBrityne,1
matthew_leal,KWCHCassie,1
matthew_leal,KWCHJake,1
matthew_leal,KWCHShane,1
matthew_leal,LauraHalm1011,13
matthew_leal,LauraScyrkels,2
matthew_leal,MaeveAshbrook,9
matthew_leal,MsRed0622,5
matthew_leal,NathanB1011,5
matthew_leal,ShaneEwing,9
matthew_leal,TheTraceyJayne,2
matthew_leal,la_sdeebocane,5
matthew_leal,lisazumba10,5
matthew_leal,melissameederwx,2
matthew_leal,tmboser,13
matthewa_10,kennlandry,1
matthewkgray,KXAN_News,2
matthewkgray,bobbybonesshow,2
matthewkgray,richardmarx,1
matthorsnell,matthorsnell,1
matthorsnell,wakenarcolepsy,1
matthorsnell,xsmassi,1
matthunter,LordTylerWard,2
matthunter,adaugelli,1
mattjacksonPSU,TheRickWilson,1
mattjacksonPSU,highbrow_nobrow,2
mattmillsphoto,CarolynBick,2
mattmillsphoto,SeattlePD,1
mattmillsphoto,itsemilykrieger,1
mattstratton,_breeeeen_,1
mattstratton,mattstratton,2
mattstratton,tashay_gm,1
mattsunday,JWolperPGH,2
mattswider,Alt18558191,2
mattyglesias,atrupar,1
mattyglesias,binarybits,1
mattyost_,normative,2
mattyost_,nycsouthpaw,1
maureenm2000,C8Luna,2
maureenm2000,NEWS_MAKER,1
mavslifer,lynziekate,2
maw1857,BlueDogsGuitar,1
maw1857,ChrisJansing,1
maw1857,NBCNews,1
maw1857,jackieburnsg,2
maxelleman,Noahsyndergaard,1
maxelleman,RichardStaff,1
maxhartman2,shannonsharpeee,2
maxineturnbull,BabyRaccoon91,2
maxineturnbull,OccupyDemocrats,1
maxmautner,10News,2
maxralph_,1and0Pod,1
maxshapnik,ChelseaFC,1
mayfair2,jojoptyoga,2
mayhue96,17erudolph,2
mayhue96,KariLake,1
mayhue96,NickAdamsinUSA,2
mayhue96,oneunderscore__,1
mbkelimo,Jules31415,1
mbkelimo,a_pilgrimm,2
mbudd98,mbudd98,5
mbyrnes37,AtticusGF,1
mbyrnes37,evolutionarypsy,1
mbyrnes37,monacharen,2
mbyrnes37,radfugee,2
mcampbellSD,AFP,1
mcastimovies,StephenWhitty,2
mcastimovies,lindaholmes,2
mcatsandoval,THEREALPUNK,1
mcdermottpamel1,Metsmania1,2
mcford77,NoLieWithBTC,2
mcford77,cnni,2
mcford77,eileenvan55,1
mcg1971,TimOnPoint,2
mcgaula,justinshenkarow,2
mckenzie6113,robreiner,2
mclanea,MariposaSheriff,1
mcnamee_kevin,NormOrnstein,2
mcnamee_kevin,StephMillerShow,1
mcnamee_kevin,washingtonpost,1
mcornell,WindingDot,2
mcsardo,mcsardo,1
mcterzakis,MikalebRoehrig,1
mcwatkinson,RepMMM,1
mdahdaly,Bengals,1
mdahdaly,paycor,1
mdmcgeary,NHLBruins,1
mdott00,GroverNorquist,2
mdott00,NMalliotakis,2
mdoukmas,mdoukmas,1
mearest,ComUrbASA,1
mearest,jt_simes,2
mearest,ucpress,1
mechanicaladva5,roadcc,2
mecynicalsf,GasiaKTVU,1
mecynicalsf,KTVU,1
medic2216,tiffofthenorth,2
medicroc,TeddyFeed,2
meepsketball,meepsketball,1
meeyauw,LabradorYuki,2
meeyauw,MacFarlaneNews,1
megan7oneill,InvestigatorCps,1
megan7oneill,LindseyGrahamSC,2
megan7oneill,Lon_S_J,1
meganspeterson,meganspeterson,1
megantalleytv,DontShowYourCat,1
meganululani,CYM_DC,1
meganululani,alison__berg,2
meganululani,denverpost,1
megataros,Gannett,1
megataros,PatrickSquarep6,2
meghanbarr,mkhammer,2
mekarjohnson,people,1
meli_sandovalTV,Telemundo20,1
melihgogebakan,DonaldJTrumpJr,1
melihgogebakan,IvankaTrump,1
melihgogebakan,ntv,1
melindasvegas,ResortsWorldLV,1
melindasvegas,Travisscott,1
melindasvegas,ZoukGroupLV,1
melindasvegas,billboard,1
melindm2,ldboehm0,2
mell_missy,pinky68abc,2
melonhead022,alexander_wax,2
melonhead022,clevelanddotcom,1
melonhead022,godnavec,1
melora72,FoxNews,2
menshevik,SevenSeasJaguar,1
menshevik,lionel_trolling,1
menshevik,menshevik,1
menshevik,snackvampire,1
mentallyDstrbd,CGasparino,1
mercernd,Calmenergie,1
mercernd,GaDawgforTrump,1
mercernd,Ironsky22,2
mercernd,KimStrassel,2
mercernd,LoveToHikeUT,2
mercernd,RepGosar,1
mercernd,Spraytanmurray,2
mercernd,WSJ,2
mercernd,applejaxsou812,1
mercernd,bikivindaloo,1
mercernd,jenforall,1
mercernd,kdorenbach,4
mercernd,kilmeade,2
metalrulestv,eBay,2
metsgiants86,FoxNews,1
metsgiants86,SpiroAgnewGhost,1
metsgiants86,TheDemCoalition,1
metsgiants86,ryannicholos,2
mgnshlyjns,RoyalCaribbean,1
mgnshlyjns,TravelLeisure,1
mhmg_kj,JoeBucsFan,3
miahzlt,PDXFire,1
miamichef2019,WAVY_News,2
micbarrio,vermontgmg,1
michael21470944,GOPLeader,2
michael_k_woods,StolteNick,1
michaelalake,USDS,1
michaelalake,corizarek,1
michaelcoyote,ReaganFunFact,1
michaeldomps,confusion_reign,2
michaeldomps,drunkengrass,1
michaelgold,dannygreene,1
michaelkasdan,GitKnocked,1
michaelkasdan,Helloimmorgan,2
michaelkasdan,JRad_Maker,1
michaelkasdan,TiffanyAndCo,1
michaelkasdan,cryptopunksnfts,1
michaelkasdan,michaelkasdan,1
michaelkasdan,sabet,1
michaelwconrad,ValiantComics,1
michaelzrobin,michaelzrobin,1
michealcpreble,GroveToken,1
michealcpreble,RonnyJacksonTX,2
michealcpreble,safemoon,1
michealcpreble,stoolpresidente,2
michele_pickens,TeaPainUSA,2
micheshell52,1980Dorothy,2
micjohnson,KCStar,1
micjohnson,davenewworld_2,1
micjohnson,gzeromedia,1
micjohnson,ianbremmer,2
micjohnson,jeremynewberger,1
mickeyd1488,EJ_Riv,2
mickie_enkoji,GavinNewsom,1
mickie_enkoji,HectorJAmezcua,2
mickie_enkoji,SacCountyCA,1
mickie_enkoji,sacbee_news,1
microKodi,Eyalo365,1
microKodi,K4Climate,2
microKodi,hausfath,1
microKodi,loganemitchell,1
mideberry,bhdonkey1,2
midgetcricket2,kylegriffin1,2
midianschild,RBReich,1
midianschild,mattleichenger,2
midianschild,neilhimself,2
midianschild,seanhannity,2
midwestsweetie,CDeplorable,1
midwestsweetie,DocJon01,1
midwestsweetie,marksjohnny,2
midwestsweetie,thehill,1
midwestsweetie,willyc80745168,2
mightymercer44,DavidJollyFL,2
mightymercer44,aSpectrumBadass,2
mignonpage,VICENews,1
miguelaparicio7,CBSMornings,2
miguelnotes,JimNaught,2
miguelnyc20,Annakhait,1
mikagadsden,Twitch,1
mike14780,balif_bar,1
mike14780,politicalnotes,1
mike_moroski,CincinnatiZoo,1
mike_moroski,HSCofHamCo,1
mike_recinto,2023ballersonly,1
mike_recinto,BlairAcademy_NJ,1
mike_recinto,GRoz10,1
mike_recinto,GW_WBB,1
mike_recinto,Ohio_Basketball,1
mike_recinto,RecintoGabby,1
mike_recinto,RevFranklinBigM,2
mike_recinto,ToddHartman31,1
mike_recinto,jaylinhartman2,1
mike_recinto,jerrydelpriore,2
mike_recinto,klhoops,1
mike_recinto,philly_rise,1
mike_whit,DonOrsillo,1
mike_whit,MikeBalsamo1,1
mike_whit,Mudcat55,1
mike_whit,big_will51,2
mikeavila,DaytimeDan,2
mikebinaz,KTAR923,2
mikecher,IngrahamAngle,1
mikecher,JudicialWatch,1
mikecher,LindseyGrahamSC,1
mikecherepko,paulkrugman,2
mikecs,Acyn,1
mikedeezydoesit,Polkcahontas,2
mikedeezydoesit,TexasGOP,1
mikedeezydoesit,aguirre_eric,1
mikee12579,BlueJayGal,1
mikee12579,Darth_Stout,1
mikee12579,Rob_in_indie,2
mikee12579,bgardnerfanclub,1
mikee12579,fan_cornell,1
mikee12579,williamzabka40,2
mikeenr,46Sports,1
mikemaniscalco,Canes,1
mikemullin4VA,DaveJenkins4NN,1
mikeob59,TexasFootball,1
mikeob59,ULM_FB,1
mikepusateri,CubsSkipper,1
mikeram0402,ChrisJansing,1
mikerezradio,kare11,1
mikerezradio,mnstatefair,1
mikerussellatl,CCMFTWTOP,1
mikerussellatl,DanRather,5
mikerussellatl,DrShayPhD,2
mikerussellatl,FiguringFreddie,2
mikerussellatl,GeorgiaLogCabin,1
mikerussellatl,cigs_and_wigs,2
mikerussellatl,odonnell_r,2
mikescafati,MeadowbrookMA,1
mikeslemonade,Im_Right_Ya_Kno,1
mikeslemonade,OccupyDemocrats,1
mikeslemonade,TJames1004,2
mikewheless,petef08,1
mikewichter,coug88,2
mikewichter,left398,1
mikezoller,mattgaetz,1
mikezoller,newsmax,1
mikiturner,FAMU_1887,1
mikiturner,_HamptonU,1
mikiturner,u_texas,1
mikkdepriest,SpelmanCollege,1
mikkdepriest,VanityFair,1
milestomemories,OneMileataTime,2
millbot,millbot,1
mimapr,FoxNews,1
minda33,Ring_Sheryl,2
mindflowhypnosi,hypnotistscott,1
mindymwalker,RauschTr,1
mindypoowho,FCN2go,1
mindypoowho,sarahbholcomb,1
ministerdpalmer,ballard_11,1
miracleguppy,ConsuladoUSATJ,1
miracleguppy,DemocratWit,1
miracleguppy,GailWaldby,2
miracleguppy,washingtonpost,1
mirandamuseum,BidensWork,1
mirandamuseum,janeygirloregon,2
mirandamuseum,nytimes,1
miratim,LiamWBZ,1
mirken05,IngrahamAngle,1
mirken05,Jim_Jordan,2
mirmiran17,4FreedominIran,1
mirmiran17,Ein_news,4
mirmiran17,IACNT,2
mirmiran17,IAC_SC,2
mirmiran17,OrgIAC,5
mirmiran17,iacogeorgia,2
mishabendavid,RepMTG,1
mishabendavid,nathaliejacoby1,1
mishra_baibhav,SujeetKOfficial,1
missahart,washingtonpost,1
missessmalcolm,LeVyanBelle,4
missessmalcolm,PurpleRain_1911,2
missessmalcolm,bdharris51,2
missingNamerica,Black_Missing,2
missingNamerica,MissingNArizona,1
missosu89,jessgarvin85,2
misspett,APE_PTA_Sailors,1
misspett,APE_Sailors,1
misspett,FortBendISD,1
misspett,sharon_says_so,1
missyrunyon,SenJeffMerkley,2
mitchk90,NotTADayEither,2
mitchk90,robreiner,1
mithoomortuza1,ABC7NY,2
mithoomortuza1,ATF_Newark,1
mithoomortuza1,IRSnews,1
mithoomortuza1,NJIT,1
mithoomortuza1,NJSP,2
mithoomortuza1,NJTransitPolice,1
mithoomortuza1,SoniaRincon,1
mithoomortuza1,Surgeon_General,1
mithoomortuza1,UN,1
mithoomortuza1,UNWomenWatch,1
mithoomortuza1,VP,1
mithoomortuza1,bd_police,1
mithoomortuza1,lbanypd,1
mithoomortuza1,mithoomortuza1,3
mithoomortuza1,unwomenchief,1
mividovich,FederalNewsNet,1
mizzoujay,TMackKC,2
mj_mpls,hankgreen,1
mjhranger,heroingoldveinz,1
mjrkix,cooperlund,1
mjro1105,Joeyfercanti,1
mjro1105,MarkMaddenX,1
mjro1105,MikeDPersak,2
mjro1105,TimBenzPGH,2
mjro1105,TribLIVE,1
mjro1105,TribSports,1
mjro1105,gerch737,2
mjsmcd,Gannett,1
mjsmcd,OneHeraldGuild,2
mjsmcd,jkbjournalist,1
mjspader,Not_Hypurbaly,1
mjspader,atrupar,1
mjspader,mjspader,1
mkrull1,itsJeffTiedrich,1
mkrull1,worldlyrussells,2
mksarkar100,PTI_News,2
mlimongarza,KidFury,2
mlle_sheffy,ElsikHighSchool,1
mlle_sheffy,UHCOE,1
mlugassy,OldElvis,2
mlugassy,jamiecullum,1
mm_kaufman,celtadri,2
mmahesh1,IOMP_Official,1
mmahesh1,Psbasran,2
mmahesh1,aapmHQ,1
mmallkc,BarbaraKJanik,1
mmallkc,TristanSnell,1
mmallkc,crss1969,1
mmallkc,mmallkc,1
mmallkc,platoon1069,1
mmfm_patty,BBCBreaking,2
mmmh9591,FactsMa52121564,2
mmmh9591,FoxNews,1
mnazaninm,OccupyDemocrats,2
mngop,GovTimWalz,1
mnlakegal,PB_News,1
mnlakegal,jahlquistPHOTO,2
mo2dmax,MacFarlaneNews,1
mo2dmax,ScarabinoTony,2
mo2dmax,googlenews,1
mo2dmax,gtconway3d,2
mo2dmax,thedailybeast,1
mocarski_p,JonBatiste,1
mocarski_p,colbertlateshow,1
mocarski_p,realLouisCato,1
moday81,ShermansShow,1
modemjunkie,thedailybeast,1
modemjunkie,willsommer,1
moemoe8120,fawfulfan,1
moeransome,Browns,1
mohaalf1,WilliamsRuto,1
mojam29,TrendingLiberal,2
mokersel,cwilliamg,2
moknows5150,FoxNews,1
moknows5150,YouTube,2
mollygmartin,nickhasthoughts,2
mom23g1b,callmejakeaight,2
mom2max96_lisa,mmpadellan,2
mom2tx,JesseWFAA,1
mom2vanessa,MeganRupeTV,1
momimbored,JoeBiden,1
momimbored,KamalaHarris,1
momimbored,MSNBC,1
momimbored,TurnerJanelle,2
momimbored,david_darmofal,1
monahan_gary,Jaguars,1
moneyfirstralph,FearTWD,1
moneymichael719,moneymichael719,1
moniquemcrochet,AlumniNicholls,1
moniquemcrochet,FletcherWDSU,1
monteromiguel,ADiamantop,1
monteromiguel,Badrivv,1
monteromiguel,CLIFightersBot,1
monteromiguel,DonGarbettMD,1
monteromiguel,DrKKatsanos,1
monteromiguel,EndovascularU,1
monteromiguel,EricSecemskyMD,1
monteromiguel,FadiSaab17,1
monteromiguel,HadyLichaaMD,1
monteromiguel,K_Stavroulakis,1
monteromiguel,RouleauxClub,1
monteromiguel,Vascupedia_com,1
monteromiguel,VenuVadlamudiMD,1
monteromiguel,YsaAugust,1
monteromiguel,_backtable,1
monteromiguel,a_saratzis,1
monteromiguel,drcostantino1,2
monteromiguel,drochohan,1
monteromiguel,farkomd,1
monteromiguel,kmadass,1
monteromiguel,paulmoxey,1
monteromiguel,t_intheleadcoat,1
monteromiguel,vascularIR,1
morenitodee,Acyn,2
morganjttalley,Acyn,1
morganjttalley,BrianEskow,1
morganjttalley,DrJ_3Club,2
morganjttalley,Jillie_Alexis,1
morganjttalley,LeaderMcConnell,1
morganjttalley,morganjttalley,1
mori_j_t,RepMTG,2
mormonlora05,News_Dr252,2
morrithompson,effinalavina,1
morrithompson,kayleighmcenany,1
morrithompson,perki66,2
morupside,ClaytonMorris,1
morupside,natalimorris,1
mouse821,RdSxLvr01,2
mouse821,groovewidit2,2
mouse821,lookatthelogo,8
mouse821,lunacat1_m,2
mouse821,mclucky23,2
mouse821,obeyjess925,4
movie_gal_10,ALCinnamonGirl,2
movie_gal_10,CrisRefuse,1
movie_gal_10,GeorgiosMasman2,1
movie_gal_10,KaylaChowShow,1
movie_gal_10,Kaylan_TX,2
movie_gal_10,KevinMKnapp1,1
movie_gal_10,Regan0002112,5
movie_gal_10,Six_Texas,2
movie_gal_10,Tomikazi66,1
movie_gal_10,TxsleuthUSA,2
movie_gal_10,chrisdrunkpoets,1
movie_gal_10,dawizzurd,1
movie_gal_10,derkacz_mark,1
movie_gal_10,featherhigh,1
movie_gal_10,jamient1776,2
movie_gal_10,jp_siira,1
movie_gal_10,moto0707irs,1
movie_gal_10,mrnic1319,1
movie_gal_10,ninigirl84,2
movie_gal_10,omar_syrinx2112,1
movie_gal_10,pfizer,1
movie_gal_10,pfizer_news,1
movie_gal_10,socialpcj,1
movie_gal_10,vivien2112,2
movieposterguy,Dichenlachman,1
movieposterguy,ElvaTrill,1
movieposterguy,KrisPolaha,1
movieposterguy,ScottHaze,1
movieposterguy,colintrevorrow,2
movieposterguy,terecendon,1
mparedestv,KTSMtv,1
mparedestv,mparedestv,1
mperry1962,disclosetv,2
mr_bcuzimtan,SoSofieFatale,2
mramsey71,PhilaFlynnie,2
mramsey71,ShamaineDaniels,1
mrbarnard1,DashDobrofsky,3
mrbarnard1,TheWrap,1
mrbarnard1,Ziggy_Daddy,2
mrbarnard1,caslernoel,2
mrbarnard1,rupertmurdoch,6
mrbarnard1,theage,1
mrdubbsie,FDSportsbook,1
mredstez,JimSheldon2,1
mredstez,UncleRonSr,1
mredstez,hornetboy84,2
mredstez,unhippyman,1
mreinvest,Quangvy67,2
mreinvest,WallStreetSilv,1
mrejr8234,Hef0,2
mrkfilips,DREADNOK,2
mrmegachunk,JaeNite,2
mrmegachunk,Nag_News,1
mrmikelerro,AmmarMousa82,1
mrmikelerro,Wolverine_2241,1
mrmikelerro,cb_doge,1
mrmikelerro,elonmusk,3
mrmikelerro,itsmethebadguy,4
mrmikelerro,lHexicanl,2
mrplummer34,mikepompeo,1
mrscrazycatman,JTeenmining,1
mrscrazycatman,brosandprose,1
mrscrazycatman,mskatestafford,2
mrsdeidreb,enews,1
mrsdfata,coybarker,2
mrsfinch2016,ISBL_news,1
mrsfinch2016,jamespaveley,2
mrsmcbain,julsmegill,2
mrubinoff,sarahgstanley,2
ms_dansby,MHHC_Inc,1
msand37,ECohen_UMN,2
msand37,UMNCancer,1
msconniegrace,patagonia,1
msj41817,Les_Johns,1
mskazlynn,CaSwaff,2
mskazlynn,LaBoomer68,1
mskazlynn,RepMTG,3
mskazlynn,jblais12345,1
msmeechele,GMA,1
msroeromano,RaeMargaret61,2
msroeromano,TonyHussein4,2
msroeromano,electroboyusa,1
mssnyvoice,Sankei_news,1
mssnyvoice,mssnyvoice,1
mtmcelvy,MSNBC,1
mtouceda,DrGeorgeMcKenna,1
mtouceda,FrancesBaez10,1
mtouceda,ITI_LAUSD,1
mtouceda,LASchools,1
mtouceda,LAUSDSup,1
mtouceda,MLKJrLAUSD,1
mtouceda,lausd_ldc,1
mtouceda,rafaellbaldera1,1
mtsand3,DeadheadPdx2,1
mtsand3,GaryRumer,2
mtsand3,RepSwalwell,1
mtsand3,kilmeade,1
murmiles,murmiles,1
murphmedia_,CBSSportsMLB,1
murphwv,joncoopertweets,2
murrietamaids,DeboraG52919794,2
murrietamaids,FBI,1
murrietamaids,HammelKimberly,2
murrietamaids,KariLake,1
murrietamaids,StacyHannah214,1
murrietamaids,TheLeoTerrell,1
musescry,Loretta18960615,1
musescry,emptywheel,1
musescry,luciusb_,1
musescry,musescry,1
musescry,russianhackscry,1
musicmel,RepSwalwell,1
muzzeltov,serenawilliams,1
muzzeltov,spicegirls,1
mviefrk_108,ArtemaSeeker,2
mvoss43,GeraldoRivera,2
mvoss43,UnfilteredOnFox,1
mvoss43,seanhannity,2
mwagner8,FrictionBeer,1
mwbergeron,MNAuroraFC,1
mwfsu,DickieV,2
mwgarbett,ClaireSuellen,1
mwgarbett,staubio,2
mwgarbett,unRonic,1
myCTnews,claycountymo,1
myCTnews,myCTAmanda1,2
mydogisadem,colleengrott,1
myfrenchunicorn,Hobo_Splendido,2
myfrenchunicorn,MayorOfAsstown,1
mylesgrote,PelotonHodler,2
myrnamelgar,DavidChiu,1
myrnamelgar,LondonBreed,1
mysecondresist,InvestigatorCps,1
mysecondresist,LiamLong85,2
mysecondresist,TrendingLiberal,2
mythocurrency,DollyParton,1
mythocurrency,Dollywood,1
mythocurrency,EurekaMO,1
mythocurrency,SixFlags,1
mz_pixi,elizlipp,2
mzoshWVVA,WVVA,1
n7gj,OccupyDemocrats,4
nadaelmikashfi,Redistrict,1
nadaelmikashfi,pfaff4congress,2
nailphys,WAVY_News,2
nakolo61,DanvilleSR_News,1
nakolo61,realwifiwillie,2
nakolo61,remundosuave,2
nan,ChrisReimer,2
nancyruthyoung,FBI,1
nancyruthyoung,McConnellPress,2
naptownlawyer,MyNewSowell,2
naptownlawyer,NBCNews,1
naptownlawyer,RBReich,2
nardwien,MasonMornings,1
nardwien,juliemason,1
nardwien,lachlan,1
naromd410,TheEnemiesPE3,2
nashobaAD,BernardianAthl1,1
nastosa_net,Blakenburg8,2
nastosa_net,Cursor_____,1
nastosa_net,IntelCrab,1
nat_m_anderson,MissyElliott,1
natalie_bierman,AlexandriaV2005,1
natalie_bierman,JamesSc90499214,2
natalie_bierman,JoJoFromJerz,1
natalie_bierman,angermeier_w,1
natalie_bierman,edxxi,2
natedarling,every_daydad,2
natehowe,sunday_southern,2
nathan_albert,LaylaFerris,2
nathan_wavy,WAVY_News,1
natsnd,AlabamaFTBL,1
natsnd,CBS_42,1
natsnd,ChrisBreece,1
natsnd,DeeJacksonCBS42,1
natsnd,_TaylorKauffman,1
nattiesantiago,AccessBadBunny,1
nattiesantiago,BadMundialito,1
nattiesantiago,badbunny_news,1
nattiesantiago,badbunnyfiles,1
nattiesantiago,badbunnyinfope,1
nattiesantiago,badbunnynetwork,1
nattiesantiago,nattiesantiago,1
nattiesantiago,tourbadbunny,1
navy80to04,JQL1962,2
navy80to04,JimmyP_FJB,2
navy80to04,Twitter,1
navy80to04,elonmusk,1
naysa_woomer84,CityOfBoston,1
nbhsmensbball,MontreatCavs,1
nbhsmensbball,i_am_A22B,1
nccWI20,enews,1
ncognateaux,vincestaples,1
ncousyn,BlackRock_News,1
ncousyn,PrestonPysh,1
ncousyn,TimmerFidelity,2
ncsweetest,PatrioticPizzas,2
ndrewmarin,FoxNews,1
neal13,reneeygraham,1
nealberg96,CincyNomad,1
ned_bade,SIfill_,2
needle_nathan,FoxNews,2
neil_tapia3,24talk,2
neil_tapia3,TheBlueWave205,2
neil_tapia3,gerryflood8,2
neil_tapia3,hoppyschools,2
neil_tapia3,janetswanborn,2
neil_tapia3,maddow,2
neil_tapia3,mstexaslonghorn,1
neil_tapia3,raybert761,1
nelroy78,Queen_City_News,1
nelson_rosen,wigwam,2
nelsonb41679999,nelsonb41679999,1
nepalidds,OnlinePalEng,2
nepalidds,bethavemiller,1
nepalidds,rabetbypipd,2
nestoPROD,WalshFreedom,1
networkefx21,BTCsessions,1
networkefx21,BitcoinMagazine,1
networkefx21,CafeBitcoin_,1
networkefx21,CedYoungelman,1
networkefx21,ComicDaveSmith,1
networkefx21,HardMoneyShow,1
networkefx21,LAN_FUAMI,1
networkefx21,LibertyLockPod,1
networkefx21,LionsofLiberty,1
networkefx21,MarcDClair,1
networkefx21,SamaKatharo,1
networkefx21,SimplyBitcoinTV,1
networkefx21,SwanBitcoin,1
networkefx21,TFTC21,1
networkefx21,ThomasEWoods,1
networkefx21,WestonAPrice,1
networkefx21,WhatisMoneyShow,1
networkefx21,barnes_law,1
networkefx21,citadeldispatch,1
networkefx21,johnkvallis,1
networkefx21,networkefx21,1
networkefx21,progressivebtcr,1
networkefx21,stephanlivera,1
news4buffalo,JordanNorkus,2
news4buffalo,news4buffalo,4
news4myears,FindBrunoMom,2
newshawk,Sulliview,1
newspartakid,shawnngee,2
nexenrod,FoxNews,1
nextfavband,Musikfest,1
nextfavband,nextfavband,1
nextfavband,whitehallchs,2
nftvdao,tropoFarmer,1
nhkaren3,DailyCaller,1
nhkaren3,Drew_E_Hill,1
nhkaren3,Maggie_Hassan,1
nhkaren3,SenatorHassan,1
nhkaren3,TweetLDToo,2
nhkaren3,wisniewskidan99,2
niccanning,RINewsToday,2
niccanning,betterstreetsai,1
nicholas_pineda,katanasIice,2
nick_j_vega,tedcruz,2
nick_radford,NPR,1
nick_vlogger,joncoopertweets,2
nickamato32,TheBrattPack63,2
nickcpicks,realkellye,2
nickforbrains,MarshaBlackburn,2
nickimayonews,CapitalBNews,1
nickimayonews,ChrisCarrega,1
nickkemp12,MollyAMcGrath,2
nickleegale,LindseyGrahamSC,1
nickluttie,CitrusTVSports,1
nickluttie,CuseWBB,1
nickmula_,AuxGod_,1
nicktylwalk,yanxchick,2
nickwest14,Browns,1
nickwest14,JosinaAnderson,1
nicky_b35,GenovesesDeli,2
nicky_b35,SInow,1
nicky_b35,ShukriWrights,2
nickzbutcher,Real_Bernel,2
nickzbutcher,Suzoo305,1
nickzbutcher,it_distraction,1
nicocasanova_s,josasc,2
nicoledestefano,kelseymb7590,2
nicschiegg,chrismeagher46,1
nictrieslife,PBOTinfo,1
nigelhorne,BBCTheArchers,1
nikamavrody,nikamavrody,1
nikamavrody,people,1
nikkiolearyxo,AJHilton_News,2
nikkiolearyxo,WCCO,1
nikkirosety,SimuLiu,1
nikkiwatitdo,pattyymayy,2
nikosleverenz,Freecatholic808,2
nissiareed,nissiareed,1
njdemswomen,VP,1
njfrese,EmpathyIsBrave,1
nlefevre,DonaldJTrumpJr,2
nlkolikof,johnszim,2
nlkolikof,jonsaidstuff,2
nlkolikof,mhdksafa,2
nmaestas,1011_News,1
nmaestas,BrettSBaker,1
nmaestas,huskerchamps1,2
nmg6cgw2vv,nmg6cgw2vv,2
nmg6cgw2vv,troythedesigner,1
nmjohnson89,CrimeWatchMpls,2
nmjohnson89,GovTimWalz,2
nmjohnson89,HocusPotusO,2
nmjohnson89,TheoKeith,2
nmjohnson89,myfavoriterobot,3
nnadal2013,ConversationUS,1
nncgibson,thekccurrent,1
nnnemrac,WORLDSTAR,1
nononyathizw,ETWatch,1
nooneleft88,Shaiday_,2
nopartyforme,LisaMarieBoothe,2
norriscl01,GeorgePapa19,1
norriscl01,Jujon77Jones,2
norriscl01,Khaja_1,1
northwestglock,BetterWorld899,2
northwestglock,FoxVegas,2
northwestglock,dbongino,1
notCrzyNAlabama,Atticus59914029,2
notCrzyNAlabama,Jacoblt5,2
notCrzyNAlabama,NEWS_MAKER,2
notCrzyNAlabama,garykel71397677,2
notCrzyNAlabama,politvidchannel,1
notary_trusty,CNN,1
notech4u,Everyone,1
notech4u,googlenews,1
notnicogv,PopCrave,2
notserpnotleh,greg_price11,2
nottherealdavey,JohnWesleyShipp,2
nottherealdavey,kilmeade,1
nour3768,mali_news_arabi,2
nrogers_news,nrogers_news,1
nrsantilli,RonFilipkowski,2
ntshfree,TMZ,2
nuckles87,MAnimingo,2
nuckles87,sonicstadium,1
nullagravitatis,SimpLyMahaLia,2
nuttbunnie,DaleJr,2
nw3,DividendGrowth,1
nw3,FreeMarketLunch,2
nw3,JWV1987,2
nw3,handbasketnotes,1
nyc_nancy,thedailybeast,2
nyman12,katiecouric,2
nyrangers12,BartAndHahn,1
nyrangers12,BartScott57,1
nyrangers12,alanhahn,1
nyrangers12,shaepeppler,2
nyvinnie,SFGiants,1
o_wile,WJCLNews,1
o_wile,melissahallwx,1
oacaac05,ksorbs,1
oacaac05,pawpawchief,2
oacaac05,smc429,1
obc2k22,80HD_Theatre,1
obc2k22,EmilyCWaldon,1
obc2k22,OhNoCoop,1
oceanview55555,WAVY_News,2
ochodatheaux,ninaturner,1
odandydoo,Emmybee_CA,2
ofc_braiones,ammy_crystal02,2
off1234,RepYvetteClarke,2
off1234,UROCKlive1,1
officialwilburj,WestworldHBO,1
officialwilburj,lisajoynolan,1
ogSuavo,NOLLSSS,2
ogbonnayaakpara,AB84,2
ogbonnayaakpara,Realrclark25,1
ogbonnayaakpara,ogbonnayaakpara,2
ohlaboday,KatyTurNBC,1
ohlaboday,KyrieIrving,1
ohlaboday,brashstrike,1
ohlaboday,kilmeade,1
ohlaboday,rickoverholt,2
ohlaboday,seanhannity,1
ohlaboday,sfsportsfan01,1
oidsmom,thor_benson,2
ok_licia_,WiZWhit87,2
okcguy36,Apple,1
okinfortworth,BrandonDrumm247,1
okinfortworth,KREFsports,1
okinfortworth,ParkerThune,1
okinfortworth,Tyler_McComas,1
okonkwomorgan,Ange_Amene,2
oktakemypic,angelayee,1
olde_codger,GinnyMcDonald8,2
olde_codger,OopsieWhimsy,2
oldmaeham,oldmaeham,1
oldphaithful,KimKardashian,1
ole_cv,KCStar,12
ole_cv,ShayLyriq,2
ole_cv,jeffdoug2,2
oliveunncut,carolinepennock,1
oliviakrauth,daniel86522206,1
olstumpbrewery,alyshadelvalle,1
oltmannd,kairyssdal,2
olugben20346333,Qdpaper2,1
olugben20346333,SureGT,2
omeragoldberg,AradChen,1
omeragoldberg,BenqiFinance,1
omeragoldberg,DeFi_Conference,1
omeragoldberg,Solidus_Labs,1
omeragoldberg,benqinomics,1
oneunitedxvii,mikesteiner21,1
onevisionary,SecretaryPete,1
onevisionary,USDOT,1
onsemi,electronics_med,2
onthetee,WolfrhamH,2
onthetee,feedmedrinkme,1
oozannesay,YesYesBooks,1
opivali,NickAdamsinUSA,1
opivali,POTUS,1
opivali,opivali,1
opus17,NoLieWithBTC,2
opus17,shannonkatt,1
oracletim1,CJ_NFA,2
oracletim1,SawyerMerritt,1
oracletim1,elonmusk,1
oracletim1,garyblack00,1
oralcarter376,TomFitton,2
orlandoribbons,Apple,1
oscarjr,oscarjr,1
oscarlestrada,jkbjournalist,1
ostertag_elaine,SFGiants,2
otis_was_here,IngrahamAngle,1
ottocarl,DashDobrofsky,2
ourWEHO,WHDLASD,1
ourWEHO,ourWEHO,1
ovareeese,espn,1
overturnH8,JosephNSanberg,2
overturnH8,POTUS,2
overturnH8,WhiteHouse,1
overturnH8,Will_Bunch,1
owenscan,TristanRuppert,2
owusukid,NewRockstars,1
owwllibrarysys,Macedon_Library,1
p1vs_v1tra,FckoffIdontknow,2
p1vs_v1tra,KFCBarstool,1
p1vs_v1tra,KFCradio,1
p1vs_v1tra,amp752,1
p1vs_v1tra,barstoolsports,1
p1vs_v1tra,democracynow,1
p1vs_v1tra,nching0,1
p1vs_v1tra,prime_bee,1
p1vs_v1tra,rosiegirl1957,2
p1vs_v1tra,ryscan86,1
p2son,HillaryClinton,2
p_ghildial,AatishTaseer,2
pab40291,Dorathy_K,2
pab40291,Jpg_2222,4
pab40291,RepMaryMiller,2
pab40291,SewerVoice,2
pab40291,justregular1118,2
pacoccino,ChrisTromblyVT,2
pacoccino,bfp_news,1
paleycenter,NYCMayor,2
pamarrington7,HoldBrandon,2
pamarrington7,tedcruz,1
pamela28561,JulianCastro,2
pamela_dahl,MayoIsSpicyy,2
pamela_dahl,Tochinoshin33,2
pamela_gethard,drsimonegold,1
pamela_hoback,POTUS,2
pamelaloving,popchillin,2
pamkanarr,Janet924ZD,2
pamkanarr,MajorFactor2,2
pamkanarr,RepMTG,1
pamkanarr,jsolomonReports,1
pamkaye4,Faceles5Ghoul,2
pammypoo123,theblaze,2
panales2011,BranchKidapawan,2
pantherrob1,agentlinton,1
pantherrob1,exavierpope,1
pantherrob1,h98_jay,2
paparay49,BigEers,2
paparay49,nathaliejacoby1,1
paquitocaserio,LynnHastings,1
paquitocaserio,TWennesland,2
paquitocaserio,UNDPPA,1
paquitocaserio,UNNewsArabic,1
paquitocaserio,UNSCO_MEPP,1
paquitocaserio,UN_News_Centre,1
paquitocaserio,UN_Spokesperson,1
paquitocaserio,UNinPalestine,1
pascha_scott,EarthHeroOrg,1
pascha_scott,RepJayapal,2
paschall_g,OccupyDemocrats,1
paschall_g,mscanny51,1
pasha124k,ReverendWarnock,2
pashtoo76807527,BBCBreaking,1
pashtoo76807527,stunnedpluto,2
pastelon15,HowellLinwood,2
pastelon15,MiamiHerald,1
pastelon15,TheVerdadnow,1
pastoYesido42,kimguilfoyle,2
pastoYesido42,pastoYesido42,1
pastor_tyler4,JeffPassan,1
pastor_tyler4,MLB,1
pastorichz,BillKristol,1
pastorichz,RozzaKat13,2
pastorichz,ViewsPlusNews,1
pastorkj,charisma_news,1
pastrepair,mikeb26and352,2
patrici66680714,CalltoActivism,1
patrici66680714,MK719x3,2
patrici66680714,MaineMan2020,1
patrici66680714,TPaineWeNeedYou,1
patrick_mayhorn,chaseabrown__,1
patrickallton,AdamKreutinger,1
patrickallton,TizzyEnt,2
patrickarmijo,WCCO,1
patrickb493,OccupyDemocrats,2
patrickb493,Renee_Murray1,1
patrickb493,mrbromwich,2
patrickferrando,MarkHToo,1
patrickjfelts,Domercast,1
patrickjfelts,Ross_Bolin,1
patrickjfelts,emkamikow,2
patsully35,Banned_Bill,1
patsully35,newsbusters,2
patsyrass,BrittLCee,2
patsyrass,CNN,1
patsyrass,LaurieWorby,1
patsyrass,nathaliejacoby1,2
patsyrass,vote4robgill,2
patti_oreillyca,AndreaR9Md,2
patti_oreillyca,Julius_Kim,2
patti_oreillyca,ReneeAlida,2
patti_oreillyca,RonDufresne,2
patti_oreillyca,petestrzok,1
pattiaw34,Kerr_Kurr,1
pattiaw34,izack73347462,1
pattiaw34,kilmeade,1
pattyjeffre1,MichelleDelNigr,1
pattyjeffre1,SistersInBiz,2
pattyjeffre1,dennis_tabella,1
pattyjeffre1,ripetnetwork,1
paul152,BringethIt,4
paul152,StephenMoore,2
paul152,TimRunsHisMouth,5
paul152,VassilionLinda,2
paul152,WatchChad,2
paul152,newtgingrich,2
paul152,wutsa_g3mm4,2
paul_nasr1,umichhockey,1
paulbodine,UnitedNevada,2
paulbrowntx,Steadfast_Women,2
pauliegggg,NYMCU_News,1
paulkhammond,DesmondMakazi,1
paulkhammond,LeeBraganza,2
paulkhammond,Lordfutucks10,2
paulswagup775,solomonster,2
pberk,SenatorTimScott,2
pchasesears,AdamGreenway,1
pdolby,chewstruth,2
pdx_redcoat,Mike_Hixenbaugh,1
pe62050408,Biglyness,2
pe62050408,KariLake,2
pe62050408,MissesDread,2
pe62050408,TradReform,2
pe62050408,rkdoctr,1
peaceinlebanon,LBCI_NEWS,3
peaceinlebanon,samygemayel,2
peacemonger420,KRCR7,2
peaceofinsanity,Dodger_Jess83,2
pearl_deguzman,ANCALERTS,1
pedrogamero,EmmaRincon,2
pedrogamero,NoahBookbinder,1
pedrogamero,OrlvndoA,1
peminumk8pi,theMadridZone,1
perrigoat,AveryBa68752542,1
perrigoat,CHawksRun,1
perrigoat,Dick_Pics_Time,1
perrigoat,DonnaJo1002,1
perrigoat,DuhartKimberlie,1
perrigoat,GlennVotesBlue,1
perrigoat,Impeach66051636,1
perrigoat,Itridpm,1
perrigoat,Jeeneree,1
perrigoat,JenM5157,1
perrigoat,JonMesser7,1
perrigoat,LeaderMcConnell,1
perrigoat,Meiguo_nan,1
perrigoat,Mooncatadams,1
perrigoat,NoreneD39766667,1
perrigoat,PattiKimble,1
perrigoat,PunishmentHurts,1
perrigoat,RestlessNews,1
perrigoat,Robyn_CherCrew,1
perrigoat,SaulTgh,1
perrigoat,ShercoSherrill,1
perrigoat,Swags_D17,1
perrigoat,TXhoneydew,1
perrigoat,TheAwkwardLefty,1
perrigoat,TrishBeMe,1
perrigoat,USANMAC1,1
perrigoat,Valkyrry,1
perrigoat,agavecorn,1
perrigoat,boris3324,1
perrigoat,brete1,1
perrigoat,christraynor,1
perrigoat,debbie_american,1
perrigoat,dorismelmore1,1
perrigoat,elisabeth_pal,1
perrigoat,fab4screamie,2
perrigoat,gregdemarco1964,1
perrigoat,grupp_arthur,1
perrigoat,judeaa,1
perrigoat,kasseykrammer,1
perrigoat,kim_f86,1
perrigoat,ljosmyndari1,1
perrigoat,lotus12282633,1
perrigoat,markie_kmarky8,1
perrigoat,nadiepetah,1
perrigoat,neliswa_neli83s,1
perrigoat,network_gal,1
perrigoat,ritehsemom,1
perrigoat,rlongman1,1
perrigoat,wildwillow65,1
perrigoat,yazzyqz,1
perrylanetexas,BretBaier,1
perrys_place_la,bestfriends,2
peta_richkus,JillWineBanks,2
peta_richkus,marceelias,1
pete__hoffman,EPWGOP,1
pete__hoffman,SenCapito,1
peterdukephoto,WayneDupreeShow,1
peterocc,BarackObama,1
petersonsdesign,Ford1950Ford,1
petersonsdesign,Lmouse1980,2
petersonsdesign,NEWS_MAKER,1
petersonsdesign,denslynne,1
peterwjchoi,SpokanePD,1
peterwjchoi,kxly4news,1
petrasangels001,spotifypodcasts,2
pew1375,ellsmxy,2
pfarrellUSRT,staylor111,1
pfarrellUSRT,theharpoonman,2
pfarrellUSRT,twoeightnine,2
pgfry,PastorDScott,1
pgfry,Sarge1208,1
phaeton4kast,AnnWyattLittle,2
phaeton4kast,JasonHarperTV,3
phaeton4kast,JulianSadurTV,2
phaeton4kast,Queen_City_News,2
phaeton4kast,phaeton4kast,1
phdgprotein86,AAN_Nursing,2
phdgprotein86,ASNKidney,1
phdgprotein86,Dr_Paulevj,1
phdgprotein86,Mohamma91591696,1
phdgprotein86,NIAAAnews,1
phdgprotein86,NIH,1
phdgprotein86,NINR,1
phdgprotein86,annetkiraboc1,2
phdgprotein86,theNAMedicine,1
philgoldstein,cat_auras,1
phillipaitch999,coachblharris,1
phillipaitch999,skipward73,2
phillipm61,Battlenor,1
phillipm61,LivCyclingWorld,1
phillipm61,LivRacingXstra,1
phillipm61,mavi_at,1
phillyindiefan,PhillyInquirer,1
philosworld,philosworld,1
philroc99,Pat_Benson_Jr,2
philroc99,barstoolsports,2
phishead942,TheTailgateTent,1
phishead942,kevinHimes8,2
photomike71,BillKoala,2
photomike71,Bums01L,4
photomike71,joshvam,1
photomike71,photomike71,1
photomike71,pineapple_point,1
photonverse,marrrctrll,2
photoskyliej,KylieJenner,1
phyllispollack,AlexThomp,1
phyllispollack,DashDobrofsky,6
phyllispollack,NBCNews,1
phyllispollack,itsJeffTiedrich,2
pianobeth1,pianobeth1,2
picklespeers,riomat7,1
pinidunner,LauraFruchter,1
pinidunner,MyShtender,2
pinuspalustris,EvanMcMullin,1
pinuspalustris,tttenney,2
pipedtofit,AaronParnas,2
piperhuguley,LinasMusings,2
piperhuguley,MiaHopkinsxoxo,2
piperhuguley,coreybking,2
pissedsabresfan,Acyn,1
piyatot09,oopshazzalou,2
pjlavish,Phil_Lewis_,1
pjmauro,RpsAgainstTrump,1
pjpowers55,EWTN,1
pjpowers55,EWTNNewsNightly,2
pjpowers55,owentjensen,1
pkgragg,DonaldJTrumpJr,1
pkgragg,GOPLeader,1
pkgragg,GianDoh,1
pkgragg,Gutfeldfox,1
pkgragg,HouseGOP,1
pkgragg,IngrahamAngle,1
pkgragg,JesseBWatters,1
pkgragg,JoeOfTheNorth,1
pkgragg,JudgeJeanine,1
pkgragg,OutnumberedFNC,1
pkgragg,SenateGOP,1
pkgragg,TheFive,1
pkgragg,TuckerCarlson,1
pkgragg,brithume,1
pkgragg,kilmeade,1
pkgragg,pkgragg,1
pkgragg,suzanne92024,2
planetraider,raider_by,2
platinombrero,platinombrero,1
plumtrucker,anaid72,2
pmiscove,BLaw,1
pmpsrbob,Whatevah_Amy,2
pmsyyz,latestinspace,2
pmtt69,TexasTech_News,2
pnonos,DavidWorlock,1
pnutbutter46,BigHead_34_,1
pnutbutter46,ProdByWRLDOcho,2
pnutbutter46,vivo52,1
podviaznikov,RogerPielkeJr,1
poetrybymario,LindseySlaterTV,1
pokiewashere,ChrisCuomo,1
polovitz,Compass,1
polyroller,scotchjoy,2
pompeyrod,TheLeoTerrell,1
pompeyrod,TraveloreReport,1
pompeyrod,atrupar,1
pompeyrod,cathygue1,2
pompeyrod,girl02020,1
pondfamily,WTOP,2
pondfamily,irelands4courts,1
ponto51,kilmeade,2
poohtoo2,TheDemocrats,2
popejephei,RonFilipkowski,2
popmartyb,SylvesterEply,2
popmartyb,johnszim,2
popmartyb,walterkirn,1
poppa56,cnnbrk,2
portela8funk,CultureCrave,1
portman65,kbiegel,2
poshcrystal532,DeleFarotimi,1
pottspac1,capecodmarathon,1
pottspac1,rmann_news,2
powertothepepo,TheInsiderPaper,2
ppbbeaklini,lucasrohan,1
ppbbeaklini,ppbbeaklini,5
ppirapokin,ppirapokin,1
prettyexoticj,Splashystackss,1
princebullock,marrs_edward,2
princessxxlis,inosukebaby,1
prixfineart,LangleyFCU,1
prixfineart,TruistNews,1
prixfineart,goldencorral,1
prjayne,Amy_Siskind,2
prjayne,CNN,1
prjayne,ltgrusselhonore,1
profcgarza,BenthicEcology,1
profcgarza,BlkinGeoscience,1
profcgarza,CSUMB,1
profcgarza,CSUMB_MSCI,1
profcgarza,HopkinsMarine,1
profcgarza,MBARI_News,2
profcgarza,MBLScience,1
profcgarza,MLMLmarinesci,1
profcgarza,MPOWIR,1
profcgarza,MarineBiol_FHL,1
profcgarza,MontereyBayREU,1
profcgarza,NOAACCME,1
profcgarza,NOAALMRCSC,1
profcgarza,NOAAeducation,1
profcgarza,NPS_Monterey,1
profcgarza,NSF,1
profcgarza,NatlMarineEd,1
profcgarza,Scripps_Ocean,1
profcgarza,StanfordDIG,1
profcgarza,UCI_OCEANS,1
profcgarza,UO_OIMB,1
profcgarza,USCWrigley,1
profcgarza,USC_MEB,1
profcgarza,USD_EOSC,1
profcgarza,aapigeosci,1
profcgarza,bodegamarinelab,1
profcgarza,calstate,1
profcgarza,csucoast,1
profcgarza,csumbscience,2
profcgarza,elkhornslough,1
profcgarza,profcgarza,1
profcgarza,ucd_cmsi,1
profcgarza,whoi_academic,1
profmellymel,buttergoth13,2
profstan72,BeschlossDC,2
profstan72,JennAllen668,2
profstan72,Lynnnbama,1
profstan72,b2v4ua,1
profstan72,bamabree,1
profstan72,jkittkat,1
profstan72,smith_bahn,1
prorandmich,LindseyGrahamSC,1
prorandmich,danabramslive,1
proscriptus,DanDambrosioVT,2
proscriptus,april_mccullum,1
proscriptus,bfp_news,1
prplchknz,TimBonvilleGinn,1
prplchknz,paranoiapen,1
prplchknz,tinklebadger,2
pschfr,GarfieldScreens,1
psddluva4evah,DiscussingFilm,1
psddluva4evah,Kennymack1971,1
pslamatry,AdamParkhomenko,1
pstroybrewer,CBNNews,1
pt51,BarbVina1,1
pt51,Libericks,1
pt51,Limerick_News,1
pt51,LouC17,2
pt51,Mick_Limerick,1
pt51,trumplimericks2,1
publiclandlvr,ncj_of_humboldt,1
pubman51,KUTV2News,1
pubman51,monkeybone64,2
pucksk8r,Knigh20Knight,1
pucksk8r,Smiccio23,2
pucksk8r,VallysView,1
pucksk8r,kilmeade,1
puddycat,TudorDixon,1
puddycat,beyond_process,2
puffytuffy,Pdineclah,1
pukeonherprada,pukeonherprada,1
pulisci,Variety,1
pulpetc,abc7newsbayarea,1
pumpkinking39,pumpkinking39,1
punctuation,wickym,2
punkinxspice,MaxGrossfeld,2
punkinxspice,averybofinger,1
pupilindenial,FINALLEVEL,1
purposeful_pup,ABC,1
pwschatz,chris_steller,2
pwschatz,robertloerzel,1
pxwhittle,AP_Europe,1
qeenhelene,mookmanbang,1
qirenni,CletusJameson,1
qirenni,qirenni,1
quaintmedia,EasyEatsBodega,1
quaintmedia,SpeculatorArt,1
quaintmedia,niftyportal,1
quasimatt,0xRacerAlt,2
queenkv,AngelineTaylor,1
queenkv,Cronkite_ASU,1
queenkv,DeanMarkLodato,1
queenkv,JoeMuerSeafood,1
queenkv,MacAejmc,1
queenkv,NewhouseSU,1
queenkv,brettkurland,1
queenkv,jessica_pucci,1
queenkv,nisha_sridharan,1
queenmidalah,incorrect_NEWS,11
queenmidalah,peekabuta,2
queentrucker,RepStefanik,2
quefregados,KeyroseLDO,1
quefregados,RaulM956,2
querlvox,blokeybonce,2
quidamabo,debscavator,2
quillermem,DemocraticWins,2
quitnomore01,BigBroButFirst,2
quitnomore01,Drew57962116,1
quitnomore01,quitnomore01,1
quitnomore01,roller2426,1
raagatodi,LookUpYoga,1
rabinnation,Josh_oknefski,2
rachelh2023,KOMUnews,2
rachelh2023,rachelh2023,1
rachelmlarue,OldTownCourtney,2
rachelsklar,Reductress,1
rachelsklar,THR,1
radio_marino,Brett_Jensen,2
radio_marino,hamrickisms,1
radio_marino,hornets,1
radio_marino,shanistyireland,1
radio_marino,wbtradio,2
radiobenolson,NBCNightlyNews,1
radiobenolson,RyanSorensonWI,1
radiomonroe,CBSMornings,1
radiomonroe,HoppyKercheval,1
radiotvman,LouisianaDowns,1
radiotvman,S_BJournal,4
radiotvman,USMC,1
radiowoody,NFL,1
raefordjban,politvidchannel,1
rafasanchezcruz,News_MTorres,2
raffybogey2022,lizlafasciano11,1
raffybogey2022,redsoxandstuff,2
rafilaufer,EricTrump,1
rafilaufer,Obediencio1,2
rafilaufer,POTUS,1
rafilaufer,jmpacific,1
rafilaufer,kilmeade,1
rahulvarshney,rahulvarshney,1
raiderphilwill,BBCBreaking,2
raisinghavok,iyAmIttieBittie,2
rajivsab,TuckerCarlson,1
rajivsab,debbie156,1
rajivsab,deleanaellis22,2
rajivsab,jonstewart,2
raleighwhatsup,Bowman_EDU,2
ralphDrussoAP,KodyPedersen,1
ramonathemona,AmandaSeptimo,1
ramonathemona,GovKathyHochul,1
ramonathemona,NYCParks,1
ramonathemona,SouthBronxUnite,1
randal_wallace,PrezWisdom,1
randal_wallace,bleeker185,2
randallball,NolanRandall99,1
randallball,umichbaseball,1
randell_nealy,MayoIsSpicyy,1
randell_nealy,NotHoodlum,2
randell_nealy,TraceyDelaney,2
randell_nealy,trumpsacrazyman,2
randymills4349,GOP,2
randytoad,RpsAgainstTrump,2
randytoad,atheistrockey,1
randytoad,fralvarado114,1
randytoad,randytoad,1
raouldukeerik,Alex_on_A14,1
raouldukeerik,AndrewLazarus4,1
raouldukeerik,AspAlaAsnAsnTyr,2
raouldukeerik,BeyondTheFacts3,1
raouldukeerik,DbootyNabber,1
raouldukeerik,FIST1981USA,1
raouldukeerik,GOP,1
raouldukeerik,IdunsDaughter,1
raouldukeerik,JRJHealey,1
raouldukeerik,J_EmpyreanGoals,1
raouldukeerik,JimeeLiberty,1
raouldukeerik,JoeCoyle101,1
raouldukeerik,LukeAnglindoor,1
raouldukeerik,MatthewNewell67,1
raouldukeerik,Monstercoyliar,1
raouldukeerik,MsTrixter,1
raouldukeerik,Piper_O_Brien,1
raouldukeerik,SkepticalMutant,1
raouldukeerik,TakeThatEarth,1
raouldukeerik,The_Seeadler,1
raouldukeerik,TonyBaduy,1
raouldukeerik,Top_Muppetries,1
raouldukeerik,VeritasEver,1
raouldukeerik,WendyOrent,1
raouldukeerik,_DrCJM_,1
raouldukeerik,_mamadeb,1
raouldukeerik,andylumm,1
raouldukeerik,bush_wendy,1
raouldukeerik,doom37455413,1
raouldukeerik,ghoppe,1
raouldukeerik,handmadekathy,1
raouldukeerik,immunotoxPhD,1
raouldukeerik,janem1276,1
raouldukeerik,jtmayes3,1
raouldukeerik,ktibus,1
raouldukeerik,libsoftiktok,1
raouldukeerik,mcfunny,1
raouldukeerik,numbersdelight,1
raouldukeerik,ogilville1,1
raouldukeerik,provaxtexan,1
raouldukeerik,richykirsh,1
raouldukeerik,sailor_man_dan,1
raouldukeerik,sammk1964,1
raouldukeerik,sammy44231,1
raouldukeerik,skepticalprune,1
raouldukeerik,swedishchf,1
raouldukeerik,tenebra99,1
raouldukeerik,tomsirolimus,1
raouldukeerik,zeetubes,1
rashanahbaldwin,ABC,1
rashanahbaldwin,CBSNews,1
rashanahbaldwin,CNN,1
rashanahbaldwin,FoxNews,1
rashanahbaldwin,MSNBC,1
rashanahbaldwin,NBCNews,1
rashanahbaldwin,TIA_EWING,1
rastamannyme,MichaelRapaport,1
rawls_juliet,UROCKlive1,1
raxerman,atrupar,1
raxerman,knxnews,1
rayfix,Paradox927,2
raylehmann,arin_twit,1
raymewrhecat,Angry_Staffer,2
raymewrhecat,dtheavenger,2
rayne_alli,EvanMcMullin,3
rayne_alli,SenMikeLee,1
rayzap,SkySportsF1,1
rbergin,CyberNorris,2
rbergin,DonnaG14606831,2
rbergin,JosephNSanberg,1
rbergin,LaraLeaTrump,1
rbergin,MacFarlaneNews,2
rbergin,RonDeSantisFL,1
rbergin,TwitterSupport,1
rbergin,oneunderscore__,1
rbergin,seanhannity,1
rbergin,wupton,1
rbergin,zacharykussin,1
rcevetto,LetThePainGo,2
rcmercado,ABC,1
rcmercado,rcmercado,1
rcwhalen,Computing_News,1
rdcramer,CoachJTang,1
rdcramer,DYoungRivals,1
rdcramer,jbryanlarson,2
rdcramer,spedbraet,1
rdcramer,theDudeofWV,2
rdk1708,rdk1708,1
rdonut,RepLizCheney,2
rdsanchezjr,HeyTammyBruce,2
rdsanchezjr,joekent16jan19,1
realKerryByard,4horseman35,1
realKerryByard,Kevins_Jawline,1
realKerryByard,StevieW10218261,1
realKerryByard,espn,1
realKerryByard,royalbeatz516,2
realOBF,BarkMellhorn12,2
realOBF,MariaBartiromo,1
realOBF,NHLBruins,1
realOBF,Nate_Cohn,2
realOBF,PBS,1
realOBF,SICscore,1
realOBF,brookskcbsradio,1
realSEHardwick,KelliBruer,2
realTJRoberts,BGPolitics,2
realTJRoberts,FredPharmD,4
real_acopeland,ASESGators,2
real_acopeland,PBakerEducates,1
real_acopeland,ccblgb,1
real_acopeland,ehorton24,1
real_acopeland,julie_raschen,1
realadamqureshi,AlArabiya,2
realadamqureshi,ElAmerican_,2
realadamqureshi,MailOnline,2
realadamqureshi,benshapiro,1
realaustinlegg,Ahearn142,1
realaustinlegg,CadenColangelo,1
realaustinlegg,DanLeikus,1
realaustinlegg,DylanAntonini,1
realaustinlegg,KyleMandirola12,1
realaustinlegg,LionGardiner,1
realaustinlegg,Michael_Powell4,1
realaustinlegg,PSBaseballinc,2
realaustinlegg,TrevorDosenbach,1
realaustinlegg,jakewitter2024,1
realaustinlegg,zanegross4,1
realbeaverswag,AFoster13,2
realbeaverswag,BeavsTweets,2
realchipriggs,goldengateblond,1
realchrisjbeale,marynewsom,1
realdenny348,BLaw,2
realedieadams,DallasVideoFest,1
realedieadams,RealErnieKovacs,1
realedieadams,alfranken,1
realjasonstru,SynonymForWet,2
realjasonstru,TheodoreFlaxton,1
realjasonstru,llipgh,2
realmaplesyrup,Ryan_Ken_Acts,1
realmichaelcudd,DanielFrancisA2,2
realmichaelcudd,Know_More_News,5
realmichaelcudd,Vikang_,2
realmichaelcudd,realmichaelcudd,1
realpottyjohn,appodlachia,1
realpottyjohn,ps2hater,1
realsombreroman,SaintBerny36,1
rebellegrrl,AndrewFeinberg,1
recardeeps05,FuvkJoe,2
recardeeps05,Hero_of_Legend1,1
recardeeps05,TimRunsHisMouth,1
redarlene,robreiner,2
redcardinalva,WAVY_News,1
redcardinalva,redcardinalva,1
redhed67,DOJCrimDiv,1
redhed67,DashDobrofsky,1
redhed67,FBI,1
redhed67,January6thCmte,1
redmass44,AvengerResister,1
redmass44,DgomOgimos,1
redmass44,FoxNews,1
redmass44,JoannePB1980,2
redmass44,Juniors_8Ball,2
redmass44,NoLieWithBTC,2
redmass44,SenatorElmo,1
redmass44,Stonekettle,1
redmass44,anjali_deodhar,1
redmass44,atrupar,1
redmass44,donwinslow,2
redmass44,nooneim10329513,2
redmass44,rob13567,1
redmass44,thekaisho46,2
redmond_BDTW,jeffpearlman,2
redwardprice719,HerschelWalker,1
reece_nguyen,GianniLorelll,2
reecealann,devinpapadol,2
regallyjay,Variety,1
regannati,AP,1
reggienewton22,DanaPerino,2
reggsupreme,SawyerMerritt,2
reginaw50361,KwikWarren,2
reginaw50361,SWinstonWolkoff,2
reginaw50361,kilmeade,2
regularonly,EnvDefenseFund,1
rehague,AdamSchefter,1
reidpohland,BauerHockey,1
reidpohland,JesseGranger_,1
reidpohland,codedandunited,2
remhuck,HVAHawks,1
renatajbarreto,PauloPMelo,1
reneetwhite,gudelunas,1
renlaux,renlaux,1
reocares,BrianDu09340732,1
reocares,GOP,1
reocares,POTUS,1
reocares,RockyResistor,1
reocares,TheDeanOfMen,2
reocares,lulucoyote,2
reocares,tristkiss,1
repeopled_,baltbeat,1
replicatemedia,ShannonBream,1
replicatemedia,kevincorke,1
repmorgan,repmorgan,1
reportricardo3,NBCNews,3
respectmyplanet,CourtBourgoin,1
retreado,OccupyDemocrats,1
revdansowell,AdamGreenway,2
revdansowell,DrPaulChitwood,1
revdansowell,IMB_SBC,1
revdansowell,SWBTS,1
reviewspi,hrt6017,2
reviewspi,robreiner,1
revwscott,JerasIkehorn,1
revwscott,tubawidow,2
revyoungskim,ButchCates,2
revyoungskim,cwt_news,17
revyoungskim,gregory186787,12
revyoungskim,revyoungskim,6
rextrapman303,Phil_Lewis_,2
rextrapman303,Sam_C_Fraser,2
rextrapman303,VicVela1,2
reynosotv,CBS47,1
reynosotv,KSEE24,1
rfornal,Coding_Antisoc,2
rgenewhite,TheDailyShow,1
rgenewhite,therecount,1
rgodfrey,rgodfrey,1
rhiles2760,AndrewYang,2
rhiles2760,RepStefanik,1
rhiles2760,rhiles2760,1
rhodeislander,BizarroManchin,2
rhodeislander,JesseMac36,5
rhodeislander,Nate_Cohn,3
rhodeislander,Neil_Irwin,3
rhodeislander,ResisterSis1,3
rhodeislander,michmuscatello,2
ribeachboy,bruce_steiner,2
riceandbeansgrl,sopharobb,2
rich_witt1,TomAmossRacing,2
richerich222561,myfox8,1
richhaussmann,CocoDavies,1
richhaussmann,cold__mountain,1
richhaussmann,paleoanarcheo,2
rickAclifton,latimes,1
rickdanna4719,GayLatina4Trump,2
rickdanna4719,OccupyDemocrats,2
rickfriel,TheTripleDoor,1
rickfriel,Variety,1
rickfriel,lgbtqnation,1
rickfriel,seattletimes,1
rickhirsch,KCStar,1
rickhirsch,MiamiHerald,1
rickhirsch,mcclatchy,1
rickhirsch,sacbee_news,1
rickhirsch,theobserver,1
rickinotricky,rickinotricky,2
rickyfarmer6,ProudElephantUS,2
rickyloera,RepMTG,1
rickyloera,RonFilipkowski,1
ricoSacto,ABC,1
ricoSacto,KittyONealSac,1
ricoSacto,ThePatWalshShow,1
ricoSacto,YouTube,1
ricoSacto,kfbk,1
riffatrehanarif,DrMSaleemKhan,2
riffatrehanarif,MashwaniAzhar,1
riffatrehanarif,Riazhaq,2
rileyphillipstv,rileyphillipstv,1
risingfarmgirl,lauferlaw,2
ritzeechic,BeschlossDC,2
rjhintz,MikePerryavatar,1
rjhintz,rjhintz,1
rjhintz,software_daily,1
rjufiar,PressSec,1
rjufiar,VP,1
rjvito,BertLeitch,2
rjvito,GeorgePapa19,1
rjwilikers2,ICANFLA,1
rkaLvSat,stuntbrain,2
rkfilm,atrupar,2
rkhuntwk,MrKRudd,1
rlkimlin,unusual_whales,1
rmatthartley,TylerHuckabee,2
rmatthartley,unitedwaynefl,1
rmclaughlin23,TLazarczykMTM,1
rmf1957,CBSPhiladelphia,1
rmf1957,CBSPhilly,2
rmiller2126,Tvalentine1990,2
rmiller2126,theblaze,1
rmindler,hm__hm21,2
rmorton12,thebias_news,2
rmpbklyn,CNN,2
rnj114,Zack03380322,2
rnj114,djrothkopf,1
rnj114,ellsmxy,2
rnscarduzio,RealElephantboy,1
roamingallowed,0liviajulianna,1
roaringblood,roboticgeo,1
rob99514172,ArtVand42966019,2
rob99514172,JoshYohe_PGH,1
robbi1219,Bease11,1
robbi1219,ahammer22,2
robbirn1,Phil_Lewis_,1
robbycfla,UROCKlive1,1
robbycfla,mirandadevine,2
robbycfla,mrbenwexler,1
robbyscotthill,MaryLTrump,1
robbyscotthill,Roni207,2
robbyscotthill,fyn800,1
robchappell365,1310WIBA,1
robchappell365,Mister_Fun_Guy,1
robchappell365,MuhHeidigger,2
robchappell365,RepGosar,1
robchappell365,RingJames_6,1
robchappell365,TristanSnell,1
robchappell365,VictorLicata1,2
robchappell365,giufuliafa,1
robchappell365,markos,1
robchappell365,sarahjo12125479,1
robdesign,LisaatVERB,2
robertltsai,BlakeProf,2
robertltsai,DougJBalloon,1
robertltsai,RichLowry,1
robertltsai,jdmortenson,1
robertmcmurrey,CBSDFW,1
robertmcmurrey,erinjonesnews,1
robertpearsonjr,POTUS,1
robertschwinn,MichaelJAlcazar,1
robertschwinn,danabrams,1
robertschwinn,danabramslive,3
robertvacca2004,jeffroy,2
robfwtx,AhearnColeen,1
robfwtx,Andy_Lea1964,1
robfwtx,ArtKetterhagen1,1
robfwtx,AuroraBlogspot,1
robfwtx,BBockelbrink,1
robfwtx,BSandersRipCity,1
robfwtx,BluAngelMerri,2
robfwtx,BrooksChloe732,1
robfwtx,CBSNews,1
robfwtx,CDFleming5,1
robfwtx,ChazDavis10,1
robfwtx,D_Ericson,1
robfwtx,DeepStateCoup,1
robfwtx,FritsV4,1
robfwtx,GovRonDeSantis,1
robfwtx,HLStockenstrom,1
robfwtx,Infinty1001,1
robfwtx,KStrongOT,2
robfwtx,KerstinVockert,1
robfwtx,KiKiPosting,1
robfwtx,LRJ023,1
robfwtx,LouGarza86,1
robfwtx,MacleanJoyce,1
robfwtx,MarilynSarelas,1
robfwtx,MarkoSilberhand,1
robfwtx,Meghanduggan1,1
robfwtx,MyBoxerLuvMac1,1
robfwtx,NoraNanza,1
robfwtx,Numbers28,1
robfwtx,OctoberFerguson,1
robfwtx,Pmfjfla,1
robfwtx,RNCResearch,2
robfwtx,SmackMegThermo,2
robfwtx,TheRickWilson,1
robfwtx,VanityFair,2
robfwtx,benbrookjohn,1
robfwtx,beth_monje,1
robfwtx,colin_goodayle,1
robfwtx,es_edwards,1
robfwtx,hassib_haidar,1
robfwtx,in_kathie,1
robfwtx,jennifersterri1,1
robfwtx,kath_mcc,1
robfwtx,kurtmac,2
robfwtx,mac_gardiner12,1
robfwtx,mrsbiffo01,1
robfwtx,news_houndnc,1
robfwtx,repsiw5,1
robfwtx,robfwtx,3
robfwtx,skipz,1
robfwtx,small1ldy1,1
robgreenlee,AdvertiseCast,2
robgreenlee,libsyn,2
robgreenlee,ranieriandco,3
robincarr,Gap,1
robincarr,GapInc,1
robincarr,U2,1
robincarr,joinRED,1
robrider33,JanetKi15406457,2
robrider33,teresasd,1
robrider33,w_terrence,1
rocha_earl,FoxNews,7
rocha_earl,Gadgetgirl49,2
rocha_earl,JackROCHE121,1
rocha_earl,Jim_Jordan,2
rocha_earl,JpStrand27,2
rocha_earl,OccupyDemocrats,1
rocha_earl,RepGosar,1
rocha_earl,RepThomasMassie,1
rocha_earl,RonFilipkowski,2
rocha_earl,SimonTheDev,1
rocha_earl,linettie71,2
rocha_earl,problematic_pj,1
rock_yanish,Dawnsmission1,2
rock_yanish,Gussied71,2
rock_yanish,newsmax,2
rocket_116,ADANational,1
rocket_116,CancerAndCareer,1
rocket_116,CouncilRockSD,1
rocket_116,HCErock,1
rocket_116,Lweiss10,1
rocket_116,PSEA,1
rocket_116,PSLA_News,1
rocket_116,crsd_librarians,1
rocket_116,itsybitsymom,2
rockinReader81,BBCBreaking,2
rockmom,BGPolitics,1
rocknrollsoapbx,juliaritchey,2
rockstarclean,IONTB,1
rockyknowsbest,tedcruz,2
rod_chamorro_,justinbaragona,1
rodrakic,CivilAirPatrol,1
rodrakic,UberFacts,1
roger_hutchison,ChickenSoupSoul,1
roger_hutchison,JessHinrichs,2
roger_hutchison,amynewmark,1
roger_hutchison,fwd_mvt,1
rogerfield59,BitcoinAdRock,1
rogerfield59,EricJRacy,2
rogerfield59,KlaatuC,1
rogerfield59,Reillypants,2
rogerfield59,cwt_news,2
rogerfield59,davidmweissman,1
rogerfield59,debmotionless5,1
rogerfield59,lmtdsupplyco,1
rogerfield59,omega7stone,1
rogerprice,MailOnline,1
rogfeelgood,JLasagna43,2
rohaisensei,Amy_Siskind,2
romansweetbaby,crimsonmanic24,2
ronNcaphill,BroncosQBClub,1
ronNcaphill,ImNostraThomas,2
ronNcaphill,Jeff_Legwold,1
ronNcaphill,JustinTinsley,1
ronNcaphill,ProFootballHOF,1
ronNcaphill,SteveAtwater27,1
ronNcaphill,lightnbolt619,2
ronNcaphill,readjack,1
ronNcaphill,ronNcaphill,1
ronbadgley21,Debber66,1
ronbadgley21,DineshDSouza,2
ronbadgley21,GovMikeHuckabee,1
ronbadgley21,Jim_Jordan,1
ronbadgley21,RepMTG,1
ronbadgley21,TomFitton,2
ronbadgley21,seanhannity,2
ronbadgley21,w_terrence,1
rondal77,StevieVanZandt,2
ronniejames_,BSB_FACK_NEWS,2
ronniejames_,FirstSquawk,2
ronniejames_,PongLinLiu1,4
ronstern18,Natalie4NY,2
rosamsuarez,Alyssafarah,1
rosamsuarez,BBCWorld,1
rosamsuarez,CNN,1
rosamsuarez,DavidAFrench,1
rosamsuarez,JohnBerman,2
rosamsuarez,LoserFuhrer,2
rosamsuarez,MattGertz,1
rosamsuarez,Probably_A_Joke,2
rosamsuarez,SarahLongwell25,1
rosamsuarez,WesLeyDoutCold,2
rosamsuarez,brianstelter,1
rosamsuarez,existentialfish,1
rosamsuarez,jarjarsquatter,2
rosamsuarez,matrigga,1
rosamsuarez,redsteeze,1
rosamsuarez,rosamsuarez,1
rosamsuarez,stickman375,1
rosarygirl1962,JReinerMD,2
rosborne_r,ResisterSis20,2
rosborne_r,air_colorado,1
rosborne_r,valdemings,1
roseisrosejones,AssusReamus,2
roseisrosejones,GeorgeTakei,2
roseisrosejones,JudgeJeanine,2
roseisrosejones,TG22110,2
roseisrosejones,strockman_d,1
rosesnvines,DawnMadelene,2
rosesnvines,RichardCoxJr2,1
rosettabonez,ladygaga,1
roshloweWPLG,WPLGLocal10,1
rosie_rosella,AttorneyCrump,2
rosscmary,Elvis_News,2
rosscmary,TimRunsHisMouth,2
rosscmary,nypost,2
rosscmary,themagacancer,2
rossjam,dunekacke,2
rowanschaberg,WNBA,1
royalmusing,QGurtrude,2
rpiurek,dodo,1
rpmbpoe,MollyRobison,2
rprez2012,StarWarsNewsNet,2
rps57,KCOnTheRadio,2
rr1955,GregHinse,2
rr1955,joelpollak,1
rscspokenword,TakeActionMN,1
rsftaylor,patriottakes,2
rspring72,CPAC,1
rspring72,TudorDixon,2
rstackjr,ClimateOpp,2
rstackjr,EENewsUpdates,1
rtrev1984,RichardMarini,1
rubachtaylortv,WBRZ,1
rubenrubio48,U2_News,2
rubrics4life,CTVNews,1
rubrics4life,karidoll14,1
ruby22shoes,leonielowell82,2
rugdicer,KariLake,2
run4funsandiego,JacquiHeinrich,1
run4funsandiego,run4funsandiego,1
rungermy,DPRK_News,2
rungermy,Popehat,1
runnergirl1211,AdamParkhomenko,1
runnergirl1211,Chilleddoser1,1
runnergirl1211,MysterySolvent,1
runnergirl1211,RealMarkFinchem,1
runnergirl1211,TheJRSteele,1
runnergirl1211,YouTube,1
runwriteAarif,runwriteAarif,1
rupleasant,FoxNews,1
rupleasant,HawleyMO,1
russell_dallas,MILFnC0okiEs,2
russell_dallas,davenewworld_2,1
russwilliamsiii,Acyn,1
russwilliamsiii,justinbaragona,2
rvontha,AlbertsonB2,1
rvontha,fckoeln,1
rw74133,baseballchickie,2
rwporterjr,PeterSchorschFL,1
ryanargenti,Brando_WX,2
ryandsandoval,BDisgusting,1
ryanfield,NomoY8,2
ryanfield,PaulieK2003,1
ryanfield,Variety,1
ryanjpemberton,dustindbenac,2
ryanmcquade77,Variety,1
ryanwillieblock,GOP,1
ryfun,JVfromOhio,2
rynavara,NeuzilJake,1
ryne_andal,All100Senators,1
ryne_andal,LCDR_DD214,2
ryne_andal,SenRonJohnson,1
s2pmanager,ABC,1
s2pmanager,FOX10Phoenix,1
s2pmanager,JefrosBotanical,1
s2pmanager,Livehiphopdaily,1
s2pmanager,USMC,1
s2pmanager,WORLDSTAR,1
s2pmanager,XXL,1
s2pmanager,abc15,1
s3friedman,ABC,1
s3friedman,AP,1
s3friedman,BBCBreaking,1
s3friedman,CBSLA,1
s3friedman,LoganR2WH,2
s3friedman,MarySambolich,1
s3friedman,NBCNews,1
s3friedman,NewsHour,1
s3friedman,TraceyM0802,2
s3k21y76,MrCorrie,2
s_considine1,BowtiedGracie,2
s_considine1,PlayerTied,1
saativadiva_,iriiisss29,1
sabakarimm,TriciaTita,1
sabakarimm,sabakarimm,1
sabrina_schnur,jamesmschaeffer,1
sabsxbeauty,KianaStylesMua,2
sadarlo1,DGFernandez21,2
sadarlo1,JakeKwon88,1
sadarlo1,sadarlo1,1
saddamscribe,DoHoBOB,2
saddamscribe,Judge_wolff,1
saddamscribe,Ron_Nirenberg,1
saddamscribe,binkytoes,2
safeschools1991,WPLGLocal10,1
saffronsdad,Stop_Trump20,1
saffronsdad,dcmadness202,1
saffronsdad,lustdotcum,1
saffronsdad,moncouerluv,2
saffronsdad,smc429,2
saibaba_pokala,INCIndia,1
saibaba_pokala,PTI_News,4
saibaba_pokala,RahulGandhi,1
saintgermaine10,cybertalkz,2
saintsteven78,PhoenixMercury,1
saintsteven78,eturleye,2
sakacyan2003,Sankei_news,8
sakacyan2003,arimoto_kaori,1
sakacyan2003,nhk_news,2
salcavaliere1,DanRather,2
saliemchiu,antoniogm,1
saliemchiu,brezina,2
saliemchiu,devahaz,1
sallyleague,CheriBeasleyNC,1
samaaronk,CalltoActivism,1
samaaronk,StreetShouting,1
samaaronk,WillPfister,1
samaaronk,truth63890260,2
samaier,MLBONFOX,2
samaier,MLBPA_News,1
samboa,LisaMarieBoothe,2
samboa,NewRomeBurning,1
samchi851,0liviajulianna,1
samchi851,Krisbouncesback,2
samchi851,KyleAnd19431117,1
samchi851,PeterJordan70,2
samchi851,RpsAgainstTrump,2
samchi851,pensivepremed,1
samcrenshaw23,ATLCW,3
samcrenshaw23,ATLUTD,1
samcrenshaw23,AtlantaFalcons,3
samcrenshaw23,BenMoore247,1
samcrenshaw23,Braves,2
samcrenshaw23,CorkyKell,1
samcrenshaw23,DOrlandoAJC,1
samcrenshaw23,Eldorado2452,1
samcrenshaw23,EventsMathes,2
samcrenshaw23,GTFootball,1
samcrenshaw23,GabrielCStovall,2
samcrenshaw23,GeorgiaFootball,2
samcrenshaw23,GeorgiaTechFB,1
samcrenshaw23,NikiNotoPalmer,3
samcrenshaw23,OSGNelson,2
samcrenshaw23,djnewsie,3
samcrenshaw23,epjackson,1
samcrenshaw23,gt6135,3
samcrenshaw23,mhking,3
samcrenshaw23,randysports,3
samcrenshaw23,vjreports3,3
sameer5580,NFL_DovKleiman,1
samsklar,FTA_DOT,1
samsklar,USDOT,1
samsklar,walk_left,3
samtingwong09,EASTLA_NEWS,1
samuelj41944686,maddow,1
samurai_antonio,DaytonWammack,1
samurai_antonio,JoJoFromJerz,1
samurai_antonio,T_Jordan25,2
sandygartin,BlackKnight10k,2
sanguine2021,ShepRose,2
sanguine2021,rogertansey,2
sanjacgator43,BanditoBaseball,2
sarah_rubin16,MoBusinessAlert,1
sarah_rubin16,sarah_rubin16,1
sarahblue22,Ravens,1
sarahburnstv,KTXS_News,2
sarahgoughy,serenabarksing,2
sarahmagana,quenblackwell,1
sarahmoga,Mogawiej,2
sarahmoga,nytimes,1
sarahr7d,SherreyBraves1,2
sarahrmurdoch,wantedinrome,1
sarahsansom,StartingOver_23,2
sarahsansom,gavzilla,2
sarahsansom,missy_molly_mol,2
sarbjeetjohal,AnuragTechaisle,2
sarbjeetjohal,Microsoft,1
sarbjeetjohal,ballen_clt,2
sarbjeetjohal,porterdeleon,2
sarge4kentucky,CimaronH,2
sarge4kentucky,Lilly19001,2
sarge4kentucky,daria_fidyk,2
sassyslr_sheryl,srfoskey_wx,1
sauer_roy,CaptDinosaur81,2
saulcentersinc,krispykreme,1
savantsallie70,MarylandMav,1
saviano_steve,PGATOUR,2
saviano_steve,RickieFowler,1
saxman09a,pcaldera,2
sbassi,VICENews,1
sbenari59,POTUS,1
sbenari59,jonnywulf1,2
scalpatyrant831,AnarkistaVeneco,2
scalpatyrant831,OddOlympian,1
scalpatyrant831,fightfor15,1
scaryhours,RexChapman,2
scaryhours,johncusack,1
scbaird,ohevie,2
scfirefighters,wmbfnews,1
schiffer1_karen,claptonterrier,2
schildhoused,TeamAlphaPrime,1
schildhoused,john_a_theodore,2
schmvngpctrs,Variety,1
schneider_j77,BSuttonRe,1
schneider_j77,ChiliDippaDave,2
schneider_j77,TomFitton,1
schoemankc,RaheemKassam,2
schtimpy27,kleathers,2
schuelkecorn,CRNAfarmer,2
schwaboy,gopTODD,1
scochrane,WMedICKazoo,1
scoopjefferson,DentonCountyTX,1
scoopjefferson,TEGNA,1
scoopjefferson,wfaa,2
scooterkendall,alaskalandmine,1
scooterkendall,mattbuxton,1
scooterkendall,taraforalaska,1
scotjs,joncoopertweets,2
scott82163,robreiner,2
scott_lodge,CoachJEB18,1
scott_lodge,HillaryClinton,1
scott_lodge,catznpeg,2
scottbrockman,FoxNews,2
scottbrockman,kilmeade,2
scottbrockman,yashar,2
scottculkin,Bee_Bailey,2
scottculkin,alisadoc1,2
scottculkin,theHappyMedic,2
scottew,JesseRodriguez,1
scottgalv,WPLGLocal10,1
scottinankeny,IngrahamAngle,2
scottinankeny,RepGosar,1
scottklev,WCPO,1
scottklev,WLWT,1
scottklev,scottklev,1
scotttriggers,AP,1
scotttriggers,Kymon5,2
screives,MarshaBlackburn,2
screives,RepMTG,2
scvcarguy1,Automotive_News,1
scwxpix,News_DentonNC,4
sddphoto,11tulips,1
sddphoto,Acyn,1
sddphoto,FBI,1
sddphoto,GoAngelo,1
sddphoto,JewishResister,1
sddphoto,MattGertz,1
sddphoto,Remisagoodboy,1
sddphoto,VABVOX,1
sddphoto,bannerite,1
sddphoto,donwinslow,1
sddphoto,glennkirschner2,1
sddphoto,hugolowell,1
sddphoto,neal_katyal,1
sddphoto,santiagomayer_,1
sddphoto,typicalturner1,1
sdprairiewoman,IanTFury,2
sdprairiewoman,KristiNoem,1
sdprairiewoman,VP,1
sdprairiewoman,govkristinoem,1
sdprairiewoman,newsmax,2
sealthgirl,VABVOX,2
sealthgirl,notbetty4ever,2
sean_comerford,ALANMYERSMEDIA,2
sean_vdr,verge,1
seandoesposters,Jim_Jordan,2
seanie103,AshleeDeMartino,1
seanie103,JorgeTWeather,2
seanie103,abc15,1
seankelder,Bethvanduyne,1
seankelder,ByronDonalds,1
seankelder,DLoesch,1
seankelder,FoxNews,2
seankelder,RonnyJacksonTX,2
seankelder,TuckerCarlson,1
seankelder,kilmeade,2
seankelder,laurenboebert,1
seannacher,AlliRat7,2
seant81449670,AllisonHuxtabl5,4
searkweather,AmyAhnSully,2
searkweather,JonesForAR,1
searkweather,KATVNews,1
searkweather,RickDHarrington,1
searkweather,SarahHuckabee,1
seattlejs,seattlejs,1
seauinthefuture,seauinthefuture,1
selgan,Liz_Cheney,2
semderrick,kylegriffin1,1
semiabstract,pitchfork,1
senatorblood,1011_News,1
senatorblood,3NewsNowOmaha,1
senatorblood,Blood4G,1
senatorblood,Channel8ABC,1
senatorblood,DeepThoughtsNE,2
senatorblood,KETV,1
senatorblood,OWHnews,1
senatorblood,WOWT6News,1
senatorblood,janekleeb,1
senatorgilbert,DOJPH,1
senatorgilbert,FBI,1
senatorgilbert,PeteWilliamsNBC,1
senormoments,MsJoanneHeywood,2
senormoments,alfranken,2
sensiblejon,MillicentBolden,2
sensiblejon,hunt4change,1
septheartist,vieiirafenty,1
serialhobbyist1,ronmknox,1
sethletb,ThePhillyPod,1
sf_derek,LombardiHimself,1
sf_leilani,MLNow,1
sf_leilani,TierOnePoster,2
sfm_42,CaptMarkKelly,1
sfsportsfan01,KTVU,1
sg_andrea,KelleyAshbyPaul,1
sg_andrea,RandPaul,2
sgarry,unitedwaynefl,1
sgordonscott,H_Grove,2
sha210,AJHodIII,1
sha210,FBICincinnati,1
sha210,FoxNews,1
sha210,GOP,1
sha210,HouseGOP,1
sha210,JoJoFromJerz,1
sha210,KatLadyKassie,2
sha210,SenTedCruz,2
sha210,SenateGOP,1
sha210,TheJusticeDept,1
sha210,justinbaragona,1
shaferz,jtidwell808,2
shafiqnajib,people,1
shaindelr,PatriciaRaye,2
shaindelr,shaindelr,1
shakes2011,KETV,1
shakes2011,_News_Matt,2
shakes2011,thehill,1
shalgrim,joshtpm,2
shall001,richardmar10,1
shane_cowsert,CBSNews,2
shannel_lynn,Just_Tank_Man,1
shannon_rjg,RexChapman,1
shannonatHSC,weareunited,1
sharannie63,CalebJHull,2
sharannie63,GOPChairwoman,2
sharannie63,seanhannity,2
sharilou18,LegoWith,1
sharilou18,xtrevorpoulter,2
shauseman,CelliniNick,2
shauseman,RepLoudermilk,2
shawdy504,DanRather,1
shawna_morlock,ElizCrowleyNYC,1
shawna_morlock,akashvmehta,1
shawnpwurzler,johncusack,2
shawzzzzzz,ZeroHedge_,2
shboogies,benedictpolizzi,1
shedrippinswagu,_Mashudu_M,1
sheeds214,Marshmont_63,2
sheena5427,EWUEagles,1
sheena5427,MattGerien,1
sheena5427,PRSA,1
sheena5427,QuinnipiacU,1
sheena5427,RWJonesAgency,1
sheena5427,UDelaware,1
sheena5427,andboyle,1
sheena5427,lkissler,1
sheena5427,prsache,1
shep21754,duty2warn,2
sheriffkevin,chron,1
sherilynjones,jodiafowler,2
sherouse_m,AmoneyResists,2
sherrystern,FineRachel,1
sherrystern,HawthorneCDOLA,1
sheryl_greeson,Barbara22938668,2
sheryl_greeson,LouieJamesDick3,2
sheryl_greeson,MikeGoodlander,2
sheryl_greeson,PamelaHensley22,2
sheryl_greeson,abbycool30,1
sheryl_greeson,browneyegirl400,4
sheryl_greeson,dmatt59,2
sheryl_greeson,larrythkw,1
sheryl_greeson,sayitnspinit,2
sheryl_greeson,thebradfordfile,2
shetty_yermal,seanhannity,2
shetty_yermal,tedcruz,2
shewrick,Acyn,1
shewrick,JesseBWatters,1
shiftourpower,ginamccarthy46,2
shihoriNY,EVO,1
shihoriNY,MasonLieberman,1
shihoriNY,zaidtmusic,2
shillerista,LumpenRadio,1
shillerista,nftse,1
shimakins,AriLennox,1
shindoverse,shindoverse,1
shmiller9315,lasvegasweekly,1
shoehefner5,MrUnloved1s,2
shoesite,Acyn,1
shoesite,OccupyDemocrats,1
shopgirl734,FBI,1
shopgirl734,MichaelCohen212,2
shopshi,ElianaUku,2
shopshi,angeIatheart,2
short_pants,kyledcheney,1
shotarmpodcast,tinyalienx,2
shrek4224,BalesFootball,1
shrek4224,CSURAM88,1
shrek4224,adamlevitan,2
shutterslanding,thomasmedlicot1,2
sidmacleod,ReallyActivist,2
silke4senate,VABVOX,2
sillyman40,FoxNews,1
simdelgado,NBCNews,1
simontrose,GeneforTexas,2
simontrose,ajnsztajn_says,2
simontrose,wjoneshistory,1
singleserving,GUTTERxANT,2
singleserving,illaDaProducer,1
singleserving,sheiladarcey,2
sirbach,DavidCornDC,1
sirbach,colbertlateshow,1
sirbigwood,FFXIV_NEWS_EN,1
sirbigwood,KaiyokoStar,1
sirensproject,philklotzbach,1
sistercdr,JayDemick,1
sistercdr,JewishResister,1
sistercdr,LongTimeHistory,1
sistercdr,NagyCharlene,2
sistercdr,whatupchick,2
sixpacknebraska,BigGameBoomer,1
sj_pete,FoxNews,2
sj_pete,TuckerCarlson,1
sj_pete,foxnewspolitics,1
sjbchgrl,Helene731,1
sjbchgrl,WalshFreedom,2
sjgeimer,FrankFigliuzzi1,1
sjgeimer,Philosopher_Jay,2
skaushik100,Jim_Brunner,1
skaushik100,KimSchrier,1
skbarton13,adamdavidson,2
skimsey,FoxNews,2
skiyouMeeko,ProFootballDoc,1
skiyouMeeko,Superskolfan,2
sklarsam_,studentmedia25,1
sksraidas2021,As_Fan_Radio,2
sksraidas2021,CrownDowntown,1
sksraidas2021,LisaMarieBoothe,2
sksraidas2021,SacKingBrian,1
sksraidas2021,TomCottonAR,2
sksraidas2021,ananavarro,2
skyeerie,LindseyGrahamSC,2
skyeerie,smaloney924,2
skywalker8501,AnnaBel09390268,2
slappysamsonite,MrsNoFoMo,2
slappysamsonite,PizzaBotNFT,1
slappysamsonite,SethGreen,1
slcinva12,DaveFultonWrang,1
slcinva12,MeierDarryl2,1
slcinva12,PheatonG,1
slcinva12,RandyLHallman,2
slcinva12,Venzi5Ventura,2
slcinva12,kylepetty,1
slcinva12,tmartinmss,1
slcinva12,toomuchcountry,1
slicksean,Chase,1
slime_fanclub,aidencalvin,1
slime_fanclub,hasanthehun,2
slovakheidi,2ZELDA__ZDENKA_,1
slovakheidi,AaaDeb1,1
slovakheidi,Flower5921,1
slovakheidi,HedFulofDreams,1
slovakheidi,ImpeachmentHour,1
slovakheidi,Kaz4Me2Know,1
slovakheidi,LaurelBlu2,1
slovakheidi,MarkoSilberhand,1
slovakheidi,Mikanojo,1
slovakheidi,RSRizing,1
slovakheidi,Reuters,1
slovakheidi,USISC1,1
slovakheidi,kennwatley,1
slovakheidi,trumpenough,1
slowjamastan,NVSecretPolice,1
slowjamastan,SecretService,1
slowjamastan,StateDept,1
slowjamastan,Trumps_SS,1
slowjamastan,samstownlv,1
slythesportsguy,AHSFootball,3
slythesportsguy,Commit2ThaC,3
slythesportsguy,GHSF_news,3
slythesportsguy,John_Morgo,2
slythesportsguy,gafootballblogs,1
slythesportsguy,samcrenshaw23,2
smacktuna,JtTrekkie,2
smakhanian,455arf,1
smakhanian,AstiJesse,1
smakhanian,Avenger4USA,1
smakhanian,BigTinyBird,1
smakhanian,CGSDemocracy,1
smakhanian,CapanoStina,1
smakhanian,Crusadersky,1
smakhanian,Daniel_00000007,1
smakhanian,EnseySherwood,1
smakhanian,Kaiya1212,1
smakhanian,Laurieluvsmolly,1
smakhanian,Nadene_Marie,1
smakhanian,PatriciaKellogg,2
smakhanian,Pleightx,1
smakhanian,REALgjzig,1
smakhanian,RedStateBlues_,1
smakhanian,RogViking,1
smakhanian,Rowdygirlinmt,1
smakhanian,Samuraisurfer53,1
smakhanian,TheTobster111,1
smakhanian,Thegr8beagle,1
smakhanian,TomMcD15,1
smakhanian,TranBuhbling,1
smakhanian,VaderVanella,1
smakhanian,XRANDYANDERSONX,1
smakhanian,Xenophilia33,1
smakhanian,arealexty,1
smakhanian,catcatdean,1
smakhanian,dblduh,1
smakhanian,ekotro01,1
smakhanian,hey_ray42,1
smakhanian,hokiebrat,1
smakhanian,i_gvf,1
smakhanian,iambadal,1
smakhanian,janelynne,1
smakhanian,joncoopertweets,1
smakhanian,kman820,1
smakhanian,lastrega,1
smakhanian,leahbak11727622,1
smakhanian,lindyli,2
smakhanian,merry_ghouled,1
smakhanian,mommamia1217,2
smakhanian,myWitsEnnd,1
smakhanian,mysageadvice,1
smakhanian,obx_lisa,1
smakhanian,onedrfulife,1
smakhanian,previouslife17,1
smakhanian,qigonguy,1
smakhanian,rajak101210,1
smakhanian,sddphoto,1
smakhanian,tiredsab1,1
smandymandy,smandymandy,1
smarsilia,Alan39982121,2
smarsilia,CredicoRandy,2
smarsilia,JoeBiden,1
smarsilia,Reikilass,1
smartpunk,SeanRice,2
smb_ryan,NickZednik,2
smcgohon21,FredMaggard606,2
smerdon_bonnie,Nmydefenseiwas2,2
smerdon_bonnie,robreiner,1
smfox,danielsgoldman,2
smfox,yuhline,1
smgamesafari,GoddessofGrain,2
smilinandy,MayraFlores2022,1
smitchellmay301,politvidchannel,1
smoke115victors,DonaldJTrumpJr,1
smoke115victors,ListenHere12,2
smoke115victors,OccupyDemocrats,1
smoke115victors,bennyjohnson,1
smoke115victors,cutiemcbeal01,2
smoke115victors,georgiegirl1216,1
smoke115victors,jjwagner19,2
smokeinpeaceUSA,googlenews,1
smokerscough05,IzaBooboo,2
smokinscientist,13NewsNow,1
smplturnincrank,kilmeade,1
smstreeter,mercedesschlapp,2
smtravis,BrittanyWallman,1
snahill,NJ_Politics,2
snahill,jerseyjazzman,2
snband4,Acyn,2
sngcanary914,PerinatalBirder,2
sngcanary914,StephenKing,2
snhs2,wlwpod,1
sodacoltontyler,CNN,1
sofastm,CKnuteKSHB,1
sofastm,DiaWall,2
sofiballen,GasBuddyGuy,2
soleilbrille18,FranciaMarquezM,1
soleilbrille18,PowerUSAID,2
soleilbrille18,richardweiner,1
someguynamedtom,RepLoudermilk,2
sonofkatyperry,PostCredPod,2
sonofnels,ScribeMarjie,1
sonofnels,juliettekayyem,2
sonyawh55919237,ABC,1
sooners1721,AndreaR9Md,2
sooners1721,LauraSavino747,1
sooners1721,WaningWatcher,1
sooners1721,bekuhhhhhhboo,2
sophlin229,SellsBryan,2
sopprjp,AmritMahotsav,1
sopprjp,DDNewslive,1
sopprjp,IndianDiplomacy,1
sopprjp,IndianEmbassyUS,2
sopprjp,JC2Ventures,1
sopprjp,JohnTChambers,1
sopprjp,MEAIndia,1
sopprjp,PTI_News,1
soto_dario,darrenrovell,1
southjb,HistoryMuppet,1
southsider4,googlenews,1
soxmachine_josh,SoxMachine,1
soxmachine_josh,TheBennettK,1
sp4c3b0ss,astaranx,2
sp4c3b0ss,oskool_g,1
sparky,AnthonyMeinz,2
sparky,McLauchlin,1
sparky1732,NBCNews,2
sparky1732,NBCNightlyNews,1
spartanwanderer,Kay_ToTheWorld,2
speakup911,Chris_1791,2
speakup911,DonLew87,1
speakup911,FBI,1
speakup911,GOPChairwoman,2
speakup911,GOPconvention,2
speakup911,HarrisCountyDAO,1
speakup911,JohnCornyn,2
speakup911,JonathanMattise,2
speakup911,SethAbramson,1
speakup911,TeamCornyn,1
speakup911,speakup911,1
specialjay150,Chrisstiaan23,1
speed_in_space,247Sports,1
speegle_faith,ChrisCuomo,1
speegle_faith,NewsNation,1
spencematt,NFLonFOX,1
spencestomp,abbeymooon,2
spgreenwood,JoannaPopper,1
spgreenwood,xrmust,1
spicymarshall,ElinorJoneser,1
spicymarshall,VHUS_Podcast,1
spicymarshall,portlandmercury,1
spiesinmotion,DOBrienATL,2
spincity615,postandcourier,1
spitintheriver,SalmanRushdie,1
spivy2000,JLVsTW1,2
spivy2000,Wonderful_Ed,2
spokaneco8_3711,SCFD8,1
spolay,foambrewersvt,1
sportsterchic,jennycohn1,1
spyderd1,GOP,2
spyderd1,GOPLeader,2
sree,AP,1
sree,SalmanRushdie,1
sreed151,GuardianBooks,1
srlmort,ATEEZofficial,1
srlmort,JjongBeret,1
srlmort,ateez_charts,2
srsaul04,Roku,1
srsaul04,onepeloton,1
srschrier,AVindman,2
srschrier,AlStewartOBE,1
srschrier,GBNEWS,1
srschrier,JuliaDavisNews,2
srschrier,TulsiGabbard,1
srschrier,kiraincongress,2
srunge,jtlinder,1
srvlvr,1MiamiHurricane,1
srvlvr,Angry_Staffer,1
srvlvr,ensie1,2
sspencer_smb,SixSigmaCapital,2
stZathehuman,MLBPA,1
stZathehuman,MLBPA_News,2
stZathehuman,PELOTEROS_MLB,1
staceygarratt,LindsayHameroff,2
staciberger,GovMurphy,1
stacra1977,YouTube,1
stacyrickardTV,SpectrumNews1TX,1
stagazona,CBSNews,1
stanielsmooth,TimetoBSPodcast,1
star_scooter,ProudElephantUS,1
starchild793,jimiuorio,2
stardales,CNBCnow,1
steelercam,KenSterner,1
steelercam,_TheChuck_,2
steelercam,ana2179,1
steelercam,crliss21,1
steelercam,mlouden87,1
steelercam,pensgirl1023,1
stefanysparkles,drbrianmay39,2
steff183,yatmikebautista,2
stellarvelocity,aeonjoey,1
stellarvelocity,timruss2,2
stephaniekallio,Jakusthegrand,2
stephaniekallio,ksorbs,1
stephenpfeiffer,CityofVaBeach,1
stephenruszczyk,Acyn,2
stephfontg,PlatinumVybe,1
stephmslaughter,Super__Kita,1
stephmslaughter,pennyboi19,2
stephonk83,JackPosobiec,1
stephonk83,LivingBlueTX,1
stephrette313,Mike_Pence,2
stern_elledge,googlenews,1
steve41369396,All_Source_News,2
steve41369396,BenRabizadeh,1
steve41369396,from1to2000000,1
steve41369396,stockseer,2
steve_shuler,FormerlyCBM,2
steve_shuler,Phil_Lewis_,1
stevecraig72,ByAnthonyB,2
stevecraig72,RonnyJacksonTX,2
stevecrain901,MarshaBlackburn,1
stevecrain901,yarbro,2
stevegomavs,DrDividend47,2
stevehouf,MichaelKantro,1
stevehouf,crossbordercap,1
stevehouf,intocharts,1
stevehouf,profplum99,1
stevehouf,stevehouf,2
stevemcomedy,MattJaxSIN21,2
stevemcomedy,NHLTradeRumors,1
stevemcomedy,Photoaq21,2
stevemcomedy,kilmeade,2
stevemintline,confusion_reign,2
steven_arendash,Jim_Jordan,2
stevenmazie,espinsegall,2
stevenmazie,joshtpm,1
stevenmazie,peterbakernyt,1
steventweetme,YouTube,1
steveratke,CapMetroATX,1
steveratke,EvilMopacATX,2
steveratke,JackieFaulks,2
steveratke,KXAN_News,1
steveratke,MarketUrbanism,1
steveratke,writtenbykelsey,1
stevesarner,CapitolCorridor,2
stevesher_7,SInow,1
stevesher_7,sicovers,1
stevewithaph,stevewithaph,1
sthomas01231,RepStefanik,2
stilldabeast73,RexChapman,2
stilldabeast73,RonFilipkowski,1
stillirise131,BlackBarbie_Hoe,2
stillirise131,crazydaze12,2
stock_nation,DanRather,1
stock_nation,logical_musings,2
stoiawsyx6,AndrewWSYX6,1
stoiawsyx6,PhilKellytv,1
stoiawsyx6,fox28columbus,1
stoiawsyx6,wsyx6,1
stollera,CalltoActivism,4
stollera,EsportsWomen,2
stollera,Ginzz43,2
stollera,SusanHMiller,2
stollera,hrt6017,2
stoney_carter,SonicMovie,2
stookey71,Bluertwo,2
stookey71,FINALLEVEL,2
stoptheVOID,NBCNews,1
stoptheVOID,Snapchat,1
stoptheVOID,cathymcmorris,1
stormborn1966,rolandsmartin,2
stormborn1966,seanhannity,1
stphntylr,AmyEchos,1
stphntylr,OKC_SPAN,1
stphntylr,ponyboyokc,1
straitarrow10,AVindman,1
straitarrow10,DashDobrofsky,1
straitarrow10,MeidasTouch,1
straitarrow10,RedaMor_,1
straitarrow10,RpsAgainstTrump,1
straitarrow10,TeaPainUSA,1
straitarrow10,TobyGialluca,1
straitarrow10,atrupar,1
straitarrow10,nytpolitics,1
straitarrow10,washingtonpost,1
streepy_mary,Acyn,1
streepy_mary,pdoocy,1
streepy_mary,the_resistor,2
stuartransom,9878,1
stuartransom,ramincol,2
stuarwebb2,YouTube,2
stunnedpluto,BBCBreaking,1
stunnedpluto,KevOC666,2
stupac111,CREWcrew,2
stupac111,davidhogg111,1
subtle116,FlatbushSts4Ppl,1
subtle116,KathyParkPrice,2
subtle116,NYCMayorsOffice,1
subtle116,RidersAlliance,1
subtle116,RitaJosephNYC,1
subtle116,StreetsPAC,1
sugarshawnray,MUTANTNATION,1
suggswriter,Rap,1
suggswriter,erniesuggs,1
sullim01,SethAbramson,2
sumacd19,CNBC,1
sundog0930,BeschlossDC,2
sundog0930,Ixothial,2
sundog0930,SquirrelyGrrl,3
sunilnagaraj,NOAA_WPO,1
sunnydaejones,sunnydaejones,1
suns_tutu_fan,Tj_Walker15,1
suns_tutu_fan,azcentral,1
suns_tutu_fan,lindseyrbhair,1
suns_tutu_fan,suns_tutu_fan,1
supergnarlycj,TheLuExperiment,1
superrobii,PDeniseLong,1
superrobii,TalbertSwan,1
superrobii,_fellow_sinner,2
superrobii,latrey69,1
supportmoose,BrendaFrost18,2
supportmoose,CarlosGSmith,1
surelypodcast,VanAllenPlexico,2
surelypodcast,defdave,1
surgeonearth,FIU,1
surgeonearth,GamebredFighter,2
surquiyork,JesseJenkins,1
surquiyork,RuthLuqueIbarra,1
survivor_hws,crystalchaleur,1
susanbr26868424,hutchsports,2
susankeith,HamOmadic,1
susankeith,RutgersCommInfo,1
susankey_key,BlackKnight10k,1
susankey_key,Time2go2Portuga,1
susanmcgraw88,RonFilipkowski,1
susannes744,MattMulcahy,1
susannes744,MegsNewsFlash,1
suscepit,TribuneAgency,2
suscepit,aagcobb1,2
suscepit,maggieNYT,1
suscepit,secupp,1
susieorr56,kpax,1
suzannedimaggio,OpenSociety,1
suzannedimaggio,mikehfuchs,2
suzegeeeee,ananavarro,2
svancarekDennis,CheriBeasleyNC,1
svancarekDennis,CongressmanRaja,1
svancarekDennis,Equifax,1
svancarekDennis,GovMikeHuckabee,1
svancarekDennis,JohnFetterman,1
svancarekDennis,KamalaHarris,2
svancarekDennis,MarkWarner,1
svancarekDennis,SenWarren,2
svancarekDennis,TheOtherMandela,1
svancarekDennis,amyklobuchar,2
svancarekDennis,ewarren,2
svancarekDennis,svancarekDennis,1
svancarekDennis,valdemings,1
svmichanco,EndinStealth,3
svmichanco,MLBONFOX,5
svmichanco,MLBPA_News,5
svmichanco,Stros4life5,2
svmichanco,juneyer619,2
svmichanco,svmichanco,1
svmichanco,yaboidany2115,6
svnnh_wlch,KATUNews,1
svqjournalist,guardian,1
svqjournalist,realchrisjbeale,2
swaggyD_____,euronewsgreen,1
swolfanger8,AWeissmann_,2
sydgrud,SilverSwan111,1
symsthefirst,1Jodi4444,2
symsthefirst,TomFitton,1
szwest1,15to1montgomery,2
szwest1,kenolin1,1
t0d0san,inqdragon2,2
t_martin_90,UofOklahoma,1
t_martin_90,joeyhelmer247,2
t_ricks96,joncoopertweets,1
tabartis,Aramati6,2
tabbiecoulter,WestSeaWx,2
tacojoe_,NotVibeWithDave,1
tafkam08,epiphanyinbmore,2
tagaustingwin,yggiz54,2
tagreathouse,CLASHBooks,1
tajiknia,MiaForRep,1
tajiknia,weldeiry,1
tajmilan,TheWrap,1
takethay,CNNSotu,1
takethay,brikeilarcnn,2
talesfromturn4,AJFoytRacing,2
taliah36,lookner,1
talibShahbaz2,APFactCheck,2
talibShahbaz2,CNNPolitics,1
talibShahbaz2,DanScavino,2
talibShahbaz2,DennyZ25153949,1
talibShahbaz2,Dr_Roy__M,1
talibShahbaz2,El_Philthmoor,1
talibShahbaz2,KariLake,1
talibShahbaz2,OANN,1
talibShahbaz2,SecPompeo,2
talibShahbaz2,TMZ,1
talibShahbaz2,TheDemocrats,1
talibShahbaz2,Trump,2
talibShahbaz2,WendyRogersAZ,1
talibShahbaz2,WhiteHouse,2
talibShahbaz2,abc15,1
talibShahbaz2,azfamily,1
talibShahbaz2,jimmykimmel,1
talibShahbaz2,kanyewest,1
talibShahbaz2,kelliwardaz,1
talibShahbaz2,lloydcordero99,1
talibShahbaz2,mattrg45,2
talibShahbaz2,michaelrulli,1
talk_nerdy_2me,Bosslogic,2
talk_nerdy_2me,MarkRuffalo,2
talk_sporty,genesisismyth,2
taminyce,YouTube,3
tamjdg,GOPLeader,2
tammiefields,EricLevyTV,1
tammiefields,MyNews13,1
tammiefields,tammiefields,1
tammyvent,BBCBreaking,1
tampalaxreport,CMHSLacrosse,1
tampalaxreport,FloridaLX,4
tampalaxreport,GSHSLacrosse,1
tampalaxreport,PlantLacrosse,1
tampalaxreport,RRHS_Lax,1
tampalaxreport,TampaLacrosse,3
tamparsenalfan,AriDrennen,2
tamsopp,Brendelbored,1
tandon4congress,ANI,2
tanker7979,BernardBuhake,2
tanker7979,FightingBeesFB,1
tanker7979,FillippSAU,1
tanker7979,MoisaJacob,1
taramargretg,Bill_Weimer_,1
taramargretg,DaveSFoley,2
taramargretg,LindseyGrahamSC,1
taramargretg,emartinsek,1
taramargretg,johnrecore,2
tarullotweets,tobin_jonell,2
tas0417,SarahSpain,1
tateaowen,LevinsReports,1
tathompsonKS,RVAwonk,2
tathompsonKS,blast_points,1
tathompsonKS,jsrailton,1
tathompsonKS,tathompsonKS,1
tavo928,HoracioMendez87,1
tavo928,Lucho_barboza,1
tavo928,OficialCAP,1
tavo928,VQV_Futbol,1
tavo928,WilsonMendez86,2
tavo928,alfoirrazabal,1
tavo928,javidimauro,1
tavo928,padreydecanocom,1
tavo928,patricialopez07,1
tavo928,santipereira93,1
taxjusticewonk,taxjusticewonk,1
taylorannberg,RusToffee,1
taylorannberg,nickfromseattle,2
taylorannberg,rustybrick,1
tbelt27,AdamInHTownTX,1
tbelt27,Bluelineback198,1
tbelt27,BrandiArchambe1,2
tbelt27,CjMurph52161337,2
tbelt27,Curmudgeon1836,2
tbelt27,JewishResister,1
tbelt27,RepSwalwell,1
tbelt27,StephenKing,1
tbelt27,hodgetwins,1
tbelt27,pattonoswalt,1
tbelt27,thereddeststate,2
tbelt27,vpanda57_o,1
tbogetti,CureBlindness,1
tbogetti,YoungMDConnect,1
tbogetti,calshu,2
tc5920,BeschlossDC,1
tc5920,MeidasTouch,1
tdneiers2022,AAFascism,1
tdneiers2022,CharlieCrist,2
tdneiers2022,ReallyAmerican1,2
tdneiers2022,kilmeade,2
tdubyad,JGillis57,2
tdubyad,MCHammerrToe,1
tdubyad,SwizzaMcgilla,1
tdubyad,TrevorVick3,1
tdubyad,kyledcheney,1
te_pickering,bmac_astro,2
teaaddict13,Newsweek,3
tearek66,RepMattGaetz,1
tearek66,news_ntd,2
tearek66,stefania_cox,1
techroach98,ChrisMurphyCT,2
ted_rood,LaBoomer68,1
ted_rood,wdrohrer,1
tee_time22,____what______,1
tee_time22,hotdogmed,2
tee_time22,screenrant,1
teec215,ABCGMA3,1
teec215,BroadStHockey,2
teethbyarcher,ellsmxy,2
telmore61,townhallcom,2
tempotemptress,CNN,1
tempotemptress,Ceezzil,2
tenantrep1,DBurkland,1
tenantrep1,MultifamilyMad,2
tennilleu,JoeBiden,1
tennilleu,SteveDaines,2
tentwentysixpm,KolleenCarney,2
tentwentysixpm,Raddsurfer,2
tentwentysixpm,spoiledplasm,2
tentwentysixpm,volarrecords,1
tentwentysixpm,whiskey_c,2
teravainensimp,SweetFeet_White,1
terrell4life,EW,2
terrelljstarr,AndriyKyiv,1
terrelljstarr,NikaMelkozerova,1
terrelljstarr,SarahAshtonLV,1
terrelljstarr,ak2912,2
terrelljstarr,maria_avdv,1
terrelljstarr,tweetsNV,1
terrelljstarr,ukrpravda_news,1
terrinh73,coxasaurus,2
terryamerson,KHansen1724,2
terryamerson,WEAL_News,1
terryannonline,SethAMandel,2
terryannonline,dj_soubise,2
terryannonline,mattyglesias,1
terrycowgill,CTRamblings,2
terrycowgill,EWErickson,2
terrycowgill,JDNews,1
terrycowgill,NedLamont,1
terrycowgill,WSJ,2
terrycowgill,YankeeinCT,1
terrycowgill,bobforgovernor,1
terrycowgill,jjsheb,4
terrycowgill,npenzenstadler,2
terrycowgill,terrycowgill,1
terryhorstman,BelligeBeavs,1
terryle55240851,TucsonStar,4
testedtriedtrue,BTMMfg,1
testedtriedtrue,BobbyWegner,1
testedtriedtrue,EricDudas,1
testedtriedtrue,FastenerFriend,1
testedtriedtrue,GoebelFasteners,1
testedtriedtrue,INxSQL,1
testedtriedtrue,JohnKovatch,1
testedtriedtrue,MWFA_News,1
testedtriedtrue,OfficialLinkMag,1
testedtriedtrue,ParkerFastener1,1
testedtriedtrue,RCAVOTO,1
testedtriedtrue,RobertRBaer,2
testedtriedtrue,Stelfast,1
testedtriedtrue,TravelingSlsman,1
testedtriedtrue,TriedNTruePro,1
testedtriedtrue,advancenow,1
testedtriedtrue,jillymarielewis,1
texaninnyc,BusterBroncoEsq,1
texaninnyc,DCTrojan,1
texaninnyc,Hulcricket,2
texaninnyc,SaltCreekBrews,1
texaninnyc,jonfmorse,1
texaninnyc,kbuts,1
texaninnyc,minnhorn,1
texaninnyc,texaninnyc,1
texasmoke,FrankSowa1,2
texastechgrad94,Jeff_Brunson,1
texmrsport,MarshaBlackburn,1
textfiles,textfiles,1
tffarmerWTOV9,WTOV9,4
tfuller50,Lexialex,2
tga_tgoodfellow,DashDobrofsky,2
tga_tgoodfellow,SkyNewsAust,1
tgarth,RepThomasMassie,2
tghenry17,metsrewind,2
tgriff1313,Livefromreality,1
tgriff1313,TheLeoTerrell,1
tgriff1313,allisonp1980,2
that5280lady,nowthisnews,1
thatblondchic,debostic,1
thatbobertguy,textualegg,2
thatgeekyace,GovHolcomb,1
thatgrimes,TLHAirport,1
the3roberts367,FoxNews,2
theFuture10se,GKOzzy,1
theFuture10se,NetchimenRevery,2
theRealArcueid,theRealArcueid,1
theVINYLband,DonaldJTrumpJr,1
theVINYLband,theVINYLband,1
the_cooler,AriMelber,1
the_cooler,AshaRangappa_,1
the_cooler,MuellerSheWrote,1
the_cooler,ProjectLincoln,1
the_cooler,SethAbramson,1
the_cooler,SteveSchmidtSES,1
the_cooler,emptywheel,1
the_cooler,gtconway3d,1
the_cooler,justinbaragona,1
the_cooler,maddow,1
the_cooler,seanhannity,1
theashleyray,depressedtexani,2
theashleyray,swaggedgoblin,1
theashleyray,theashleyray,1
thebellsmith,BKCyclones,1
thebellsmith,rowdey_jordan86,1
thebestbridog,thebestbridog,1
thebohbitty,XCaliber015,1
thebohbitty,new_cheats_news,2
thebookofbobbi,annti_sycophant,1
thebookofbobbi,newsmax,1
thebookofbobbi,xray69,2
thebradleyjp,Ecnerwal23,2
thebull1856,ClayHale7,2
thebull1856,bdquinn,1
thebunchnfts,BobanMarjanovic,1
thebunchnfts,tobias31,3
thecalmfury,0xFiFoeth,1
thecalmfury,0xpep_Eth,1
thecalmfury,BagDingle,2
thecalmfury,BlackTid3,1
thecalmfury,DrenFx,1
thecalmfury,FloodedDistric1,1
thecalmfury,Neo_Tokyo_News,1
thecalmfury,alteredalley,1
thecalmfury,vessel_one_,1
thechaotickyle,thechaotickyle,1
thechriswillpod,CoachBowser2,1
thechriswillpod,Fa1conFb,1
thechriswillpod,SAUFalcons,1
thechriswillpod,SAU_News,1
thecity2,TheMattDWilson,1
thedavehall,KeithOlbermann,2
thedavehall,marcorubio,1
thedavidkane,AndyBehbakht,1
thedavidkane,thedavidkane,1
thedeb7582,StephenKing,1
thedeb7582,jilicious,2
thedude213,punished_catbus,1
thedwarves_,AnnieYuTV,2
thedwarves_,wusa9,1
thefemaleparty,olesoul57_2,2
theflstandard,thewillwitt,1
thegazelle22,bennyjohnson,2
thehazelbelle,cnnbrk,1
theirishmilkman,nypost,1
thekernlu,TheOddDystrict,1
thekerr24,JarrielJordan,1
thekingsqueenZ,News_Dr252,4
thelegendarycw,SNY_Mets,1
theliammalone,kale_abe,2
theliz008,AP,1
themadisonjay,CNN,2
themadisonjay,themadisonjay,1
themaze2,DemFromCT,2
themichaelchen3,JerLisa_Nicole,2
themodestokid,Sammi_Sativa,2
theonewildman,espn,2
thepitbullMSW,Nilla_the_dog,2
thepitbullMSW,crushtheracists,2
theranchgod,theranchgod,1
therealADWarren,SpaceX,1
therealaryes,ES_EL_MUNDO_,2
therealioshady,KariLake,1
therealjcon,WrestleTix,1
therealjgutz,theversacevixen,2
therealquebeatz,coachmwillis86,1
theresa57,FPWellman,1
therightlane68,RepAndyBiggsAZ,2
theriot_hyatt,991KGGI,1
thesierrafox,Fox5Kyle,1
thesierrafox,fox5dc,1
thesportslivie,sebassss1024,2
thesusanito,_JoyCastro,2
thetannerphill,tipping_pitches,2
theteam1954,hrkbenowen,2
thewavepro,MasinElije,1
thewavepro,theofficialword,2
thinkingman100,brithume,1
thinkingman100,reammaggie5,2
thirty35dollars,Susan36553338,2
thiscruiselife,Tillermanjake,2
thislilgecko,mrbenwexler,1
thoaidngo,BNOFeed,1
thoaidngo,NPR,1
thoaidngo,nytimes,1
thoaidngo,wapo,1
thomasleemon,FabrizioRomano,1
thomasleemon,OscarPiastri,1
thommic,nipomo357,2
throttle1130,kimmie_c_,2
thunderblizard1,EllieLobel,1
thunderblizard1,Suda2Don,2
thunderblizard1,VectorBoy101,1
thunderblizard1,johnpavlovitz,1
thunderstixx77,ACTBrigitte,1
thw425,Blue20J,1
tialisa1974,kilmeade,2
tidemidwest,GOP,1
tidemidwest,PortiaMcGonagal,2
tiff_henry16,CCUChanticleers,1
tiff_henry16,michaeltbenson,2
tiffanyclay,KVUE,1
tiffanyclay,KXAN_News,1
tiffanyclay,cbsaustin,1
tiffanyclay,fox7austin,1
tigers1852,CalltoActivism,1
tigers1852,JoJoFromJerz,2
tigers1852,Martina,1
tigers1852,MichaelJStern1,2
tigerthedj,KTLA,1
tim_bluenose,Jason,2
tim_dunkerton,islivingston,1
timaree_leigh,is_she_okay,2
timaree_leigh,jdesmondharris,1
timatcoalition,AndyBurnhamGM,1
timatcoalition,BabaYoungblood,1
timatcoalition,DINGERLEYDELL1,1
timatcoalition,MANCHESTERMUS10,1
timatcoalition,ShiiineOn_,1
timatcoalition,StoneRoses_News,1
timatcoalition,clogs_tom,2
timatcoalition,ianbrown,1
timatcoalition,johnrobb77,1
timatcoalition,renifanpage,1
timatcoalition,simonWolstencr1,1
timjeby,TimOlsonSF,2
timothygsilver,IronicPhase,2
timothygsilver,thedailybeast,1
timothyshamey,NewYorker,1
timothyshamey,TheDougOgg,4
timothytrespas,JeffBezos,1
timothyzoromski,pkburnett,2
timrhutchins,ValaAfshar,1
tinadipe64,marcorubio,1
tingodmusic,YouTube,1
tisaacs321,IGN,1
titusthemutt,MPS_News,1
titusthemutt,SonyaForMPS,1
tjmeyer730,HappyMedium777,2
tjmeyer730,RepMTG,1
tjmeyer730,SusanC916,1
tjmeyer730,joncoopertweets,2
tjmeyer730,judgejeanineee,2
tjroa66,BillKristol,1
tjroa66,RonFilipkowski,2
tkc1971,Ask_Spectrum,1
tkc1971,etnow,1
tkc1971,leo2009finn,2
tkc1971,nischelleturner,1
tlsmith1963,JesseKellyDC,1
tlsmith1963,Kshields5Kyle,2
tlsmith1963,MarcieSmith7,1
tmason18,Browns,1
tmason18,Kaepernick7,1
tobyvandre,ABC,1
tobyvandre,CBSEveningNews,1
tobyvandre,CNN,3
tobyvandre,CNNPolitics,1
tobyvandre,ChitkwesuManetu,1
tobyvandre,DanaBashCNN,1
tobyvandre,ErichF_DE,1
tobyvandre,FoxNews,4
tobyvandre,JerryCann1,1
tobyvandre,MSNBC,2
tobyvandre,NBCNews,1
tobyvandre,ReaLitY_Siege,1
tobyvandre,TheOldPoet,1
tobyvandre,chipfranklin,1
tobyvandre,duty2warn,1
tobyvandre,realTuckFrumper,1
tobyvandre,tobyvandre,1
tobyvandre,yarvet49,1
todd_brosius,varsityblue56,2
todddlh,DuluthAirport,1
todddlh,KBJR6news,1
toddntucker,EdwardGLuce,1
toddntucker,PramilaJayapal,1
toddntucker,TonyRomm,1
tom_nguyen_,SesoHQ,2
tomaxwell,News_By_Nick,2
tomaxwell,eric_young_1,1
tomczak_maureen,freedominguez,2
tomekplewa,antiputler_news,2
tomfossati,MangoMischief,2
tomfossati,News12NJ,1
tomkimmerer,BugEric,2
tomkimmerer,MustelidMay,1
tomkimmerer,craniatology,1
tommiedotjpg,heavyredaction,1
tomsommers1,benryanwriter,2
tomsommers1,jtenenbaum,1
toni_alcott,4n6guyphilly,2
toni_alcott,PeggyJoan4,1
toni_alcott,RoArquette,1
tonsalltv,CAGoBiz,1
tonsalltv,FOX40,6
tonsalltv,FilmCalifornia,1
tonsalltv,GavinNewsom,1
tonsalltv,NASRO_Info,1
tonsalltv,RepGaramendi,1
tonsalltv,Variety,1
tonsalltv,aboutKP,1
tonsalltv,eqca,1
tonycaps11,BI3acherReport,1
tonydindy,AJFoytRacing,1
tonyjcoffey,Chiefs,1
tonyjcoffey,RaysBaseball,1
tonyjcoffey,TBLightning,1
tonymeza_51,Dreamworks,1
tonymiros,olivianj,1
toosenseworth,Indy_Is_Here,2
topnotch36532,FCC,1
topnotch36532,FoxNews,3
toppromoter,EASTLA_NEWS,2
toranosukev,NH_Ledbetter,3
toranosukev,toranosukev,1
torchured2,torchured2,1
touch_my_face,AdaminskiNft,1
touch_my_face,ApeReunion,1
touch_my_face,Eaglesfaninoc,1
touch_my_face,G0x0x0x,1
touch_my_face,ItzGMRK,1
touch_my_face,MiaMi_Z17,1
touch_my_face,Parallax_,1
touch_my_face,RedBeardReales,1
touch_my_face,RugDoctorApe,1
touch_my_face,TheLordGigaChad,1
touch_my_face,WkdBullish,1
touch_my_face,chefgnar,1
touch_my_face,citykatznft,1
touch_my_face,platinumwhale,1
touch_my_face,resqfish04,1
touch_my_face,team_greeny,1
touch_my_face,timotheos73,1
touch_people,FoxNews,1
touch_people,nicholasbohac,2
touchedbyten,12News,1
touchedbyten,12NewsKrystle,2
townernation,CRBJ,1
towngirl772,marcuslemonis,2
toxicboi89,Variety,1
tphunter,CBSMornings,1
tphunter,tphunter,1
tplynch2,1011_News,6
tpwates,BeschlossDC,1
tpwates,CarnegieMellon,1
tr_williams,GOPLeader,1
tr_williams,HouseGOP,2
tracey_f,HeyItsHigbe,2
tracey_f,dsharden,1
tracy_forner,317lindquist,1
tracy_forner,IBJnews,1
tracy_forner,NBCNews,1
tracy_forner,erikdafforn,2
tracym,KSTP,1
trader_fabiano,Nabuconodosor_,2
transgirlinSEA,missidgie,2
trashpandawood,JakeHarris4,2
travellingarch,drroshnirao,2
tregrowr,DisMomKnows,2
tregrowr,Disneyland,1
tregrowr,Jodicab22,2
tregrowr,united,1
treshaus_t3,DanteAtkins,1
treshaus_t3,TheeHangryNurse,2
treyscott30,KySportsRadio,2
tridogg5250,AngelaAguilar__,1
tridogg5250,VogueMexico,2
trinandjess,vhighgemini,2
trishacullen,GOPChairwoman,2
trishacullen,JohnFBachman,1
trishacullen,MSNBC,1
trishacullen,Papi_B_Dubs,2
trishacullen,justinbaragona,1
trishacullen,laurenboebert,2
trishacullen,newsmax,2
trishinmn,POETSorg,1
trishinmn,mnbookarts,1
triskaggie,ClayTravis,2
tristechiquilla,xg1ngy,2
tristi_r14,jdaElPeriodista,1
trminally_trill,AggieRocha,2
trucker_Bills,Ash_Michelle27,2
truthchick2,TonyHussein4,2
trytostopJane,FoxNews,1
trytostopJane,TulsiGabbard,2
trytostopJane,kilmeade,2
tsellington,DiscussingFilm,2
tsliker,kilmeade,2
tstein74,URbsreddit,2
tstein74,karnsies817,1
tstotskySID,CleGuardians,1
ttfaraway,IndyCar,1
ttfaraway,WTHRcom,1
ttfaraway,fuboTV,1
ttrippG200,KCP30087709,1
ttwoodru,StephenKing,2
tuckfwitter0,GuardianUS,1
tuckfwitter0,HufflepuffLord,1
tuckfwitter0,Okie_LPC,2
tuckfwitter0,Simpson17866,1
turbodiesel300,YouTube,1
tvrepairex,WBTV_News,2
tw10327,Powie1965,1
tweet2thaChoir,wuttangclan,1
tweetsherri61,JewishResister,1
twiticity,GeorgeTakei,2
twiticity,SIfill_,2
twittter_mc,LeviFetterman,2
twosimpleideas_,BreitbartNews,2
twosimpleideas_,SchmittNYC,1
twosimpleideas_,angelaronnette,2
twosimpleideas_,newsmax,2
twosimpleideas_,tedcruz,2
twtoreason,AngryFedupVtr,1
twtoreason,MRiverlife,2
twtoreason,gregkellyusa,2
twtoreason,kilmeade,1
twwilliams,JennBradford777,2
txdesign72,Roadkillopera,2
txsactr,CrothRoth17,1
txsactr,nathaliejacoby1,2
tylercookielady,juliaioffe,2
tylernc1,CodyAlcorn,1
tylernc1,KendraKentWx,1
tylernc1,btrihy,1
tylernc1,foxcarolinanews,1
tylerphoto79,Cody_Phillips,2
tylerphoto79,RepMarkGreen,1
tylerphoto79,RoyWilhelm,1
tylerphoto79,sauteslut,1
tylertichenor84,MonocleFlyer,1
tylertichenor84,NikaMelkozerova,1
tylertichenor84,RepSwalwell,2
tylertichenor84,Sushithecat9,2
tyller4monterey,tyller4monterey,1
typefiend,lenubienne,2
tyrrell_allgood,Skrappalil,2
tzakrison,HPB_Surgeon,1
tzakrison,KemeCarter,2
tzakrison,PheoSurgeon,1
tzakrison,TraumaDocSF,1
tzakrison,UCSFDOM,1
tzakrison,UCSFGSResidency,1
tzakrison,UCSFHospitals,1
tzakrison,UCSFMSS,1
tzakrison,UCSFMedicine,1
tzakrison,UCSFODO,1
tzakrison,UCSFSurgery,1
tzakrison,WomenSurgeons,1
tzakrison,campbellmed22,1
tzakrison,tomcnguyen,1
uawdawg230,inland,1
ubnsrvd,MonicaCrowley,2
ucdvolkie,KTVU,1
uckema,SecVetAffairs,1
uckema,fanboy1956,2
uckema,metraraiI,1
uechi10000,LisaMarieBoothe,2
uechi10000,RonFilipkowski,2
ukalumnijack,Booker4KY,1
ukalumnijack,JDSHELBURNE,2
umadondada,angelayee,1
umichsieg,CraigDMauger,1
unIDedTypingObj,DarkOverord,1
unIDedTypingObj,LupisSicarius,2
uncamark,Antony_Blalock,1
uncamark,TVMoJoe,1
uncamark,lellingw,2
uncamark,vulture,1
uncannyMark,kvconner,1
underground0488,FOX2now,2
underground0488,mindset_168,2
uniformlady1,FoxNews,1
uniformlady1,GovAbbott,1
uniformlady1,RepMTG,1
uniformlady1,SWinstonWolkoff,2
uniformlady1,TomFitton,2
uniformlady1,ananavarro,2
uniformlady1,keribla,2
uniformlady1,rolandsmartin,2
united_raiders,nodqdotcom,1
upsohai,DonToliver,1
urracing2,Alison_Brassil,1
urracing2,ArrowfieldStud,3
urracing2,BreedingRacing,1
urracing2,CaroSearcc,1
urracing2,JohnOSheaRacing,2
urracing2,Milburn_Creek,2
urracing2,Paulmessara,1
urracing2,SheriffIskander,2
urracing2,TDNAusNZ,1
urracing2,anz_news,3
urracing2,aus_turf_club,1
urracing2,breednet,1
urracing2,brentonavdulla,1
urracing2,mmsnippets,2
urracing2,rs_bloodstock,1
urracing2,sallyegordon,1
urracing2,shbloodstock,2
usaFreeDumb,ABQPoliceChief,1
uskiwiblend,bennyjohnson,2
utliberal,CNN,1
utliberal,tafkam08,1
va_ellen,THR,1
vagelispapalex,kdd_news,1
vagelispapalex,teorionda,2
valentinavvelev,ElizCrowleyNYC,2
valentinavvelev,SamMellins,1
valentinavvelev,georgejoseph94,1
valentinavvelev,shawna_morlock,2
valerieponzio,EPTMaria,1
valerieponzio,elpasotimes,1
valley_of_steel,Telegraph,1
valricansteve,FoxNews,4
valricansteve,greggutfeld,1
vampinthecity,raissawriter,2
vanderzee68,allcurledup,2
vandoliers,KesslerTheater,1
vandoliers,vandoliers,1
vaniaandre_,AmPress,1
vaniaandre_,MaxPatino11,1
vanker,MarshaBlackburn,2
vdm_radio,VozdeAmerica,1
vdm_radio,vdm_radio,1
vegasdude83,debilu2,1
vegasdude83,theliamnissan,2
vende_diesel,CarlDia66529806,2
vende_diesel,HeraldWeekly,1
vendro2000,RJStadium,1
vendro2000,TBTimes_Bulls,2
venividiveech,CBSSportsMLB,1
veronicambn,politvidchannel,1
vhsandchillokc,slashfilm,1
vibeevaeeh,Pooooossaa,2
vibeevaeeh,themslaine,1
vibesmerchant,WestSeaWx,2
vickichance1,CherylC68532670,2
vickichance1,MaryLTrump,1
vijayasankarv,POTUS,1
vincentleon1,vincentleon1,1
violectrica,2020eScribbles,1
violectrica,JackPosobiec,1
violectrica,megynkelly,1
violectrica,pnjaban,2
violetigsaurus,SEALMacsgirl,1
violetigsaurus,The_PAWProject,2
viperstrike74,bonchieredstate,2
viperstrike74,varadmehta,3
visaforviolet,jefferyjonesus,1
visaforviolet,lastnightsdinnr,2
visaforviolet,thisismariat,2
visaforviolet,wildbirdfund,2
vishu49,Jduonline,1
vishu49,PTI_News,2
vishu49,RJDforIndia,1
vishu49,yadavakhilesh,1
vittorpia,CNN,1
vittorpia,FoxNews,1
vittorpia,GOP,1
vivian_glazier,cnnbrk,2
vmaughan3,mahirpiyarali,2
voldpheatman,DrewHLive,1
votejgr,KenRomeroCruz,1
votejgr,NHCSL,1
voteleahgriffin,NWPCWA,1
voteleahgriffin,Olgy,1
vpartysports,MLBONFOX,2
vpartysports,TimBrando,2
vpartysports,radiojoee,2
vtmobilewash,JaelenStrong,2
vtvt2020,DineshDSouza,2
wa2k_1999,BrianCoz,1
wa2k_1999,Connor_J_Hughes,1
wa2k_1999,RichCimini,1
wa2k_1999,ZackBlatt,1
wa2k_1999,andy_vasquez,1
wadeNYC,RJI,1
wadeNYC,mujschool,2
wafamaybe,AgrarianTrust,1
wafamaybe,CESA_News,1
wafamaybe,ENERGY,1
wafamaybe,GrowWithThePLUG,1
wafamaybe,brothermanifest,1
wafamaybe,wafamaybe,1
waffles2910,TheWilsonCenter,2
walkdownman,KPLC7News,2
walkingdeadgrll,jack_whiteswife,2
wallerABC7,BeschlossDC,1
wallerABC7,BillieO2,2
wallerABC7,MrTamhas,1
wallerABC7,axios,1
wallerABC7,maggieNYT,1
wallerABC7,mikeallen,1
wandaessler3,BLaw,2
wandaessler3,CawthornforNC,1
wandaessler3,MicahBock,2
wandaessler3,ZiloElGrande,2
wandaessler3,photoamericana,2
warddavide,WakeFB,1
wardkuma,kilmeade,2
wardslady,KETK,1
wardslady,KXAN_News,1
wardslady,OnPatrolK9,2
wardslady,cbsaustin,1
warren__terra,DavidCayJ,2
warren__terra,FoxNews,1
waschell,amyvaz3,2
waschell,neverfearstruth,1
washam_scott,LoveThisBar,1
washam_scott,willcain,2
wateruno,EhringDain,1
wateruno,c_cgottlieb,2
waterute,EvaMarie73,2
waterute,utedaddy,1
wavyphotog,WAVY_News,2
wayne9048,JeanPat32714142,2
wayneraasch8,PresidntTicTac,1
wba_simon,TheVan,2
wbaker0621,NIHAging,1
wbaker0621,PharmDerington,2
wbaker0621,adambress,1
wbaker0621,jordanbking,1
wcwyt,BreitbartNews,1
wcwyt,newtgingrich,2
wde_jeffro,MLB,1
wdiazberthiaume,RebelNewsOnline,1
wdwdisneyland7,YouTube,6
weatherchaser5,WestSeaWx,2
webcav1,CNBC,1
webcav1,FoxBusiness,1
webcav1,Lebeaucarnews,1
webcav1,Polestar_News,2
webcav1,SquawkCNBC,1
webcav1,SullyCNBC,1
webcav1,jpmorgan,1
webcentrick,BlairRIVALS,1
webcentrick,HawkeyeReport,1
webcentrick,HuesmannKyle,1
weekend3warrior,jimrosecircus1,1
weeklywheelnews,TarValonDark,1
weeklywheelnews,TheWheelOfTime,1
weeklywheelnews,WheelTalkShow,1
weeklywheelnews,outpostvfx,1
weezies94,whitetiger0203,1
weirdgardenerd,CBSNews,1
weirdgardenerd,thetzmurph,2
weissvolleyball,AustinHighVball,3
weissvolleyball,CoachB_Morgan,1
weissvolleyball,FlxAtx,13
weissvolleyball,GlennVolleyball,4
weissvolleyball,HHSHawkVball,3
weissvolleyball,KMACChuck,13
weissvolleyball,LakeBeltonHS,3
weissvolleyball,LeanderLionVB,3
weissvolleyball,PfISDAthletics,14
weissvolleyball,PrepDig,1
weissvolleyball,PrepDigTX,8
weissvolleyball,VYPE_Live,1
weissvolleyball,VistaRidgeVball,4
weissvolleyball,VypeATX,3
weissvolleyball,WeissFootball,4
weissvolleyball,WeissHighSchool,12
weissvolleyball,Weiss_ABC,8
weissvolleyball,_jmart15_,1
weissvolleyball,cpmorgan03,1
weissvolleyball,pfisd,1
weissvolleyball,takylabrown25,2
weissvolleyball,texasvbi,8
weissvolleyball,varsity_news,15
weissvolleyball,weissvolleyball,1
wembley67,gulf_news,2
wesderby,FFDP,1
wesderby,Megadeth,1
wesderby,MetalGoddessJen,2
wesderby,TheHuOfficial,1
wesderby,firefromthegods,1
wesderby,jessmonsilva,2
westforkwhiskey,IndyNowTV,1
westhart07,Jessicam6946,2
wetalkstartups,wetalkstartups,1
wgcu,SCCF_SWFL,1
whatopenot,CBSNews,2
whatopenot,MuellerSheWrote,1
whatopenot,joy_struck,2
whatopenot,mrhodes9,1
whec_eputnam,WHEC_ABielfeld,1
whec_eputnam,news10nbc,1
whereizshe,BarbraStreisand,2
whipkeymedia,benshapiro,2
whocaresright_,PeytonKMBC,2
whocaresright_,kmbc,1
whoisrico,rickhoward,2
whymevirgo,Apple,2
whysoserious2k3,SaltyCracker9,2
wiboy66,ARMYMOM062013,2
wildAhhNig,Longhorn78,2
wildAhhNig,Rap,2
wildcatbosky,cwt_news,2
wildnewyorkshow,BiologistDillon,2
wildnewyorkshow,GetToKnowNature,1
wildnewyorkshow,Juanco_Bravo,2
wildnewyorkshow,ackerman_celia,1
wildnewyorkshow,washingtonpost,1
will_palow,JerryTh12975799,2
will_palow,mmpadellan,1
willboydforAL,CleburneCounty,1
willboydforAL,Elect_PamHoward,2
willboydforAL,ccboe_news,1
willgraham13,1stFloorAudio,2
willianducham,MichelleABalog,2
willianducham,stephen_richer,1
willkennedynews,UWFFootball,1
willrue,DrOz,2
willsisskind,Jared_Carrabis,1
windsrfr68,AssaadRazzouk,1
wings71ny,gobills_norcal,2
winifredatwell,MRII_UGA,1
winifredatwell,georgiacenter,1
winifredatwell,ugaMMR,1
winn_jamar,Beastydoee_,1
winn_jamar,CoachRuggles,1
winn_jamar,CoachWratten,1
winn_jamar,Coach_Lee_Show,1
winn_jamar,PrepRedzoneMS,1
winn_jamar,SBLiveMS,1
winn_jamar,_CoachZo_,1
winn_jamar,bshields0244,1
winn_jamar,jermaine_keyes,1
winni_wolf,AdamSchefter,1
winsome_burnett,EBraeden,1
winsome_burnett,twingalstwo,2
wisejohnp,ATT,1
wisejohnp,verizonfios,1
wisejohnp,wisejohnp,1
wiseoldowl72,sam661187,2
wiser_wiz,OccupyDemocrats,1
wishartglass,tylerkingkade,1
wishingriver,youtubemusic,1
wizardfiz,jaccocharite,1
wizkeyginger,Demetrius82,2
wjcumetal,Wacken,1
wkjfurlong,RhondaAbrams,1
wlabovitz,wlabovitz,1
wmische9,KimJohnsonCFT,1
wnahim,CurryHicksSage,1
wnahim,coin2kfan,2
wneff,MapleLeafs,1
wnewera,vermontgmg,2
wokea55deadhead,mchooyah,2
wolfejeff,MarshaBlackburn,2
wondermann5,TheAdamSass,2
wonderousATX,MatthewBerryTMR,2
wonderousATX,NBCSEdgeFB,1
wonderousATX,NBCSports,1
wonderousATX,Rotoworld_NFL,1
wonderousATX,SNFonNBC,1
wonderousATX,peacockTV,1
wooten2488485,GoldenKnights,2
workbnbCEO,MacConwell,2
workbnbCEO,MainlineLeRon,2
workbnbCEO,OfficialBBrooks,2
workbnbCEO,Techstars,3
workbnbCEO,bakerthethird,3
workbnbCEO,sabakarimm,1
workwithclary,acrawfordtv,3
worldaaron,Murrowcenter,1
worldflood1,ABC,1
worldflood1,B52Malmet,2
worldflood1,DefenceHQ,1
worldflood1,JackDetsch,1
worldflood1,JayinKyiv,1
worldflood1,JulianRoepcke,1
worldflood1,KyivIndependent,1
worldflood1,TheDeadDistrict,2
worldflood1,UkraineNewsLive,2
worldflood1,WarMonitor3,3
worldflood1,bealejonathan,1
worldflood1,kyleruggles,1
worldflood1,lilygrutcher,2
worldflood1,serhey_hayday,1
worldmusicday_,CivicCentaur,1
worldmusicday_,joncoopertweets,2
wphsu,EmpireMaker2,1
wphsu,business,1
wphsu,wiley77,2
wpolocoaches,D3Direct,1
wpolocoaches,NCAA_Water_Polo,1
wpolocoaches,USAWP,1
wpolocoaches,wheatonlyons,1
wriggs13,Automotive_News,2
wriggs13,nytimes,2
wriggs13,politvidchannel,1
wrightON12922,USC_mikebohn,2
writer_noir,bennyjohnson,2
writtenbykelsey,CapMetroATX,1
writtenbykelsey,EvilMopacATX,2
writtenbykelsey,JustinAYoung,2
writtenbykelsey,KXAN_News,3
wscmings,News_3_Now,1
wscmings,ToddKunzTV,2
wscmings,localnews8,1
wtlocklear,bradbatt,2
wtlocklear,timburchett,1
wtpickens1,ukraine_world,1
wufeng75665466,PiCoreTeam,1
wufeng75665466,sanderrr819,1
wushuike,business,3
wyominghippie1,akamaggieak,1
wyominghippie1,wyominghippie1,1
xXxBoatManxXx,BonsensJoe,2
xXxBoatManxXx,LayneHeiny,1
xXxBoatManxXx,RonLiberi,1
xXxBoatManxXx,damonimani,1
x_therefore_y,AP,1
x_therefore_y,AZapruder,2
x_therefore_y,DanRather,1
x_therefore_y,FoxNews,1
x_therefore_y,StandingUp17,2
x_therefore_y,hohnhill,1
x_therefore_y,minnaugh_kim,1
xanthus_rotgut,xanthus_rotgut,11
xcellistax,ReaganFunFact,1
xclaim,FoxNews,2
xclaim,FoxNewsSunday,1
xclaim,GOP,1
xclaim,SenateGOP,1
xclaim,TheCallahanShow,1
xclaim,comcast,1
xclaim,kilmeade,1
xina,JonLemire,1
xkolbyxx,DailyRapFacts,1
xkolbyxx,siddiqsbs,1
xmanwalton,JoshEstes3,2
xmanwalton,LittleLeague,1
xmanwalton,PearlandLL,1
xmasboyvt,PeteWilliamsNBC,1
xmasboyvt,abigaildisney,2
xorogerharvey,RollingStone,1
xthiggs,FAMUSJGC82,2
xthiggs,JodieMena,1
xthiggs,KimGodwinTV,1
xthiggs,aaronmichaelday,1
xthiggs,kapsi1911,1
xthiggs,sorority1908,1
xwards,sherman_news,2
xxxamycakes,Halestorm,1
xxxamycakes,LZZYHALE,1
xxxamycakes,TPROfficial,1
xxxamycakes,taylormomsen,1
yaboyorange,OnTopicFeegs,2
yaboyrocklee_,Vibeforfights,1
yaboyrocklee_,stogieguy41,2
yahner_donrn,BigKong57,2
yamane_patricia,BillyC216,2
yamane_patricia,BretBaier,1
yamane_patricia,LindseyGrahamSC,1
yamane_patricia,SenSanders,1
yamane_patricia,foxnation,1
yamane_patricia,foxnewspolitics,1
yannstacy,ethelcofie,2
yates_dc,kilmeade,2
yawnworuoyog,DonLew87,2
yburyug,hemmcue,2
yinzerchemist,ActivateActivsm,2
yinzerchemist,Becca03839887,2
yinzerchemist,BeschlossDC,2
yinzerchemist,ClistonBrown,2
yinzerchemist,FoxNews,1
yinzerchemist,SullyCNBC,2
yinzerchemist,kilmeade,2
yinzerchemist,old_osc,1
yinzerchemist,pitt_fan51,2
yinzerchemist,steelercam,3
ymarathe,oneunderscore__,1
yobuaa,AliceMaySays,1
yobuaa,BBCBreaking,1
yobuaa,Florida_Fredd,2
yobuaa,leeinengland,1
yofabssss,Target,1
yogi_heathor,DonLew87,2
yogi_heathor,JVPehrson,1
youfat63,RevengeBunny,2
youfat63,bvanhoovan,1
youfat63,reddogsusie,1
youfat63,sachikoko,1
youlovejuice,0xLok1,2
youlovejuice,Allenbaez126,2
youlovejuice,DeGodsNFT,1
youlovejuice,Jbowes101,2
youlovejuice,cryptich1ck,1
youlovejuice,frootsnft,1
young_kimmie66,tlcss1973,4
youngblood_n,LatinoAmerMex,2
youngblood_n,MoPatriot_Shane,1
yourfavoriteXII,angelayee,1
yourgoodhealthc,DashDobrofsky,2
yourgoodhealthc,Hagisoffy,3
yourgoodhealthc,JohnCornyn,2
yourgoodhealthc,MLeeBaxter1,2
yourgoodhealthc,ReallyActivist,2
yourgoodhealthc,SteveGr40673824,2
yourgoodhealthc,TheRickWilson,1
yourgoodhealthc,laurenboebert,2
yourlockets,CashApp,1
yousefiaa,TimRunsHisMouth,1
ysguner,chocchildrens,1
yunkmom,colbertlateshow,1
yvonne226,Daughtry_News,2
yvonne226,Misdeal_Vestil,1
yvonne_erdmann,brithume,2
yzsmith,PolitiFact,2
z9bill,PattyMurray,1
zachdewd,nakayuji,2
zaeD1203,OfficialFBMA,1
zaimaginaries,FedOwned823,1
zaimaginaries,SenateGOP,1
zaimaginaries,logicsblade,2
zarena03,kylegriffin1,1
zatawa2,TheSovereign13,1
zatawa2,cjnas_,1
zatawa2,thebhlub,1
zatawa2,true0ptimist,2
zatawa2,yGabobe,1
zdruck07,DyjuanTatro,1
zdruck07,RobGeorge,2
zdyeates,jaycobbytel,1
zdyeates,sacbee_news,1
zebkoso,zebkoso,1
zenrae_yap,zenrae_yap,1
zgrier24,MaioccoNBCS,1
ziggakai,WakeFB,2
ziggakai,sam_hartman10,1
zshirwac1,ZaynabForSenate,1
zshirwac1,aurinmpls,2
zukeferd,925mlbfan,2
